,Environment,Algorithm,Goal,Seed,AUC,Experiment
0,transfer,DQN-ReLU-transfer-101,102,0,9.23,DQN-ReLU-transfer
1,transfer,DQN-ReLU-transfer-101,102,3,8.4,DQN-ReLU-transfer
2,transfer,DQN-ReLU-transfer-101,102,1,8.17,DQN-ReLU-transfer
3,transfer,DQN-ReLU-transfer-101,102,4,8.41,DQN-ReLU-transfer
4,transfer,DQN-ReLU-transfer-101,102,2,5.08,DQN-ReLU-transfer
5,transfer,DQN-ReLU-transfer-160,161,4,6.53,DQN-ReLU-transfer
6,transfer,DQN-ReLU-transfer-160,161,1,6.61,DQN-ReLU-transfer
7,transfer,DQN-ReLU-transfer-160,161,3,9.37,DQN-ReLU-transfer
8,transfer,DQN-ReLU-transfer-160,161,0,8.24,DQN-ReLU-transfer
9,transfer,DQN-ReLU-transfer-160,161,2,6.79,DQN-ReLU-transfer
10,transfer,DQN-ReLU-vf5-transfer-65,66,3,9.03,DQN-ReLU-vf5-transfer
11,transfer,DQN-ReLU-vf5-transfer-65,66,0,9.98,DQN-ReLU-vf5-transfer
12,transfer,DQN-ReLU-vf5-transfer-65,66,1,9.83,DQN-ReLU-vf5-transfer
13,transfer,DQN-ReLU-vf5-transfer-65,66,2,9.72,DQN-ReLU-vf5-transfer
14,transfer,DQN-ReLU-vf5-transfer-65,66,4,9.96,DQN-ReLU-vf5-transfer
15,transfer,DQN-ReLU-transfer-141,142,2,8.690000000000001,DQN-ReLU-transfer
16,transfer,DQN-ReLU-transfer-141,142,4,8.82,DQN-ReLU-transfer
17,transfer,DQN-ReLU-transfer-141,142,0,9.55,DQN-ReLU-transfer
18,transfer,DQN-ReLU-transfer-141,142,3,9.33,DQN-ReLU-transfer
19,transfer,DQN-ReLU-transfer-141,142,1,8.31,DQN-ReLU-transfer
20,transfer,DQN-ReLU-vf5-transfer-133,134,2,9.08,DQN-ReLU-vf5-transfer
21,transfer,DQN-ReLU-vf5-transfer-133,134,0,9.84,DQN-ReLU-vf5-transfer
22,transfer,DQN-ReLU-vf5-transfer-133,134,4,9.89,DQN-ReLU-vf5-transfer
23,transfer,DQN-ReLU-vf5-transfer-133,134,3,9.78,DQN-ReLU-vf5-transfer
24,transfer,DQN-ReLU-vf5-transfer-133,134,1,9.41,DQN-ReLU-vf5-transfer
25,transfer,DQN-ReLU-vf5-transfer-25,26,2,10.0,DQN-ReLU-vf5-transfer
26,transfer,DQN-ReLU-vf5-transfer-25,26,3,10.0,DQN-ReLU-vf5-transfer
27,transfer,DQN-ReLU-vf5-transfer-25,26,0,9.99,DQN-ReLU-vf5-transfer
28,transfer,DQN-ReLU-vf5-transfer-25,26,4,10.0,DQN-ReLU-vf5-transfer
29,transfer,DQN-ReLU-vf5-transfer-25,26,1,10.0,DQN-ReLU-vf5-transfer
30,transfer,DQN-ReLU-vf5-transfer-153,154,4,9.51,DQN-ReLU-vf5-transfer
31,transfer,DQN-ReLU-vf5-transfer-153,154,0,9.54,DQN-ReLU-vf5-transfer
32,transfer,DQN-ReLU-vf5-transfer-153,154,3,8.31,DQN-ReLU-vf5-transfer
33,transfer,DQN-ReLU-vf5-transfer-153,154,2,9.57,DQN-ReLU-vf5-transfer
34,transfer,DQN-ReLU-vf5-transfer-153,154,1,9.08,DQN-ReLU-vf5-transfer
35,transfer,DQN-ReLU-vf5-transfer-168,169,4,9.18,DQN-ReLU-vf5-transfer
36,transfer,DQN-ReLU-vf5-transfer-168,169,3,9.27,DQN-ReLU-vf5-transfer
37,transfer,DQN-ReLU-vf5-transfer-168,169,0,10.0,DQN-ReLU-vf5-transfer
38,transfer,DQN-ReLU-vf5-transfer-168,169,1,8.73,DQN-ReLU-vf5-transfer
39,transfer,DQN-ReLU-vf5-transfer-168,169,2,9.15,DQN-ReLU-vf5-transfer
40,transfer,DQN-ReLU-vf5-transfer-145,146,2,9.17,DQN-ReLU-vf5-transfer
41,transfer,DQN-ReLU-vf5-transfer-145,146,0,9.07,DQN-ReLU-vf5-transfer
42,transfer,DQN-ReLU-vf5-transfer-145,146,3,10.0,DQN-ReLU-vf5-transfer
43,transfer,DQN-ReLU-vf5-transfer-145,146,4,9.94,DQN-ReLU-vf5-transfer
44,transfer,DQN-ReLU-vf5-transfer-145,146,1,10.0,DQN-ReLU-vf5-transfer
45,transfer,DQN-ReLU-vf5-transfer-124,125,4,9.75,DQN-ReLU-vf5-transfer
46,transfer,DQN-ReLU-vf5-transfer-124,125,1,8.04,DQN-ReLU-vf5-transfer
47,transfer,DQN-ReLU-vf5-transfer-124,125,2,9.37,DQN-ReLU-vf5-transfer
48,transfer,DQN-ReLU-vf5-transfer-124,125,0,9.77,DQN-ReLU-vf5-transfer
49,transfer,DQN-ReLU-vf5-transfer-124,125,3,9.94,DQN-ReLU-vf5-transfer
50,transfer,DQN-ReLU-transfer-21,22,3,9.99,DQN-ReLU-transfer
51,transfer,DQN-ReLU-transfer-21,22,2,10.0,DQN-ReLU-transfer
52,transfer,DQN-ReLU-transfer-21,22,1,10.0,DQN-ReLU-transfer
53,transfer,DQN-ReLU-transfer-21,22,4,9.98,DQN-ReLU-transfer
54,transfer,DQN-ReLU-transfer-21,22,0,9.98,DQN-ReLU-transfer
55,transfer,DQN-ReLU-vf5-transfer-86,87,4,9.4,DQN-ReLU-vf5-transfer
56,transfer,DQN-ReLU-vf5-transfer-86,87,2,8.92,DQN-ReLU-vf5-transfer
57,transfer,DQN-ReLU-vf5-transfer-86,87,0,9.04,DQN-ReLU-vf5-transfer
58,transfer,DQN-ReLU-vf5-transfer-86,87,1,9.66,DQN-ReLU-vf5-transfer
59,transfer,DQN-ReLU-vf5-transfer-86,87,3,9.24,DQN-ReLU-vf5-transfer
60,transfer,DQN-ReLU-transfer-117,118,2,9.95,DQN-ReLU-transfer
61,transfer,DQN-ReLU-transfer-117,118,0,9.13,DQN-ReLU-transfer
62,transfer,DQN-ReLU-transfer-117,118,4,9.88,DQN-ReLU-transfer
63,transfer,DQN-ReLU-transfer-117,118,1,9.22,DQN-ReLU-transfer
64,transfer,DQN-ReLU-transfer-117,118,3,9.66,DQN-ReLU-transfer
65,transfer,DQN-ReLU-transfer-16,17,2,9.98,DQN-ReLU-transfer
66,transfer,DQN-ReLU-transfer-16,17,4,9.99,DQN-ReLU-transfer
67,transfer,DQN-ReLU-transfer-16,17,0,10.0,DQN-ReLU-transfer
68,transfer,DQN-ReLU-transfer-16,17,3,9.99,DQN-ReLU-transfer
69,transfer,DQN-ReLU-transfer-16,17,1,10.0,DQN-ReLU-transfer
70,transfer,DQN-ReLU-transfer-120,121,2,9.18,DQN-ReLU-transfer
71,transfer,DQN-ReLU-transfer-120,121,4,9.17,DQN-ReLU-transfer
72,transfer,DQN-ReLU-transfer-120,121,0,9.14,DQN-ReLU-transfer
73,transfer,DQN-ReLU-transfer-120,121,1,7.96,DQN-ReLU-transfer
74,transfer,DQN-ReLU-transfer-120,121,3,9.71,DQN-ReLU-transfer
75,transfer,DQN-ReLU-transfer-61,62,0,8.03,DQN-ReLU-transfer
76,transfer,DQN-ReLU-transfer-61,62,4,8.44,DQN-ReLU-transfer
77,transfer,DQN-ReLU-transfer-61,62,1,8.22,DQN-ReLU-transfer
78,transfer,DQN-ReLU-transfer-61,62,2,5.08,DQN-ReLU-transfer
79,transfer,DQN-ReLU-transfer-61,62,3,8.39,DQN-ReLU-transfer
80,transfer,DQN-ReLU-vf5-transfer-105,106,4,8.92,DQN-ReLU-vf5-transfer
81,transfer,DQN-ReLU-vf5-transfer-105,106,1,9.53,DQN-ReLU-vf5-transfer
82,transfer,DQN-ReLU-vf5-transfer-105,106,3,9.64,DQN-ReLU-vf5-transfer
83,transfer,DQN-ReLU-vf5-transfer-105,106,2,7.61,DQN-ReLU-vf5-transfer
84,transfer,DQN-ReLU-vf5-transfer-105,106,0,9.1,DQN-ReLU-vf5-transfer
85,transfer,DQN-ReLU-vf5-transfer-149,150,4,9.98,DQN-ReLU-vf5-transfer
86,transfer,DQN-ReLU-vf5-transfer-149,150,0,9.19,DQN-ReLU-vf5-transfer
87,transfer,DQN-ReLU-vf5-transfer-149,150,1,9.95,DQN-ReLU-vf5-transfer
88,transfer,DQN-ReLU-vf5-transfer-149,150,3,10.0,DQN-ReLU-vf5-transfer
89,transfer,DQN-ReLU-vf5-transfer-149,150,2,9.09,DQN-ReLU-vf5-transfer
90,transfer,DQN-ReLU-transfer-95,96,3,8.24,DQN-ReLU-transfer
91,transfer,DQN-ReLU-transfer-95,96,1,8.02,DQN-ReLU-transfer
92,transfer,DQN-ReLU-transfer-95,96,4,4.97,DQN-ReLU-transfer
93,transfer,DQN-ReLU-transfer-95,96,2,2.01,DQN-ReLU-transfer
94,transfer,DQN-ReLU-transfer-95,96,0,9.24,DQN-ReLU-transfer
95,transfer,DQN-ReLU-vf5-transfer-2,3,1,9.99,DQN-ReLU-vf5-transfer
96,transfer,DQN-ReLU-vf5-transfer-2,3,4,9.63,DQN-ReLU-vf5-transfer
97,transfer,DQN-ReLU-vf5-transfer-2,3,0,10.0,DQN-ReLU-vf5-transfer
98,transfer,DQN-ReLU-vf5-transfer-2,3,3,9.87,DQN-ReLU-vf5-transfer
99,transfer,DQN-ReLU-vf5-transfer-2,3,2,9.97,DQN-ReLU-vf5-transfer
100,transfer,DQN-ReLU-vf5-transfer-48,49,4,10.0,DQN-ReLU-vf5-transfer
101,transfer,DQN-ReLU-vf5-transfer-48,49,1,10.0,DQN-ReLU-vf5-transfer
102,transfer,DQN-ReLU-vf5-transfer-48,49,0,9.95,DQN-ReLU-vf5-transfer
103,transfer,DQN-ReLU-vf5-transfer-48,49,3,10.0,DQN-ReLU-vf5-transfer
104,transfer,DQN-ReLU-vf5-transfer-48,49,2,10.0,DQN-ReLU-vf5-transfer
105,transfer,DQN-ReLU-vf5-transfer-12,13,3,9.93,DQN-ReLU-vf5-transfer
106,transfer,DQN-ReLU-vf5-transfer-12,13,1,10.0,DQN-ReLU-vf5-transfer
107,transfer,DQN-ReLU-vf5-transfer-12,13,0,10.0,DQN-ReLU-vf5-transfer
108,transfer,DQN-ReLU-vf5-transfer-12,13,4,10.0,DQN-ReLU-vf5-transfer
109,transfer,DQN-ReLU-vf5-transfer-12,13,2,10.0,DQN-ReLU-vf5-transfer
110,transfer,DQN-ReLU-vf5-transfer-164,165,0,9.99,DQN-ReLU-vf5-transfer
111,transfer,DQN-ReLU-vf5-transfer-164,165,1,9.03,DQN-ReLU-vf5-transfer
112,transfer,DQN-ReLU-vf5-transfer-164,165,2,9.16,DQN-ReLU-vf5-transfer
113,transfer,DQN-ReLU-vf5-transfer-164,165,4,9.71,DQN-ReLU-vf5-transfer
114,transfer,DQN-ReLU-vf5-transfer-164,165,3,9.74,DQN-ReLU-vf5-transfer
115,transfer,DQN-ReLU-vf5-transfer-109,110,4,9.91,DQN-ReLU-vf5-transfer
116,transfer,DQN-ReLU-vf5-transfer-109,110,1,10.0,DQN-ReLU-vf5-transfer
117,transfer,DQN-ReLU-vf5-transfer-109,110,2,9.46,DQN-ReLU-vf5-transfer
118,transfer,DQN-ReLU-vf5-transfer-109,110,0,9.15,DQN-ReLU-vf5-transfer
119,transfer,DQN-ReLU-vf5-transfer-109,110,3,9.88,DQN-ReLU-vf5-transfer
120,transfer,DQN-ReLU-transfer-99,100,4,3.86,DQN-ReLU-transfer
121,transfer,DQN-ReLU-transfer-99,100,0,8.55,DQN-ReLU-transfer
122,transfer,DQN-ReLU-transfer-99,100,2,4.21,DQN-ReLU-transfer
123,transfer,DQN-ReLU-transfer-99,100,1,8.75,DQN-ReLU-transfer
124,transfer,DQN-ReLU-transfer-99,100,3,8.01,DQN-ReLU-transfer
125,transfer,DQN-ReLU-transfer-137,138,3,2.63,DQN-ReLU-transfer
126,transfer,DQN-ReLU-transfer-137,138,4,0.98,DQN-ReLU-transfer
127,transfer,DQN-ReLU-transfer-137,138,1,4.63,DQN-ReLU-transfer
128,transfer,DQN-ReLU-transfer-137,138,0,7.82,DQN-ReLU-transfer
129,transfer,DQN-ReLU-transfer-137,138,2,7.26,DQN-ReLU-transfer
130,transfer,DQN-ReLU-transfer-94,95,0,9.32,DQN-ReLU-transfer
131,transfer,DQN-ReLU-transfer-94,95,4,8.57,DQN-ReLU-transfer
132,transfer,DQN-ReLU-transfer-94,95,1,8.27,DQN-ReLU-transfer
133,transfer,DQN-ReLU-transfer-94,95,3,9.2,DQN-ReLU-transfer
134,transfer,DQN-ReLU-transfer-94,95,2,6.6,DQN-ReLU-transfer
135,transfer,DQN-ReLU-vf5-transfer-112,113,4,9.38,DQN-ReLU-vf5-transfer
136,transfer,DQN-ReLU-vf5-transfer-112,113,2,7.6,DQN-ReLU-vf5-transfer
137,transfer,DQN-ReLU-vf5-transfer-112,113,0,9.99,DQN-ReLU-vf5-transfer
138,transfer,DQN-ReLU-vf5-transfer-112,113,1,8.21,DQN-ReLU-vf5-transfer
139,transfer,DQN-ReLU-vf5-transfer-112,113,3,9.92,DQN-ReLU-vf5-transfer
140,transfer,DQN-ReLU-transfer-40,41,2,9.99,DQN-ReLU-transfer
141,transfer,DQN-ReLU-transfer-40,41,4,9.99,DQN-ReLU-transfer
142,transfer,DQN-ReLU-transfer-40,41,1,9.95,DQN-ReLU-transfer
143,transfer,DQN-ReLU-transfer-40,41,3,10.0,DQN-ReLU-transfer
144,transfer,DQN-ReLU-transfer-40,41,0,9.78,DQN-ReLU-transfer
145,transfer,DQN-ReLU-transfer-98,99,2,0.97,DQN-ReLU-transfer
146,transfer,DQN-ReLU-transfer-98,99,3,5.2,DQN-ReLU-transfer
147,transfer,DQN-ReLU-transfer-98,99,4,1.86,DQN-ReLU-transfer
148,transfer,DQN-ReLU-transfer-98,99,0,9.3,DQN-ReLU-transfer
149,transfer,DQN-ReLU-transfer-98,99,1,7.02,DQN-ReLU-transfer
150,transfer,DQN-ReLU-transfer-0,1,2,9.96,DQN-ReLU-transfer
151,transfer,DQN-ReLU-transfer-0,1,0,10.0,DQN-ReLU-transfer
152,transfer,DQN-ReLU-transfer-0,1,4,10.0,DQN-ReLU-transfer
153,transfer,DQN-ReLU-transfer-0,1,3,10.0,DQN-ReLU-transfer
154,transfer,DQN-ReLU-transfer-0,1,1,9.99,DQN-ReLU-transfer
155,transfer,DQN-ReLU-transfer-41,42,1,9.75,DQN-ReLU-transfer
156,transfer,DQN-ReLU-transfer-41,42,4,9.99,DQN-ReLU-transfer
157,transfer,DQN-ReLU-transfer-41,42,0,10.0,DQN-ReLU-transfer
158,transfer,DQN-ReLU-transfer-41,42,3,9.96,DQN-ReLU-transfer
159,transfer,DQN-ReLU-transfer-41,42,2,9.83,DQN-ReLU-transfer
160,transfer,DQN-ReLU-vf5-transfer-72,73,4,10.0,DQN-ReLU-vf5-transfer
161,transfer,DQN-ReLU-vf5-transfer-72,73,0,10.0,DQN-ReLU-vf5-transfer
162,transfer,DQN-ReLU-vf5-transfer-72,73,1,10.0,DQN-ReLU-vf5-transfer
163,transfer,DQN-ReLU-vf5-transfer-72,73,3,10.0,DQN-ReLU-vf5-transfer
164,transfer,DQN-ReLU-vf5-transfer-72,73,2,10.0,DQN-ReLU-vf5-transfer
165,transfer,DQN-ReLU-vf5-transfer-113,114,3,9.03,DQN-ReLU-vf5-transfer
166,transfer,DQN-ReLU-vf5-transfer-113,114,4,10.0,DQN-ReLU-vf5-transfer
167,transfer,DQN-ReLU-vf5-transfer-113,114,2,9.0,DQN-ReLU-vf5-transfer
168,transfer,DQN-ReLU-vf5-transfer-113,114,1,9.11,DQN-ReLU-vf5-transfer
169,transfer,DQN-ReLU-vf5-transfer-113,114,0,9.54,DQN-ReLU-vf5-transfer
170,transfer,DQN-ReLU-transfer-1,2,4,10.0,DQN-ReLU-transfer
171,transfer,DQN-ReLU-transfer-1,2,2,9.99,DQN-ReLU-transfer
172,transfer,DQN-ReLU-transfer-1,2,0,10.0,DQN-ReLU-transfer
173,transfer,DQN-ReLU-transfer-1,2,1,9.8,DQN-ReLU-transfer
174,transfer,DQN-ReLU-transfer-1,2,3,10.0,DQN-ReLU-transfer
175,transfer,DQN-ReLU-vf5-transfer-91,92,4,9.07,DQN-ReLU-vf5-transfer
176,transfer,DQN-ReLU-vf5-transfer-91,92,2,9.98,DQN-ReLU-vf5-transfer
177,transfer,DQN-ReLU-vf5-transfer-91,92,0,10.0,DQN-ReLU-vf5-transfer
178,transfer,DQN-ReLU-vf5-transfer-91,92,1,10.0,DQN-ReLU-vf5-transfer
179,transfer,DQN-ReLU-vf5-transfer-91,92,3,10.0,DQN-ReLU-vf5-transfer
180,transfer,DQN-ReLU-vf5-transfer-128,129,2,9.39,DQN-ReLU-vf5-transfer
181,transfer,DQN-ReLU-vf5-transfer-128,129,1,9.93,DQN-ReLU-vf5-transfer
182,transfer,DQN-ReLU-vf5-transfer-128,129,3,9.99,DQN-ReLU-vf5-transfer
183,transfer,DQN-ReLU-vf5-transfer-128,129,4,9.99,DQN-ReLU-vf5-transfer
184,transfer,DQN-ReLU-vf5-transfer-128,129,0,10.0,DQN-ReLU-vf5-transfer
185,transfer,DQN-ReLU-vf5-transfer-73,74,0,9.29,DQN-ReLU-vf5-transfer
186,transfer,DQN-ReLU-vf5-transfer-73,74,1,10.0,DQN-ReLU-vf5-transfer
187,transfer,DQN-ReLU-vf5-transfer-73,74,4,10.0,DQN-ReLU-vf5-transfer
188,transfer,DQN-ReLU-vf5-transfer-73,74,2,9.16,DQN-ReLU-vf5-transfer
189,transfer,DQN-ReLU-vf5-transfer-73,74,3,10.0,DQN-ReLU-vf5-transfer
190,transfer,DQN-ReLU-transfer-136,137,1,5.720000000000001,DQN-ReLU-transfer
191,transfer,DQN-ReLU-transfer-136,137,0,7.3,DQN-ReLU-transfer
192,transfer,DQN-ReLU-transfer-136,137,4,5.53,DQN-ReLU-transfer
193,transfer,DQN-ReLU-transfer-136,137,2,5.84,DQN-ReLU-transfer
194,transfer,DQN-ReLU-transfer-136,137,3,7.31,DQN-ReLU-transfer
195,transfer,DQN-ReLU-vf5-transfer-3,4,2,9.99,DQN-ReLU-vf5-transfer
196,transfer,DQN-ReLU-vf5-transfer-3,4,1,10.0,DQN-ReLU-vf5-transfer
197,transfer,DQN-ReLU-vf5-transfer-3,4,0,10.0,DQN-ReLU-vf5-transfer
198,transfer,DQN-ReLU-vf5-transfer-3,4,4,10.0,DQN-ReLU-vf5-transfer
199,transfer,DQN-ReLU-vf5-transfer-3,4,3,9.13,DQN-ReLU-vf5-transfer
200,transfer,DQN-ReLU-vf5-transfer-90,91,1,8.72,DQN-ReLU-vf5-transfer
201,transfer,DQN-ReLU-vf5-transfer-90,91,4,9.38,DQN-ReLU-vf5-transfer
202,transfer,DQN-ReLU-vf5-transfer-90,91,2,9.0,DQN-ReLU-vf5-transfer
203,transfer,DQN-ReLU-vf5-transfer-90,91,0,9.62,DQN-ReLU-vf5-transfer
204,transfer,DQN-ReLU-vf5-transfer-90,91,3,9.94,DQN-ReLU-vf5-transfer
205,transfer,DQN-ReLU-transfer-76,77,1,9.53,DQN-ReLU-transfer
206,transfer,DQN-ReLU-transfer-76,77,2,8.71,DQN-ReLU-transfer
207,transfer,DQN-ReLU-transfer-76,77,4,9.11,DQN-ReLU-transfer
208,transfer,DQN-ReLU-transfer-76,77,0,9.95,DQN-ReLU-transfer
209,transfer,DQN-ReLU-transfer-76,77,3,9.04,DQN-ReLU-transfer
210,transfer,DQN-ReLU-transfer-121,122,1,8.35,DQN-ReLU-transfer
211,transfer,DQN-ReLU-transfer-121,122,0,9.17,DQN-ReLU-transfer
212,transfer,DQN-ReLU-transfer-121,122,4,9.06,DQN-ReLU-transfer
213,transfer,DQN-ReLU-transfer-121,122,2,9.64,DQN-ReLU-transfer
214,transfer,DQN-ReLU-transfer-121,122,3,9.68,DQN-ReLU-transfer
215,transfer,DQN-ReLU-transfer-156,157,3,5.32,DQN-ReLU-transfer
216,transfer,DQN-ReLU-transfer-156,157,0,6.74,DQN-ReLU-transfer
217,transfer,DQN-ReLU-transfer-156,157,1,3.01,DQN-ReLU-transfer
218,transfer,DQN-ReLU-transfer-156,157,4,2.09,DQN-ReLU-transfer
219,transfer,DQN-ReLU-transfer-156,157,2,1.7400000000000002,DQN-ReLU-transfer
220,transfer,DQN-ReLU-transfer-77,78,2,3.13,DQN-ReLU-transfer
221,transfer,DQN-ReLU-transfer-77,78,0,8.780000000000001,DQN-ReLU-transfer
222,transfer,DQN-ReLU-transfer-77,78,3,8.99,DQN-ReLU-transfer
223,transfer,DQN-ReLU-transfer-77,78,4,8.01,DQN-ReLU-transfer
224,transfer,DQN-ReLU-transfer-77,78,1,8.42,DQN-ReLU-transfer
225,transfer,DQN-ReLU-vf5-transfer-44,45,4,10.0,DQN-ReLU-vf5-transfer
226,transfer,DQN-ReLU-vf5-transfer-44,45,3,9.97,DQN-ReLU-vf5-transfer
227,transfer,DQN-ReLU-vf5-transfer-44,45,0,9.06,DQN-ReLU-vf5-transfer
228,transfer,DQN-ReLU-vf5-transfer-44,45,2,9.96,DQN-ReLU-vf5-transfer
229,transfer,DQN-ReLU-vf5-transfer-44,45,1,10.0,DQN-ReLU-vf5-transfer
230,transfer,DQN-ReLU-transfer-161,162,0,8.9,DQN-ReLU-transfer
231,transfer,DQN-ReLU-transfer-161,162,2,8.01,DQN-ReLU-transfer
232,transfer,DQN-ReLU-transfer-161,162,1,9.09,DQN-ReLU-transfer
233,transfer,DQN-ReLU-transfer-161,162,4,8.57,DQN-ReLU-transfer
234,transfer,DQN-ReLU-transfer-161,162,3,8.82,DQN-ReLU-transfer
235,transfer,DQN-ReLU-vf5-transfer-129,130,4,9.41,DQN-ReLU-vf5-transfer
236,transfer,DQN-ReLU-vf5-transfer-129,130,3,9.41,DQN-ReLU-vf5-transfer
237,transfer,DQN-ReLU-vf5-transfer-129,130,0,10.0,DQN-ReLU-vf5-transfer
238,transfer,DQN-ReLU-vf5-transfer-129,130,1,9.27,DQN-ReLU-vf5-transfer
239,transfer,DQN-ReLU-vf5-transfer-129,130,2,9.99,DQN-ReLU-vf5-transfer
240,transfer,DQN-ReLU-transfer-157,158,0,9.43,DQN-ReLU-transfer
241,transfer,DQN-ReLU-transfer-157,158,1,9.86,DQN-ReLU-transfer
242,transfer,DQN-ReLU-transfer-157,158,2,9.83,DQN-ReLU-transfer
243,transfer,DQN-ReLU-transfer-157,158,4,8.7,DQN-ReLU-transfer
244,transfer,DQN-ReLU-transfer-157,158,3,9.18,DQN-ReLU-transfer
245,transfer,DQN-ReLU-vf5-transfer-165,166,2,10.0,DQN-ReLU-vf5-transfer
246,transfer,DQN-ReLU-vf5-transfer-165,166,1,10.0,DQN-ReLU-vf5-transfer
247,transfer,DQN-ReLU-vf5-transfer-165,166,4,9.99,DQN-ReLU-vf5-transfer
248,transfer,DQN-ReLU-vf5-transfer-165,166,3,9.75,DQN-ReLU-vf5-transfer
249,transfer,DQN-ReLU-vf5-transfer-165,166,0,9.96,DQN-ReLU-vf5-transfer
250,transfer,DQN-ReLU-transfer-83,84,2,3.57,DQN-ReLU-transfer
251,transfer,DQN-ReLU-transfer-83,84,4,2.26,DQN-ReLU-transfer
252,transfer,DQN-ReLU-transfer-83,84,3,9.24,DQN-ReLU-transfer
253,transfer,DQN-ReLU-transfer-83,84,0,8.870000000000001,DQN-ReLU-transfer
254,transfer,DQN-ReLU-transfer-83,84,1,8.02,DQN-ReLU-transfer
255,transfer,DQN-ReLU-vf5-transfer-64,65,4,9.95,DQN-ReLU-vf5-transfer
256,transfer,DQN-ReLU-vf5-transfer-64,65,0,10.0,DQN-ReLU-vf5-transfer
257,transfer,DQN-ReLU-vf5-transfer-64,65,2,8.22,DQN-ReLU-vf5-transfer
258,transfer,DQN-ReLU-vf5-transfer-64,65,1,9.43,DQN-ReLU-vf5-transfer
259,transfer,DQN-ReLU-vf5-transfer-64,65,3,9.29,DQN-ReLU-vf5-transfer
260,transfer,DQN-ReLU-transfer-17,18,2,9.94,DQN-ReLU-transfer
261,transfer,DQN-ReLU-transfer-17,18,3,10.0,DQN-ReLU-transfer
262,transfer,DQN-ReLU-transfer-17,18,4,9.97,DQN-ReLU-transfer
263,transfer,DQN-ReLU-transfer-17,18,0,10.0,DQN-ReLU-transfer
264,transfer,DQN-ReLU-transfer-17,18,1,10.0,DQN-ReLU-transfer
265,transfer,DQN-ReLU-vf5-transfer-125,126,0,9.57,DQN-ReLU-vf5-transfer
266,transfer,DQN-ReLU-vf5-transfer-125,126,1,7.21,DQN-ReLU-vf5-transfer
267,transfer,DQN-ReLU-vf5-transfer-125,126,4,9.43,DQN-ReLU-vf5-transfer
268,transfer,DQN-ReLU-vf5-transfer-125,126,2,8.79,DQN-ReLU-vf5-transfer
269,transfer,DQN-ReLU-vf5-transfer-125,126,3,9.37,DQN-ReLU-vf5-transfer
270,transfer,DQN-ReLU-vf5-transfer-45,46,2,9.15,DQN-ReLU-vf5-transfer
271,transfer,DQN-ReLU-vf5-transfer-45,46,4,9.0,DQN-ReLU-vf5-transfer
272,transfer,DQN-ReLU-vf5-transfer-45,46,1,10.0,DQN-ReLU-vf5-transfer
273,transfer,DQN-ReLU-vf5-transfer-45,46,3,9.9,DQN-ReLU-vf5-transfer
274,transfer,DQN-ReLU-vf5-transfer-45,46,0,9.73,DQN-ReLU-vf5-transfer
275,transfer,DQN-ReLU-vf5-transfer-24,25,3,9.99,DQN-ReLU-vf5-transfer
276,transfer,DQN-ReLU-vf5-transfer-24,25,4,9.97,DQN-ReLU-vf5-transfer
277,transfer,DQN-ReLU-vf5-transfer-24,25,2,10.0,DQN-ReLU-vf5-transfer
278,transfer,DQN-ReLU-vf5-transfer-24,25,0,9.6,DQN-ReLU-vf5-transfer
279,transfer,DQN-ReLU-vf5-transfer-24,25,1,10.0,DQN-ReLU-vf5-transfer
280,transfer,DQN-ReLU-vf5-transfer-132,133,4,10.0,DQN-ReLU-vf5-transfer
281,transfer,DQN-ReLU-vf5-transfer-132,133,1,9.99,DQN-ReLU-vf5-transfer
282,transfer,DQN-ReLU-vf5-transfer-132,133,0,9.07,DQN-ReLU-vf5-transfer
283,transfer,DQN-ReLU-vf5-transfer-132,133,3,10.0,DQN-ReLU-vf5-transfer
284,transfer,DQN-ReLU-vf5-transfer-132,133,2,10.0,DQN-ReLU-vf5-transfer
285,transfer,DQN-ReLU-vf5-transfer-28,29,0,9.22,DQN-ReLU-vf5-transfer
286,transfer,DQN-ReLU-vf5-transfer-28,29,3,10.0,DQN-ReLU-vf5-transfer
287,transfer,DQN-ReLU-vf5-transfer-28,29,4,9.78,DQN-ReLU-vf5-transfer
288,transfer,DQN-ReLU-vf5-transfer-28,29,1,9.83,DQN-ReLU-vf5-transfer
289,transfer,DQN-ReLU-vf5-transfer-28,29,2,10.0,DQN-ReLU-vf5-transfer
290,transfer,DQN-ReLU-transfer-60,61,2,8.58,DQN-ReLU-transfer
291,transfer,DQN-ReLU-transfer-60,61,4,9.28,DQN-ReLU-transfer
292,transfer,DQN-ReLU-transfer-60,61,3,9.2,DQN-ReLU-transfer
293,transfer,DQN-ReLU-transfer-60,61,1,9.03,DQN-ReLU-transfer
294,transfer,DQN-ReLU-transfer-60,61,0,8.25,DQN-ReLU-transfer
295,transfer,DQN-ReLU-vf5-transfer-68,69,3,10.0,DQN-ReLU-vf5-transfer
296,transfer,DQN-ReLU-vf5-transfer-68,69,0,9.74,DQN-ReLU-vf5-transfer
297,transfer,DQN-ReLU-vf5-transfer-68,69,1,9.99,DQN-ReLU-vf5-transfer
298,transfer,DQN-ReLU-vf5-transfer-68,69,4,8.61,DQN-ReLU-vf5-transfer
299,transfer,DQN-ReLU-vf5-transfer-68,69,2,9.96,DQN-ReLU-vf5-transfer
300,transfer,DQN-ReLU-vf5-transfer-13,14,0,10.0,DQN-ReLU-vf5-transfer
301,transfer,DQN-ReLU-vf5-transfer-13,14,4,10.0,DQN-ReLU-vf5-transfer
302,transfer,DQN-ReLU-vf5-transfer-13,14,1,10.0,DQN-ReLU-vf5-transfer
303,transfer,DQN-ReLU-vf5-transfer-13,14,2,9.97,DQN-ReLU-vf5-transfer
304,transfer,DQN-ReLU-vf5-transfer-13,14,3,9.93,DQN-ReLU-vf5-transfer
305,transfer,DQN-ReLU-transfer-100,101,1,8.370000000000001,DQN-ReLU-transfer
306,transfer,DQN-ReLU-transfer-100,101,4,2.37,DQN-ReLU-transfer
307,transfer,DQN-ReLU-transfer-100,101,2,0.86,DQN-ReLU-transfer
308,transfer,DQN-ReLU-transfer-100,101,0,8.47,DQN-ReLU-transfer
309,transfer,DQN-ReLU-transfer-100,101,3,5.109999999999999,DQN-ReLU-transfer
310,transfer,DQN-ReLU-vf5-transfer-49,50,4,9.92,DQN-ReLU-vf5-transfer
311,transfer,DQN-ReLU-vf5-transfer-49,50,2,9.92,DQN-ReLU-vf5-transfer
312,transfer,DQN-ReLU-vf5-transfer-49,50,0,10.0,DQN-ReLU-vf5-transfer
313,transfer,DQN-ReLU-vf5-transfer-49,50,3,10.0,DQN-ReLU-vf5-transfer
314,transfer,DQN-ReLU-vf5-transfer-49,50,1,10.0,DQN-ReLU-vf5-transfer
315,transfer,DQN-ReLU-vf5-transfer-152,153,0,10.0,DQN-ReLU-vf5-transfer
316,transfer,DQN-ReLU-vf5-transfer-152,153,1,10.0,DQN-ReLU-vf5-transfer
317,transfer,DQN-ReLU-vf5-transfer-152,153,2,9.06,DQN-ReLU-vf5-transfer
318,transfer,DQN-ReLU-vf5-transfer-152,153,4,9.11,DQN-ReLU-vf5-transfer
319,transfer,DQN-ReLU-vf5-transfer-152,153,3,9.95,DQN-ReLU-vf5-transfer
320,transfer,DQN-ReLU-transfer-20,21,2,9.86,DQN-ReLU-transfer
321,transfer,DQN-ReLU-transfer-20,21,3,9.98,DQN-ReLU-transfer
322,transfer,DQN-ReLU-transfer-20,21,0,10.0,DQN-ReLU-transfer
323,transfer,DQN-ReLU-transfer-20,21,1,9.98,DQN-ReLU-transfer
324,transfer,DQN-ReLU-transfer-20,21,4,9.99,DQN-ReLU-transfer
325,transfer,DQN-ReLU-vf5-transfer-108,109,4,8.96,DQN-ReLU-vf5-transfer
326,transfer,DQN-ReLU-vf5-transfer-108,109,0,10.0,DQN-ReLU-vf5-transfer
327,transfer,DQN-ReLU-vf5-transfer-108,109,3,10.0,DQN-ReLU-vf5-transfer
328,transfer,DQN-ReLU-vf5-transfer-108,109,2,9.58,DQN-ReLU-vf5-transfer
329,transfer,DQN-ReLU-vf5-transfer-108,109,1,8.98,DQN-ReLU-vf5-transfer
330,transfer,DQN-ReLU-transfer-51,52,2,9.67,DQN-ReLU-transfer
331,transfer,DQN-ReLU-transfer-51,52,3,9.7,DQN-ReLU-transfer
332,transfer,DQN-ReLU-transfer-51,52,1,9.78,DQN-ReLU-transfer
333,transfer,DQN-ReLU-transfer-51,52,4,9.88,DQN-ReLU-transfer
334,transfer,DQN-ReLU-transfer-51,52,0,9.98,DQN-ReLU-transfer
335,transfer,DQN-ReLU-transfer-140,141,2,9.38,DQN-ReLU-transfer
336,transfer,DQN-ReLU-transfer-140,141,1,9.11,DQN-ReLU-transfer
337,transfer,DQN-ReLU-transfer-140,141,0,9.57,DQN-ReLU-transfer
338,transfer,DQN-ReLU-transfer-140,141,3,9.45,DQN-ReLU-transfer
339,transfer,DQN-ReLU-transfer-140,141,4,9.19,DQN-ReLU-transfer
340,transfer,DQN-ReLU-vf5-transfer-169,170,0,9.84,DQN-ReLU-vf5-transfer
341,transfer,DQN-ReLU-vf5-transfer-169,170,4,9.95,DQN-ReLU-vf5-transfer
342,transfer,DQN-ReLU-vf5-transfer-169,170,3,9.62,DQN-ReLU-vf5-transfer
343,transfer,DQN-ReLU-vf5-transfer-169,170,2,8.23,DQN-ReLU-vf5-transfer
344,transfer,DQN-ReLU-vf5-transfer-169,170,1,9.62,DQN-ReLU-vf5-transfer
345,transfer,DQN-ReLU-transfer-116,117,2,3.81,DQN-ReLU-transfer
346,transfer,DQN-ReLU-transfer-116,117,3,8.629999999999999,DQN-ReLU-transfer
347,transfer,DQN-ReLU-transfer-116,117,4,7.98,DQN-ReLU-transfer
348,transfer,DQN-ReLU-transfer-116,117,0,8.94,DQN-ReLU-transfer
349,transfer,DQN-ReLU-transfer-116,117,1,7.779999999999999,DQN-ReLU-transfer
350,transfer,DQN-ReLU-transfer--1,0,1,10.0,DQN-ReLU-transfer
351,transfer,DQN-ReLU-transfer--1,0,2,9.99,DQN-ReLU-transfer
352,transfer,DQN-ReLU-transfer--1,0,0,10.0,DQN-ReLU-transfer
353,transfer,DQN-ReLU-transfer--1,0,4,10.0,DQN-ReLU-transfer
354,transfer,DQN-ReLU-transfer--1,0,3,10.0,DQN-ReLU-transfer
355,transfer,DQN-ReLU-vf5-transfer-144,145,4,9.3,DQN-ReLU-vf5-transfer
356,transfer,DQN-ReLU-vf5-transfer-144,145,1,9.31,DQN-ReLU-vf5-transfer
357,transfer,DQN-ReLU-vf5-transfer-144,145,0,9.94,DQN-ReLU-vf5-transfer
358,transfer,DQN-ReLU-vf5-transfer-144,145,3,9.88,DQN-ReLU-vf5-transfer
359,transfer,DQN-ReLU-vf5-transfer-144,145,2,9.89,DQN-ReLU-vf5-transfer
360,transfer,DQN-ReLU-vf5-transfer-148,149,4,9.13,DQN-ReLU-vf5-transfer
361,transfer,DQN-ReLU-vf5-transfer-148,149,0,9.1,DQN-ReLU-vf5-transfer
362,transfer,DQN-ReLU-vf5-transfer-148,149,3,9.85,DQN-ReLU-vf5-transfer
363,transfer,DQN-ReLU-vf5-transfer-148,149,1,9.1,DQN-ReLU-vf5-transfer
364,transfer,DQN-ReLU-vf5-transfer-148,149,2,9.39,DQN-ReLU-vf5-transfer
365,transfer,DQN-ReLU-vf5-transfer-33,34,2,10.0,DQN-ReLU-vf5-transfer
366,transfer,DQN-ReLU-vf5-transfer-33,34,4,10.0,DQN-ReLU-vf5-transfer
367,transfer,DQN-ReLU-vf5-transfer-33,34,3,10.0,DQN-ReLU-vf5-transfer
368,transfer,DQN-ReLU-vf5-transfer-33,34,0,9.06,DQN-ReLU-vf5-transfer
369,transfer,DQN-ReLU-vf5-transfer-33,34,1,9.99,DQN-ReLU-vf5-transfer
370,transfer,DQN-ReLU-vf5-transfer-139,140,4,9.05,DQN-ReLU-vf5-transfer
371,transfer,DQN-ReLU-vf5-transfer-139,140,3,9.5,DQN-ReLU-vf5-transfer
372,transfer,DQN-ReLU-vf5-transfer-139,140,1,10.0,DQN-ReLU-vf5-transfer
373,transfer,DQN-ReLU-vf5-transfer-139,140,2,10.0,DQN-ReLU-vf5-transfer
374,transfer,DQN-ReLU-vf5-transfer-139,140,0,10.0,DQN-ReLU-vf5-transfer
375,transfer,DQN-ReLU-transfer-56,57,3,8.39,DQN-ReLU-transfer
376,transfer,DQN-ReLU-transfer-56,57,1,8.15,DQN-ReLU-transfer
377,transfer,DQN-ReLU-transfer-56,57,4,9.01,DQN-ReLU-transfer
378,transfer,DQN-ReLU-transfer-56,57,0,9.51,DQN-ReLU-transfer
379,transfer,DQN-ReLU-transfer-56,57,2,8.47,DQN-ReLU-transfer
380,transfer,DQN-ReLU-vf5-transfer-87,88,0,9.98,DQN-ReLU-vf5-transfer
381,transfer,DQN-ReLU-vf5-transfer-87,88,2,9.99,DQN-ReLU-vf5-transfer
382,transfer,DQN-ReLU-vf5-transfer-87,88,4,9.53,DQN-ReLU-vf5-transfer
383,transfer,DQN-ReLU-vf5-transfer-87,88,3,10.0,DQN-ReLU-vf5-transfer
384,transfer,DQN-ReLU-vf5-transfer-87,88,1,10.0,DQN-ReLU-vf5-transfer
385,transfer,DQN-ReLU-transfer-82,83,2,2.17,DQN-ReLU-transfer
386,transfer,DQN-ReLU-transfer-82,83,1,8.06,DQN-ReLU-transfer
387,transfer,DQN-ReLU-transfer-82,83,4,6.959999999999999,DQN-ReLU-transfer
388,transfer,DQN-ReLU-transfer-82,83,0,9.3,DQN-ReLU-transfer
389,transfer,DQN-ReLU-transfer-82,83,3,8.370000000000001,DQN-ReLU-transfer
390,transfer,DQN-ReLU-vf5-transfer-32,33,3,9.98,DQN-ReLU-vf5-transfer
391,transfer,DQN-ReLU-vf5-transfer-32,33,4,9.34,DQN-ReLU-vf5-transfer
392,transfer,DQN-ReLU-vf5-transfer-32,33,1,10.0,DQN-ReLU-vf5-transfer
393,transfer,DQN-ReLU-vf5-transfer-32,33,0,10.0,DQN-ReLU-vf5-transfer
394,transfer,DQN-ReLU-vf5-transfer-32,33,2,9.45,DQN-ReLU-vf5-transfer
395,transfer,DQN-ReLU-vf5-transfer-29,30,0,9.94,DQN-ReLU-vf5-transfer
396,transfer,DQN-ReLU-vf5-transfer-29,30,4,10.0,DQN-ReLU-vf5-transfer
397,transfer,DQN-ReLU-vf5-transfer-29,30,1,10.0,DQN-ReLU-vf5-transfer
398,transfer,DQN-ReLU-vf5-transfer-29,30,3,9.89,DQN-ReLU-vf5-transfer
399,transfer,DQN-ReLU-vf5-transfer-29,30,2,9.98,DQN-ReLU-vf5-transfer
400,transfer,DQN-ReLU-transfer-57,58,0,8.94,DQN-ReLU-transfer
401,transfer,DQN-ReLU-transfer-57,58,1,8.97,DQN-ReLU-transfer
402,transfer,DQN-ReLU-transfer-57,58,3,9.44,DQN-ReLU-transfer
403,transfer,DQN-ReLU-transfer-57,58,2,9.14,DQN-ReLU-transfer
404,transfer,DQN-ReLU-transfer-57,58,4,9.11,DQN-ReLU-transfer
405,transfer,DQN-ReLU-transfer-37,38,1,9.97,DQN-ReLU-transfer
406,transfer,DQN-ReLU-transfer-37,38,2,9.29,DQN-ReLU-transfer
407,transfer,DQN-ReLU-transfer-37,38,3,9.87,DQN-ReLU-transfer
408,transfer,DQN-ReLU-transfer-37,38,0,10.0,DQN-ReLU-transfer
409,transfer,DQN-ReLU-transfer-37,38,4,9.84,DQN-ReLU-transfer
410,transfer,DQN-ReLU-vf5-transfer-104,105,4,9.88,DQN-ReLU-vf5-transfer
411,transfer,DQN-ReLU-vf5-transfer-104,105,2,7.9,DQN-ReLU-vf5-transfer
412,transfer,DQN-ReLU-vf5-transfer-104,105,0,9.97,DQN-ReLU-vf5-transfer
413,transfer,DQN-ReLU-vf5-transfer-104,105,1,9.07,DQN-ReLU-vf5-transfer
414,transfer,DQN-ReLU-vf5-transfer-104,105,3,10.0,DQN-ReLU-vf5-transfer
415,transfer,DQN-ReLU-vf5-transfer-55,56,0,9.03,DQN-ReLU-vf5-transfer
416,transfer,DQN-ReLU-vf5-transfer-55,56,3,10.0,DQN-ReLU-vf5-transfer
417,transfer,DQN-ReLU-vf5-transfer-55,56,2,10.0,DQN-ReLU-vf5-transfer
418,transfer,DQN-ReLU-vf5-transfer-55,56,1,10.0,DQN-ReLU-vf5-transfer
419,transfer,DQN-ReLU-vf5-transfer-55,56,4,9.53,DQN-ReLU-vf5-transfer
420,transfer,DQN-ReLU-vf5-transfer-52,53,3,9.99,DQN-ReLU-vf5-transfer
421,transfer,DQN-ReLU-vf5-transfer-52,53,4,9.55,DQN-ReLU-vf5-transfer
422,transfer,DQN-ReLU-vf5-transfer-52,53,0,9.17,DQN-ReLU-vf5-transfer
423,transfer,DQN-ReLU-vf5-transfer-52,53,1,9.99,DQN-ReLU-vf5-transfer
424,transfer,DQN-ReLU-vf5-transfer-52,53,2,10.0,DQN-ReLU-vf5-transfer
425,transfer,DQN-ReLU-transfer-10,11,3,10.0,DQN-ReLU-transfer
426,transfer,DQN-ReLU-transfer-10,11,4,9.98,DQN-ReLU-transfer
427,transfer,DQN-ReLU-transfer-10,11,2,10.0,DQN-ReLU-transfer
428,transfer,DQN-ReLU-transfer-10,11,0,10.0,DQN-ReLU-transfer
429,transfer,DQN-ReLU-transfer-10,11,1,10.0,DQN-ReLU-transfer
430,transfer,DQN-ReLU-transfer-36,37,4,9.68,DQN-ReLU-transfer
431,transfer,DQN-ReLU-transfer-36,37,0,10.0,DQN-ReLU-transfer
432,transfer,DQN-ReLU-transfer-36,37,2,9.89,DQN-ReLU-transfer
433,transfer,DQN-ReLU-transfer-36,37,1,9.92,DQN-ReLU-transfer
434,transfer,DQN-ReLU-transfer-36,37,3,9.98,DQN-ReLU-transfer
435,transfer,DQN-ReLU-vf5-transfer-69,70,4,9.91,DQN-ReLU-vf5-transfer
436,transfer,DQN-ReLU-vf5-transfer-69,70,2,9.91,DQN-ReLU-vf5-transfer
437,transfer,DQN-ReLU-vf5-transfer-69,70,3,9.97,DQN-ReLU-vf5-transfer
438,transfer,DQN-ReLU-vf5-transfer-69,70,1,9.76,DQN-ReLU-vf5-transfer
439,transfer,DQN-ReLU-vf5-transfer-69,70,0,9.99,DQN-ReLU-vf5-transfer
440,transfer,DQN-ReLU-vf5-transfer-53,54,4,9.57,DQN-ReLU-vf5-transfer
441,transfer,DQN-ReLU-vf5-transfer-53,54,0,10.0,DQN-ReLU-vf5-transfer
442,transfer,DQN-ReLU-vf5-transfer-53,54,3,10.0,DQN-ReLU-vf5-transfer
443,transfer,DQN-ReLU-vf5-transfer-53,54,2,10.0,DQN-ReLU-vf5-transfer
444,transfer,DQN-ReLU-vf5-transfer-53,54,1,10.0,DQN-ReLU-vf5-transfer
445,transfer,DQN-ReLU-transfer-147,148,3,8.370000000000001,DQN-ReLU-transfer
446,transfer,DQN-ReLU-transfer-147,148,0,9.31,DQN-ReLU-transfer
447,transfer,DQN-ReLU-transfer-147,148,4,4.0200000000000005,DQN-ReLU-transfer
448,transfer,DQN-ReLU-transfer-147,148,1,8.23,DQN-ReLU-transfer
449,transfer,DQN-ReLU-transfer-147,148,2,8.879999999999999,DQN-ReLU-transfer
450,transfer,DQN-ReLU-vf5-transfer-162,163,0,3.790000000000001,DQN-ReLU-vf5-transfer
451,transfer,DQN-ReLU-vf5-transfer-162,163,4,9.27,DQN-ReLU-vf5-transfer
452,transfer,DQN-ReLU-vf5-transfer-162,163,3,9.57,DQN-ReLU-vf5-transfer
453,transfer,DQN-ReLU-vf5-transfer-162,163,2,9.62,DQN-ReLU-vf5-transfer
454,transfer,DQN-ReLU-vf5-transfer-162,163,1,8.21,DQN-ReLU-vf5-transfer
455,transfer,DQN-ReLU-transfer-88,89,2,6.92,DQN-ReLU-transfer
456,transfer,DQN-ReLU-transfer-88,89,4,8.86,DQN-ReLU-transfer
457,transfer,DQN-ReLU-transfer-88,89,1,8.129999999999999,DQN-ReLU-transfer
458,transfer,DQN-ReLU-transfer-88,89,3,9.2,DQN-ReLU-transfer
459,transfer,DQN-ReLU-transfer-88,89,0,9.24,DQN-ReLU-transfer
460,transfer,DQN-ReLU-vf5-transfer-14,15,2,9.83,DQN-ReLU-vf5-transfer
461,transfer,DQN-ReLU-vf5-transfer-14,15,4,9.91,DQN-ReLU-vf5-transfer
462,transfer,DQN-ReLU-vf5-transfer-14,15,0,9.22,DQN-ReLU-vf5-transfer
463,transfer,DQN-ReLU-vf5-transfer-14,15,1,9.88,DQN-ReLU-vf5-transfer
464,transfer,DQN-ReLU-vf5-transfer-14,15,3,9.65,DQN-ReLU-vf5-transfer
465,transfer,DQN-ReLU-transfer-70,71,2,8.47,DQN-ReLU-transfer
466,transfer,DQN-ReLU-transfer-70,71,1,9.06,DQN-ReLU-transfer
467,transfer,DQN-ReLU-transfer-70,71,4,8.55,DQN-ReLU-transfer
468,transfer,DQN-ReLU-transfer-70,71,3,8.89,DQN-ReLU-transfer
469,transfer,DQN-ReLU-transfer-70,71,0,9.95,DQN-ReLU-transfer
470,transfer,DQN-ReLU-transfer-131,132,3,9.87,DQN-ReLU-transfer
471,transfer,DQN-ReLU-transfer-131,132,0,9.33,DQN-ReLU-transfer
472,transfer,DQN-ReLU-transfer-131,132,4,8.05,DQN-ReLU-transfer
473,transfer,DQN-ReLU-transfer-131,132,1,8.82,DQN-ReLU-transfer
474,transfer,DQN-ReLU-transfer-131,132,2,9.11,DQN-ReLU-transfer
475,transfer,DQN-ReLU-vf5-transfer-78,79,4,9.96,DQN-ReLU-vf5-transfer
476,transfer,DQN-ReLU-vf5-transfer-78,79,0,9.93,DQN-ReLU-vf5-transfer
477,transfer,DQN-ReLU-vf5-transfer-78,79,2,9.24,DQN-ReLU-vf5-transfer
478,transfer,DQN-ReLU-vf5-transfer-78,79,1,9.99,DQN-ReLU-vf5-transfer
479,transfer,DQN-ReLU-vf5-transfer-78,79,3,9.99,DQN-ReLU-vf5-transfer
480,transfer,DQN-ReLU-transfer-92,93,2,2.0700000000000003,DQN-ReLU-transfer
481,transfer,DQN-ReLU-transfer-92,93,0,8.67,DQN-ReLU-transfer
482,transfer,DQN-ReLU-transfer-92,93,1,4.57,DQN-ReLU-transfer
483,transfer,DQN-ReLU-transfer-92,93,4,1.09,DQN-ReLU-transfer
484,transfer,DQN-ReLU-transfer-92,93,3,5.33,DQN-ReLU-transfer
485,transfer,DQN-ReLU-vf5-transfer-4,5,0,9.99,DQN-ReLU-vf5-transfer
486,transfer,DQN-ReLU-vf5-transfer-4,5,1,9.66,DQN-ReLU-vf5-transfer
487,transfer,DQN-ReLU-vf5-transfer-4,5,4,10.0,DQN-ReLU-vf5-transfer
488,transfer,DQN-ReLU-vf5-transfer-4,5,3,9.26,DQN-ReLU-vf5-transfer
489,transfer,DQN-ReLU-vf5-transfer-4,5,2,9.13,DQN-ReLU-vf5-transfer
490,transfer,DQN-ReLU-transfer-126,127,4,9.13,DQN-ReLU-transfer
491,transfer,DQN-ReLU-transfer-126,127,0,9.96,DQN-ReLU-transfer
492,transfer,DQN-ReLU-transfer-126,127,1,9.26,DQN-ReLU-transfer
493,transfer,DQN-ReLU-transfer-126,127,2,7.68,DQN-ReLU-transfer
494,transfer,DQN-ReLU-transfer-126,127,3,9.13,DQN-ReLU-transfer
495,transfer,DQN-ReLU-vf5-transfer-118,119,4,9.34,DQN-ReLU-vf5-transfer
496,transfer,DQN-ReLU-vf5-transfer-118,119,0,9.21,DQN-ReLU-vf5-transfer
497,transfer,DQN-ReLU-vf5-transfer-118,119,3,9.43,DQN-ReLU-vf5-transfer
498,transfer,DQN-ReLU-vf5-transfer-118,119,2,9.03,DQN-ReLU-vf5-transfer
499,transfer,DQN-ReLU-vf5-transfer-118,119,1,9.07,DQN-ReLU-vf5-transfer
500,transfer,DQN-ReLU-transfer-47,48,1,9.82,DQN-ReLU-transfer
501,transfer,DQN-ReLU-transfer-47,48,0,9.95,DQN-ReLU-transfer
502,transfer,DQN-ReLU-transfer-47,48,2,9.95,DQN-ReLU-transfer
503,transfer,DQN-ReLU-transfer-47,48,3,9.2,DQN-ReLU-transfer
504,transfer,DQN-ReLU-transfer-47,48,4,9.92,DQN-ReLU-transfer
505,transfer,DQN-ReLU-vf5-transfer-63,64,4,9.96,DQN-ReLU-vf5-transfer
506,transfer,DQN-ReLU-vf5-transfer-63,64,0,9.27,DQN-ReLU-vf5-transfer
507,transfer,DQN-ReLU-vf5-transfer-63,64,1,9.7,DQN-ReLU-vf5-transfer
508,transfer,DQN-ReLU-vf5-transfer-63,64,3,9.98,DQN-ReLU-vf5-transfer
509,transfer,DQN-ReLU-vf5-transfer-63,64,2,10.0,DQN-ReLU-vf5-transfer
510,transfer,DQN-ReLU-vf5-transfer-19,20,0,9.79,DQN-ReLU-vf5-transfer
511,transfer,DQN-ReLU-vf5-transfer-19,20,2,8.74,DQN-ReLU-vf5-transfer
512,transfer,DQN-ReLU-vf5-transfer-19,20,4,9.99,DQN-ReLU-vf5-transfer
513,transfer,DQN-ReLU-vf5-transfer-19,20,1,9.95,DQN-ReLU-vf5-transfer
514,transfer,DQN-ReLU-vf5-transfer-19,20,3,9.83,DQN-ReLU-vf5-transfer
515,transfer,DQN-ReLU-transfer-150,151,2,6.46,DQN-ReLU-transfer
516,transfer,DQN-ReLU-transfer-150,151,3,8.95,DQN-ReLU-transfer
517,transfer,DQN-ReLU-transfer-150,151,4,4.42,DQN-ReLU-transfer
518,transfer,DQN-ReLU-transfer-150,151,0,2.76,DQN-ReLU-transfer
519,transfer,DQN-ReLU-transfer-150,151,1,6.98,DQN-ReLU-transfer
520,transfer,DQN-ReLU-vf5-transfer-79,80,0,9.92,DQN-ReLU-vf5-transfer
521,transfer,DQN-ReLU-vf5-transfer-79,80,1,9.98,DQN-ReLU-vf5-transfer
522,transfer,DQN-ReLU-vf5-transfer-79,80,4,9.67,DQN-ReLU-vf5-transfer
523,transfer,DQN-ReLU-vf5-transfer-79,80,2,9.77,DQN-ReLU-vf5-transfer
524,transfer,DQN-ReLU-vf5-transfer-79,80,3,10.0,DQN-ReLU-vf5-transfer
525,transfer,DQN-ReLU-transfer-6,7,4,9.99,DQN-ReLU-transfer
526,transfer,DQN-ReLU-transfer-6,7,2,10.0,DQN-ReLU-transfer
527,transfer,DQN-ReLU-transfer-6,7,1,10.0,DQN-ReLU-transfer
528,transfer,DQN-ReLU-transfer-6,7,3,9.99,DQN-ReLU-transfer
529,transfer,DQN-ReLU-transfer-6,7,0,10.0,DQN-ReLU-transfer
530,transfer,DQN-ReLU-transfer-46,47,4,9.98,DQN-ReLU-transfer
531,transfer,DQN-ReLU-transfer-46,47,2,9.9,DQN-ReLU-transfer
532,transfer,DQN-ReLU-transfer-46,47,1,9.94,DQN-ReLU-transfer
533,transfer,DQN-ReLU-transfer-46,47,3,10.0,DQN-ReLU-transfer
534,transfer,DQN-ReLU-transfer-46,47,0,9.67,DQN-ReLU-transfer
535,transfer,DQN-ReLU-vf5-transfer-5,6,1,10.0,DQN-ReLU-vf5-transfer
536,transfer,DQN-ReLU-vf5-transfer-5,6,3,9.96,DQN-ReLU-vf5-transfer
537,transfer,DQN-ReLU-vf5-transfer-5,6,0,9.92,DQN-ReLU-vf5-transfer
538,transfer,DQN-ReLU-vf5-transfer-5,6,2,9.95,DQN-ReLU-vf5-transfer
539,transfer,DQN-ReLU-vf5-transfer-5,6,4,9.95,DQN-ReLU-vf5-transfer
540,transfer,DQN-ReLU-transfer-7,8,2,9.97,DQN-ReLU-transfer
541,transfer,DQN-ReLU-transfer-7,8,3,10.0,DQN-ReLU-transfer
542,transfer,DQN-ReLU-transfer-7,8,1,10.0,DQN-ReLU-transfer
543,transfer,DQN-ReLU-transfer-7,8,0,10.0,DQN-ReLU-transfer
544,transfer,DQN-ReLU-transfer-7,8,4,10.0,DQN-ReLU-transfer
545,transfer,DQN-ReLU-transfer-89,90,4,9.92,DQN-ReLU-transfer
546,transfer,DQN-ReLU-transfer-89,90,1,9.63,DQN-ReLU-transfer
547,transfer,DQN-ReLU-transfer-89,90,2,9.52,DQN-ReLU-transfer
548,transfer,DQN-ReLU-transfer-89,90,0,9.3,DQN-ReLU-transfer
549,transfer,DQN-ReLU-transfer-89,90,3,9.6,DQN-ReLU-transfer
550,transfer,DQN-ReLU-transfer-67,68,0,9.95,DQN-ReLU-transfer
551,transfer,DQN-ReLU-transfer-67,68,3,9.41,DQN-ReLU-transfer
552,transfer,DQN-ReLU-transfer-67,68,4,9.1,DQN-ReLU-transfer
553,transfer,DQN-ReLU-transfer-67,68,2,9.1,DQN-ReLU-transfer
554,transfer,DQN-ReLU-transfer-67,68,1,9.44,DQN-ReLU-transfer
555,transfer,DQN-ReLU-vf5-transfer-97,98,4,9.99,DQN-ReLU-vf5-transfer
556,transfer,DQN-ReLU-vf5-transfer-97,98,3,9.97,DQN-ReLU-vf5-transfer
557,transfer,DQN-ReLU-vf5-transfer-97,98,2,9.99,DQN-ReLU-vf5-transfer
558,transfer,DQN-ReLU-vf5-transfer-97,98,1,9.99,DQN-ReLU-vf5-transfer
559,transfer,DQN-ReLU-vf5-transfer-97,98,0,9.24,DQN-ReLU-vf5-transfer
560,transfer,DQN-ReLU-transfer-151,152,2,4.16,DQN-ReLU-transfer
561,transfer,DQN-ReLU-transfer-151,152,3,8.73,DQN-ReLU-transfer
562,transfer,DQN-ReLU-transfer-151,152,4,3.75,DQN-ReLU-transfer
563,transfer,DQN-ReLU-transfer-151,152,0,8.9,DQN-ReLU-transfer
564,transfer,DQN-ReLU-transfer-151,152,1,6.16,DQN-ReLU-transfer
565,transfer,DQN-ReLU-transfer-130,131,3,9.68,DQN-ReLU-transfer
566,transfer,DQN-ReLU-transfer-130,131,2,9.44,DQN-ReLU-transfer
567,transfer,DQN-ReLU-transfer-130,131,0,9.57,DQN-ReLU-transfer
568,transfer,DQN-ReLU-transfer-130,131,4,9.27,DQN-ReLU-transfer
569,transfer,DQN-ReLU-transfer-130,131,1,9.6,DQN-ReLU-transfer
570,transfer,DQN-ReLU-vf5-transfer-163,164,2,9.18,DQN-ReLU-vf5-transfer
571,transfer,DQN-ReLU-vf5-transfer-163,164,4,10.0,DQN-ReLU-vf5-transfer
572,transfer,DQN-ReLU-vf5-transfer-163,164,0,10.0,DQN-ReLU-vf5-transfer
573,transfer,DQN-ReLU-vf5-transfer-163,164,1,10.0,DQN-ReLU-vf5-transfer
574,transfer,DQN-ReLU-vf5-transfer-163,164,3,9.54,DQN-ReLU-vf5-transfer
575,transfer,DQN-ReLU-vf5-transfer-42,43,0,9.75,DQN-ReLU-vf5-transfer
576,transfer,DQN-ReLU-vf5-transfer-42,43,3,9.95,DQN-ReLU-vf5-transfer
577,transfer,DQN-ReLU-vf5-transfer-42,43,2,9.86,DQN-ReLU-vf5-transfer
578,transfer,DQN-ReLU-vf5-transfer-42,43,4,10.0,DQN-ReLU-vf5-transfer
579,transfer,DQN-ReLU-vf5-transfer-42,43,1,10.0,DQN-ReLU-vf5-transfer
580,transfer,DQN-ReLU-vf5-transfer-43,44,3,10.0,DQN-ReLU-vf5-transfer
581,transfer,DQN-ReLU-vf5-transfer-43,44,2,9.6,DQN-ReLU-vf5-transfer
582,transfer,DQN-ReLU-vf5-transfer-43,44,4,9.94,DQN-ReLU-vf5-transfer
583,transfer,DQN-ReLU-vf5-transfer-43,44,0,10.0,DQN-ReLU-vf5-transfer
584,transfer,DQN-ReLU-vf5-transfer-43,44,1,10.0,DQN-ReLU-vf5-transfer
585,transfer,DQN-ReLU-vf5-transfer-62,63,4,9.87,DQN-ReLU-vf5-transfer
586,transfer,DQN-ReLU-vf5-transfer-62,63,3,9.23,DQN-ReLU-vf5-transfer
587,transfer,DQN-ReLU-vf5-transfer-62,63,2,9.99,DQN-ReLU-vf5-transfer
588,transfer,DQN-ReLU-vf5-transfer-62,63,0,9.27,DQN-ReLU-vf5-transfer
589,transfer,DQN-ReLU-vf5-transfer-62,63,1,0.0,DQN-ReLU-vf5-transfer
590,transfer,DQN-ReLU-vf5-transfer-75,76,4,9.99,DQN-ReLU-vf5-transfer
591,transfer,DQN-ReLU-vf5-transfer-75,76,0,10.0,DQN-ReLU-vf5-transfer
592,transfer,DQN-ReLU-vf5-transfer-75,76,2,9.77,DQN-ReLU-vf5-transfer
593,transfer,DQN-ReLU-vf5-transfer-75,76,1,9.99,DQN-ReLU-vf5-transfer
594,transfer,DQN-ReLU-vf5-transfer-75,76,3,9.78,DQN-ReLU-vf5-transfer
595,transfer,DQN-ReLU-vf5-transfer-114,115,0,9.21,DQN-ReLU-vf5-transfer
596,transfer,DQN-ReLU-vf5-transfer-114,115,2,9.34,DQN-ReLU-vf5-transfer
597,transfer,DQN-ReLU-vf5-transfer-114,115,4,9.06,DQN-ReLU-vf5-transfer
598,transfer,DQN-ReLU-vf5-transfer-114,115,3,9.98,DQN-ReLU-vf5-transfer
599,transfer,DQN-ReLU-vf5-transfer-114,115,1,9.01,DQN-ReLU-vf5-transfer
600,transfer,DQN-ReLU-vf5-transfer-96,97,4,9.59,DQN-ReLU-vf5-transfer
601,transfer,DQN-ReLU-vf5-transfer-96,97,1,9.7,DQN-ReLU-vf5-transfer
602,transfer,DQN-ReLU-vf5-transfer-96,97,3,9.15,DQN-ReLU-vf5-transfer
603,transfer,DQN-ReLU-vf5-transfer-96,97,0,8.629999999999999,DQN-ReLU-vf5-transfer
604,transfer,DQN-ReLU-vf5-transfer-96,97,2,9.05,DQN-ReLU-vf5-transfer
605,transfer,DQN-ReLU-transfer-127,128,4,8.99,DQN-ReLU-transfer
606,transfer,DQN-ReLU-transfer-127,128,0,9.55,DQN-ReLU-transfer
607,transfer,DQN-ReLU-transfer-127,128,2,9.04,DQN-ReLU-transfer
608,transfer,DQN-ReLU-transfer-127,128,3,9.14,DQN-ReLU-transfer
609,transfer,DQN-ReLU-transfer-127,128,1,9.23,DQN-ReLU-transfer
610,transfer,DQN-ReLU-vf5-transfer-18,19,3,9.9,DQN-ReLU-vf5-transfer
611,transfer,DQN-ReLU-vf5-transfer-18,19,4,9.19,DQN-ReLU-vf5-transfer
612,transfer,DQN-ReLU-vf5-transfer-18,19,1,10.0,DQN-ReLU-vf5-transfer
613,transfer,DQN-ReLU-vf5-transfer-18,19,0,9.59,DQN-ReLU-vf5-transfer
614,transfer,DQN-ReLU-vf5-transfer-18,19,2,9.52,DQN-ReLU-vf5-transfer
615,transfer,DQN-ReLU-transfer-11,12,1,10.0,DQN-ReLU-transfer
616,transfer,DQN-ReLU-transfer-11,12,0,10.0,DQN-ReLU-transfer
617,transfer,DQN-ReLU-transfer-11,12,4,10.0,DQN-ReLU-transfer
618,transfer,DQN-ReLU-transfer-11,12,3,10.0,DQN-ReLU-transfer
619,transfer,DQN-ReLU-transfer-11,12,2,9.98,DQN-ReLU-transfer
620,transfer,DQN-ReLU-vf5-transfer-38,39,2,9.68,DQN-ReLU-vf5-transfer
621,transfer,DQN-ReLU-vf5-transfer-38,39,0,9.97,DQN-ReLU-vf5-transfer
622,transfer,DQN-ReLU-vf5-transfer-38,39,1,9.52,DQN-ReLU-vf5-transfer
623,transfer,DQN-ReLU-vf5-transfer-38,39,3,10.0,DQN-ReLU-vf5-transfer
624,transfer,DQN-ReLU-vf5-transfer-38,39,4,9.95,DQN-ReLU-vf5-transfer
625,transfer,DQN-ReLU-transfer-66,67,1,1.2699999999999998,DQN-ReLU-transfer
626,transfer,DQN-ReLU-transfer-66,67,2,0.47,DQN-ReLU-transfer
627,transfer,DQN-ReLU-transfer-66,67,0,9.58,DQN-ReLU-transfer
628,transfer,DQN-ReLU-transfer-66,67,4,9.24,DQN-ReLU-transfer
629,transfer,DQN-ReLU-transfer-66,67,3,7.95,DQN-ReLU-transfer
630,transfer,DQN-ReLU-transfer-71,72,3,9.31,DQN-ReLU-transfer
631,transfer,DQN-ReLU-transfer-71,72,4,9.97,DQN-ReLU-transfer
632,transfer,DQN-ReLU-transfer-71,72,2,9.77,DQN-ReLU-transfer
633,transfer,DQN-ReLU-transfer-71,72,1,9.93,DQN-ReLU-transfer
634,transfer,DQN-ReLU-transfer-71,72,0,9.53,DQN-ReLU-transfer
635,transfer,DQN-ReLU-transfer-85,86,1,8.5,DQN-ReLU-transfer
636,transfer,DQN-ReLU-transfer-85,86,0,9.66,DQN-ReLU-transfer
637,transfer,DQN-ReLU-transfer-85,86,4,8.440000000000001,DQN-ReLU-transfer
638,transfer,DQN-ReLU-transfer-85,86,2,8.67,DQN-ReLU-transfer
639,transfer,DQN-ReLU-transfer-85,86,3,8.58,DQN-ReLU-transfer
640,transfer,DQN-ReLU-vf5-transfer-115,116,4,8.02,DQN-ReLU-vf5-transfer
641,transfer,DQN-ReLU-vf5-transfer-115,116,1,4.01,DQN-ReLU-vf5-transfer
642,transfer,DQN-ReLU-vf5-transfer-115,116,3,9.96,DQN-ReLU-vf5-transfer
643,transfer,DQN-ReLU-vf5-transfer-115,116,0,8.79,DQN-ReLU-vf5-transfer
644,transfer,DQN-ReLU-vf5-transfer-115,116,2,7.869999999999999,DQN-ReLU-vf5-transfer
645,transfer,DQN-ReLU-transfer-170,171,3,8.98,DQN-ReLU-transfer
646,transfer,DQN-ReLU-transfer-170,171,0,8.17,DQN-ReLU-transfer
647,transfer,DQN-ReLU-transfer-170,171,4,1.25,DQN-ReLU-transfer
648,transfer,DQN-ReLU-transfer-170,171,1,7.23,DQN-ReLU-transfer
649,transfer,DQN-ReLU-transfer-170,171,2,4.16,DQN-ReLU-transfer
650,transfer,DQN-ReLU-vf5-transfer-9,10,0,9.98,DQN-ReLU-vf5-transfer
651,transfer,DQN-ReLU-vf5-transfer-9,10,1,9.99,DQN-ReLU-vf5-transfer
652,transfer,DQN-ReLU-vf5-transfer-9,10,2,9.83,DQN-ReLU-vf5-transfer
653,transfer,DQN-ReLU-vf5-transfer-9,10,3,9.97,DQN-ReLU-vf5-transfer
654,transfer,DQN-ReLU-vf5-transfer-9,10,4,9.25,DQN-ReLU-vf5-transfer
655,transfer,DQN-ReLU-transfer-110,111,0,5.890000000000001,DQN-ReLU-transfer
656,transfer,DQN-ReLU-transfer-110,111,3,9.57,DQN-ReLU-transfer
657,transfer,DQN-ReLU-transfer-110,111,2,8.3,DQN-ReLU-transfer
658,transfer,DQN-ReLU-transfer-110,111,4,9.29,DQN-ReLU-transfer
659,transfer,DQN-ReLU-transfer-110,111,1,8.75,DQN-ReLU-transfer
660,transfer,DQN-ReLU-vf5-transfer-15,16,3,9.32,DQN-ReLU-vf5-transfer
661,transfer,DQN-ReLU-vf5-transfer-15,16,0,9.92,DQN-ReLU-vf5-transfer
662,transfer,DQN-ReLU-vf5-transfer-15,16,1,9.99,DQN-ReLU-vf5-transfer
663,transfer,DQN-ReLU-vf5-transfer-15,16,2,9.44,DQN-ReLU-vf5-transfer
664,transfer,DQN-ReLU-vf5-transfer-15,16,4,9.7,DQN-ReLU-vf5-transfer
665,transfer,DQN-ReLU-vf5-transfer-35,36,0,9.98,DQN-ReLU-vf5-transfer
666,transfer,DQN-ReLU-vf5-transfer-35,36,2,9.8,DQN-ReLU-vf5-transfer
667,transfer,DQN-ReLU-vf5-transfer-35,36,1,10.0,DQN-ReLU-vf5-transfer
668,transfer,DQN-ReLU-vf5-transfer-35,36,3,9.99,DQN-ReLU-vf5-transfer
669,transfer,DQN-ReLU-vf5-transfer-35,36,4,9.96,DQN-ReLU-vf5-transfer
670,transfer,DQN-ReLU-vf5-transfer-102,103,4,10.0,DQN-ReLU-vf5-transfer
671,transfer,DQN-ReLU-vf5-transfer-102,103,2,10.0,DQN-ReLU-vf5-transfer
672,transfer,DQN-ReLU-vf5-transfer-102,103,0,10.0,DQN-ReLU-vf5-transfer
673,transfer,DQN-ReLU-vf5-transfer-102,103,1,9.17,DQN-ReLU-vf5-transfer
674,transfer,DQN-ReLU-vf5-transfer-102,103,3,9.14,DQN-ReLU-vf5-transfer
675,transfer,DQN-ReLU-vf5-transfer-119,120,4,9.4,DQN-ReLU-vf5-transfer
676,transfer,DQN-ReLU-vf5-transfer-119,120,3,9.99,DQN-ReLU-vf5-transfer
677,transfer,DQN-ReLU-vf5-transfer-119,120,0,9.58,DQN-ReLU-vf5-transfer
678,transfer,DQN-ReLU-vf5-transfer-119,120,1,9.23,DQN-ReLU-vf5-transfer
679,transfer,DQN-ReLU-vf5-transfer-119,120,2,9.27,DQN-ReLU-vf5-transfer
680,transfer,DQN-ReLU-vf5-transfer-142,143,3,10.0,DQN-ReLU-vf5-transfer
681,transfer,DQN-ReLU-vf5-transfer-142,143,2,9.35,DQN-ReLU-vf5-transfer
682,transfer,DQN-ReLU-vf5-transfer-142,143,0,10.0,DQN-ReLU-vf5-transfer
683,transfer,DQN-ReLU-vf5-transfer-142,143,1,10.0,DQN-ReLU-vf5-transfer
684,transfer,DQN-ReLU-vf5-transfer-142,143,4,9.99,DQN-ReLU-vf5-transfer
685,transfer,DQN-ReLU-vf5-transfer-134,135,4,9.89,DQN-ReLU-vf5-transfer
686,transfer,DQN-ReLU-vf5-transfer-134,135,0,9.93,DQN-ReLU-vf5-transfer
687,transfer,DQN-ReLU-vf5-transfer-134,135,1,9.17,DQN-ReLU-vf5-transfer
688,transfer,DQN-ReLU-vf5-transfer-134,135,3,10.0,DQN-ReLU-vf5-transfer
689,transfer,DQN-ReLU-vf5-transfer-134,135,2,9.56,DQN-ReLU-vf5-transfer
690,transfer,DQN-ReLU-vf5-transfer-123,124,4,9.67,DQN-ReLU-vf5-transfer
691,transfer,DQN-ReLU-vf5-transfer-123,124,2,9.37,DQN-ReLU-vf5-transfer
692,transfer,DQN-ReLU-vf5-transfer-123,124,1,6.83,DQN-ReLU-vf5-transfer
693,transfer,DQN-ReLU-vf5-transfer-123,124,0,9.31,DQN-ReLU-vf5-transfer
694,transfer,DQN-ReLU-vf5-transfer-123,124,3,9.98,DQN-ReLU-vf5-transfer
695,transfer,DQN-ReLU-vf5-transfer-154,155,4,10.0,DQN-ReLU-vf5-transfer
696,transfer,DQN-ReLU-vf5-transfer-154,155,0,9.11,DQN-ReLU-vf5-transfer
697,transfer,DQN-ReLU-vf5-transfer-154,155,2,9.79,DQN-ReLU-vf5-transfer
698,transfer,DQN-ReLU-vf5-transfer-154,155,3,9.96,DQN-ReLU-vf5-transfer
699,transfer,DQN-ReLU-vf5-transfer-154,155,1,9.99,DQN-ReLU-vf5-transfer
700,transfer,DQN-ReLU-transfer-31,32,3,9.9,DQN-ReLU-transfer
701,transfer,DQN-ReLU-transfer-31,32,2,9.99,DQN-ReLU-transfer
702,transfer,DQN-ReLU-transfer-31,32,1,10.0,DQN-ReLU-transfer
703,transfer,DQN-ReLU-transfer-31,32,4,9.95,DQN-ReLU-transfer
704,transfer,DQN-ReLU-transfer-31,32,0,10.0,DQN-ReLU-transfer
705,transfer,DQN-ReLU-transfer-50,51,1,9.86,DQN-ReLU-transfer
706,transfer,DQN-ReLU-transfer-50,51,0,10.0,DQN-ReLU-transfer
707,transfer,DQN-ReLU-transfer-50,51,2,9.6,DQN-ReLU-transfer
708,transfer,DQN-ReLU-transfer-50,51,3,9.93,DQN-ReLU-transfer
709,transfer,DQN-ReLU-transfer-50,51,4,9.91,DQN-ReLU-transfer
710,transfer,DQN-ReLU-vf5-transfer-81,82,1,9.87,DQN-ReLU-vf5-transfer
711,transfer,DQN-ReLU-vf5-transfer-81,82,4,10.0,DQN-ReLU-vf5-transfer
712,transfer,DQN-ReLU-vf5-transfer-81,82,3,10.0,DQN-ReLU-vf5-transfer
713,transfer,DQN-ReLU-vf5-transfer-81,82,0,10.0,DQN-ReLU-vf5-transfer
714,transfer,DQN-ReLU-vf5-transfer-81,82,2,8.120000000000001,DQN-ReLU-vf5-transfer
715,transfer,DQN-ReLU-vf5-transfer-22,23,0,9.37,DQN-ReLU-vf5-transfer
716,transfer,DQN-ReLU-vf5-transfer-22,23,2,9.94,DQN-ReLU-vf5-transfer
717,transfer,DQN-ReLU-vf5-transfer-22,23,4,9.97,DQN-ReLU-vf5-transfer
718,transfer,DQN-ReLU-vf5-transfer-22,23,1,9.99,DQN-ReLU-vf5-transfer
719,transfer,DQN-ReLU-vf5-transfer-22,23,3,9.7,DQN-ReLU-vf5-transfer
720,transfer,DQN-ReLU-transfer-106,107,2,1.5399999999999998,DQN-ReLU-transfer
721,transfer,DQN-ReLU-transfer-106,107,4,4.0600000000000005,DQN-ReLU-transfer
722,transfer,DQN-ReLU-transfer-106,107,3,7.52,DQN-ReLU-transfer
723,transfer,DQN-ReLU-transfer-106,107,1,7.83,DQN-ReLU-transfer
724,transfer,DQN-ReLU-transfer-106,107,0,8.67,DQN-ReLU-transfer
725,transfer,DQN-ReLU-vf5-transfer-58,59,3,10.0,DQN-ReLU-vf5-transfer
726,transfer,DQN-ReLU-vf5-transfer-58,59,1,10.0,DQN-ReLU-vf5-transfer
727,transfer,DQN-ReLU-vf5-transfer-58,59,4,10.0,DQN-ReLU-vf5-transfer
728,transfer,DQN-ReLU-vf5-transfer-58,59,0,10.0,DQN-ReLU-vf5-transfer
729,transfer,DQN-ReLU-vf5-transfer-58,59,2,10.0,DQN-ReLU-vf5-transfer
730,transfer,DQN-ReLU-transfer-84,85,0,8.22,DQN-ReLU-transfer
731,transfer,DQN-ReLU-transfer-84,85,2,6.29,DQN-ReLU-transfer
732,transfer,DQN-ReLU-transfer-84,85,3,8.77,DQN-ReLU-transfer
733,transfer,DQN-ReLU-transfer-84,85,4,8.08,DQN-ReLU-transfer
734,transfer,DQN-ReLU-transfer-84,85,1,7.57,DQN-ReLU-transfer
735,transfer,DQN-ReLU-transfer-167,168,4,7.5,DQN-ReLU-transfer
736,transfer,DQN-ReLU-transfer-167,168,0,8.44,DQN-ReLU-transfer
737,transfer,DQN-ReLU-transfer-167,168,1,7.79,DQN-ReLU-transfer
738,transfer,DQN-ReLU-transfer-167,168,3,9.21,DQN-ReLU-transfer
739,transfer,DQN-ReLU-transfer-167,168,2,7.359999999999999,DQN-ReLU-transfer
740,transfer,DQN-ReLU-vf5-transfer-138,139,4,9.14,DQN-ReLU-vf5-transfer
741,transfer,DQN-ReLU-vf5-transfer-138,139,3,10.0,DQN-ReLU-vf5-transfer
742,transfer,DQN-ReLU-vf5-transfer-138,139,0,9.89,DQN-ReLU-vf5-transfer
743,transfer,DQN-ReLU-vf5-transfer-138,139,1,9.88,DQN-ReLU-vf5-transfer
744,transfer,DQN-ReLU-vf5-transfer-138,139,2,7.96,DQN-ReLU-vf5-transfer
745,transfer,DQN-ReLU-transfer-171,172,3,8.6,DQN-ReLU-transfer
746,transfer,DQN-ReLU-transfer-171,172,1,7.630000000000001,DQN-ReLU-transfer
747,transfer,DQN-ReLU-transfer-171,172,4,6.75,DQN-ReLU-transfer
748,transfer,DQN-ReLU-transfer-171,172,2,2.34,DQN-ReLU-transfer
749,transfer,DQN-ReLU-transfer-171,172,0,6.22,DQN-ReLU-transfer
750,transfer,DQN-ReLU-vf5-transfer-159,160,3,9.97,DQN-ReLU-vf5-transfer
751,transfer,DQN-ReLU-vf5-transfer-159,160,4,9.61,DQN-ReLU-vf5-transfer
752,transfer,DQN-ReLU-vf5-transfer-159,160,1,9.11,DQN-ReLU-vf5-transfer
753,transfer,DQN-ReLU-vf5-transfer-159,160,0,9.99,DQN-ReLU-vf5-transfer
754,transfer,DQN-ReLU-vf5-transfer-159,160,2,9.97,DQN-ReLU-vf5-transfer
755,transfer,DQN-ReLU-transfer-26,27,4,9.99,DQN-ReLU-transfer
756,transfer,DQN-ReLU-transfer-26,27,0,10.0,DQN-ReLU-transfer
757,transfer,DQN-ReLU-transfer-26,27,1,10.0,DQN-ReLU-transfer
758,transfer,DQN-ReLU-transfer-26,27,2,9.37,DQN-ReLU-transfer
759,transfer,DQN-ReLU-transfer-26,27,3,9.99,DQN-ReLU-transfer
760,transfer,DQN-ReLU-transfer-146,147,3,8.52,DQN-ReLU-transfer
761,transfer,DQN-ReLU-transfer-146,147,0,8.6,DQN-ReLU-transfer
762,transfer,DQN-ReLU-transfer-146,147,2,8.47,DQN-ReLU-transfer
763,transfer,DQN-ReLU-transfer-146,147,1,8.61,DQN-ReLU-transfer
764,transfer,DQN-ReLU-transfer-146,147,4,8.55,DQN-ReLU-transfer
765,transfer,DQN-ReLU-vf5-transfer-103,104,1,8.83,DQN-ReLU-vf5-transfer
766,transfer,DQN-ReLU-vf5-transfer-103,104,4,9.11,DQN-ReLU-vf5-transfer
767,transfer,DQN-ReLU-vf5-transfer-103,104,3,8.69,DQN-ReLU-vf5-transfer
768,transfer,DQN-ReLU-vf5-transfer-103,104,0,9.33,DQN-ReLU-vf5-transfer
769,transfer,DQN-ReLU-vf5-transfer-103,104,2,9.26,DQN-ReLU-vf5-transfer
770,transfer,DQN-ReLU-vf5-transfer-143,144,4,10.0,DQN-ReLU-vf5-transfer
771,transfer,DQN-ReLU-vf5-transfer-143,144,1,10.0,DQN-ReLU-vf5-transfer
772,transfer,DQN-ReLU-vf5-transfer-143,144,2,8.280000000000001,DQN-ReLU-vf5-transfer
773,transfer,DQN-ReLU-vf5-transfer-143,144,3,10.0,DQN-ReLU-vf5-transfer
774,transfer,DQN-ReLU-vf5-transfer-143,144,0,9.65,DQN-ReLU-vf5-transfer
775,transfer,DQN-ReLU-vf5-transfer-34,35,0,9.92,DQN-ReLU-vf5-transfer
776,transfer,DQN-ReLU-vf5-transfer-34,35,4,9.5,DQN-ReLU-vf5-transfer
777,transfer,DQN-ReLU-vf5-transfer-34,35,1,9.97,DQN-ReLU-vf5-transfer
778,transfer,DQN-ReLU-vf5-transfer-34,35,2,9.95,DQN-ReLU-vf5-transfer
779,transfer,DQN-ReLU-vf5-transfer-34,35,3,10.0,DQN-ReLU-vf5-transfer
780,transfer,DQN-ReLU-vf5-transfer-8,9,0,10.0,DQN-ReLU-vf5-transfer
781,transfer,DQN-ReLU-vf5-transfer-8,9,3,9.87,DQN-ReLU-vf5-transfer
782,transfer,DQN-ReLU-vf5-transfer-8,9,2,9.97,DQN-ReLU-vf5-transfer
783,transfer,DQN-ReLU-vf5-transfer-8,9,4,10.0,DQN-ReLU-vf5-transfer
784,transfer,DQN-ReLU-vf5-transfer-8,9,1,10.0,DQN-ReLU-vf5-transfer
785,transfer,DQN-ReLU-vf5-transfer-135,136,4,9.9,DQN-ReLU-vf5-transfer
786,transfer,DQN-ReLU-vf5-transfer-135,136,3,9.89,DQN-ReLU-vf5-transfer
787,transfer,DQN-ReLU-vf5-transfer-135,136,0,9.94,DQN-ReLU-vf5-transfer
788,transfer,DQN-ReLU-vf5-transfer-135,136,1,8.35,DQN-ReLU-vf5-transfer
789,transfer,DQN-ReLU-vf5-transfer-135,136,2,8.93,DQN-ReLU-vf5-transfer
790,transfer,DQN-ReLU-vf5-transfer-54,55,4,10.0,DQN-ReLU-vf5-transfer
791,transfer,DQN-ReLU-vf5-transfer-54,55,0,9.13,DQN-ReLU-vf5-transfer
792,transfer,DQN-ReLU-vf5-transfer-54,55,3,10.0,DQN-ReLU-vf5-transfer
793,transfer,DQN-ReLU-vf5-transfer-54,55,1,10.0,DQN-ReLU-vf5-transfer
794,transfer,DQN-ReLU-vf5-transfer-54,55,2,10.0,DQN-ReLU-vf5-transfer
795,transfer,DQN-ReLU-vf5-transfer-23,24,0,9.93,DQN-ReLU-vf5-transfer
796,transfer,DQN-ReLU-vf5-transfer-23,24,2,9.93,DQN-ReLU-vf5-transfer
797,transfer,DQN-ReLU-vf5-transfer-23,24,3,9.36,DQN-ReLU-vf5-transfer
798,transfer,DQN-ReLU-vf5-transfer-23,24,4,9.62,DQN-ReLU-vf5-transfer
799,transfer,DQN-ReLU-vf5-transfer-23,24,1,9.93,DQN-ReLU-vf5-transfer
800,transfer,DQN-ReLU-vf5-transfer-39,40,2,10.0,DQN-ReLU-vf5-transfer
801,transfer,DQN-ReLU-vf5-transfer-39,40,1,9.99,DQN-ReLU-vf5-transfer
802,transfer,DQN-ReLU-vf5-transfer-39,40,0,10.0,DQN-ReLU-vf5-transfer
803,transfer,DQN-ReLU-vf5-transfer-39,40,4,10.0,DQN-ReLU-vf5-transfer
804,transfer,DQN-ReLU-vf5-transfer-39,40,3,9.99,DQN-ReLU-vf5-transfer
805,transfer,DQN-ReLU-transfer-107,108,0,4.290000000000001,DQN-ReLU-transfer
806,transfer,DQN-ReLU-transfer-107,108,4,2.32,DQN-ReLU-transfer
807,transfer,DQN-ReLU-transfer-107,108,1,8.5,DQN-ReLU-transfer
808,transfer,DQN-ReLU-transfer-107,108,2,8.6,DQN-ReLU-transfer
809,transfer,DQN-ReLU-transfer-107,108,3,8.92,DQN-ReLU-transfer
810,transfer,DQN-ReLU-vf5-transfer-80,81,4,9.63,DQN-ReLU-vf5-transfer
811,transfer,DQN-ReLU-vf5-transfer-80,81,3,10.0,DQN-ReLU-vf5-transfer
812,transfer,DQN-ReLU-vf5-transfer-80,81,0,9.69,DQN-ReLU-vf5-transfer
813,transfer,DQN-ReLU-vf5-transfer-80,81,2,9.1,DQN-ReLU-vf5-transfer
814,transfer,DQN-ReLU-vf5-transfer-80,81,1,9.8,DQN-ReLU-vf5-transfer
815,transfer,DQN-ReLU-transfer-30,31,4,9.99,DQN-ReLU-transfer
816,transfer,DQN-ReLU-transfer-30,31,2,9.97,DQN-ReLU-transfer
817,transfer,DQN-ReLU-transfer-30,31,0,10.0,DQN-ReLU-transfer
818,transfer,DQN-ReLU-transfer-30,31,3,9.98,DQN-ReLU-transfer
819,transfer,DQN-ReLU-transfer-30,31,1,10.0,DQN-ReLU-transfer
820,transfer,DQN-ReLU-vf5-transfer-122,123,4,9.68,DQN-ReLU-vf5-transfer
821,transfer,DQN-ReLU-vf5-transfer-122,123,3,9.76,DQN-ReLU-vf5-transfer
822,transfer,DQN-ReLU-vf5-transfer-122,123,0,10.0,DQN-ReLU-vf5-transfer
823,transfer,DQN-ReLU-vf5-transfer-122,123,1,9.04,DQN-ReLU-vf5-transfer
824,transfer,DQN-ReLU-vf5-transfer-122,123,2,9.54,DQN-ReLU-vf5-transfer
825,transfer,DQN-ReLU-transfer-104,105,2,6.23,DQN-ReLU-transfer
826,transfer,DQN-ReLU-transfer-104,105,3,8.33,DQN-ReLU-transfer
827,transfer,DQN-ReLU-transfer-104,105,4,6.390000000000001,DQN-ReLU-transfer
828,transfer,DQN-ReLU-transfer-104,105,0,8.629999999999999,DQN-ReLU-transfer
829,transfer,DQN-ReLU-transfer-104,105,1,8.469999999999999,DQN-ReLU-transfer
830,transfer,DQN-ReLU-vf5-transfer-59,60,4,9.99,DQN-ReLU-vf5-transfer
831,transfer,DQN-ReLU-vf5-transfer-59,60,2,9.23,DQN-ReLU-vf5-transfer
832,transfer,DQN-ReLU-vf5-transfer-59,60,0,10.0,DQN-ReLU-vf5-transfer
833,transfer,DQN-ReLU-vf5-transfer-59,60,1,9.48,DQN-ReLU-vf5-transfer
834,transfer,DQN-ReLU-vf5-transfer-59,60,3,10.0,DQN-ReLU-vf5-transfer
835,transfer,DQN-ReLU-transfer-27,28,2,9.87,DQN-ReLU-transfer
836,transfer,DQN-ReLU-transfer-27,28,1,9.99,DQN-ReLU-transfer
837,transfer,DQN-ReLU-transfer-27,28,4,9.95,DQN-ReLU-transfer
838,transfer,DQN-ReLU-transfer-27,28,0,9.65,DQN-ReLU-transfer
839,transfer,DQN-ReLU-transfer-27,28,3,9.99,DQN-ReLU-transfer
840,transfer,DQN-ReLU-transfer-93,94,2,1.7899999999999998,DQN-ReLU-transfer
841,transfer,DQN-ReLU-transfer-93,94,0,9.3,DQN-ReLU-transfer
842,transfer,DQN-ReLU-transfer-93,94,1,7.71,DQN-ReLU-transfer
843,transfer,DQN-ReLU-transfer-93,94,4,3.54,DQN-ReLU-transfer
844,transfer,DQN-ReLU-transfer-93,94,3,9.17,DQN-ReLU-transfer
845,transfer,DQN-ReLU-transfer-111,112,1,8.41,DQN-ReLU-transfer
846,transfer,DQN-ReLU-transfer-111,112,0,9.22,DQN-ReLU-transfer
847,transfer,DQN-ReLU-transfer-111,112,4,8.49,DQN-ReLU-transfer
848,transfer,DQN-ReLU-transfer-111,112,3,8.44,DQN-ReLU-transfer
849,transfer,DQN-ReLU-transfer-111,112,2,7.67,DQN-ReLU-transfer
850,transfer,DQN-ReLU-vf5-transfer-117,118,4,9.97,DQN-ReLU-vf5-transfer
851,transfer,DQN-ReLU-vf5-transfer-117,118,3,9.96,DQN-ReLU-vf5-transfer
852,transfer,DQN-ReLU-vf5-transfer-117,118,1,9.99,DQN-ReLU-vf5-transfer
853,transfer,DQN-ReLU-vf5-transfer-117,118,2,9.33,DQN-ReLU-vf5-transfer
854,transfer,DQN-ReLU-vf5-transfer-117,118,0,10.0,DQN-ReLU-vf5-transfer
855,transfer,DQN-ReLU-transfer-166,167,1,6.0200000000000005,DQN-ReLU-transfer
856,transfer,DQN-ReLU-transfer-166,167,3,8.66,DQN-ReLU-transfer
857,transfer,DQN-ReLU-transfer-166,167,2,1.83,DQN-ReLU-transfer
858,transfer,DQN-ReLU-transfer-166,167,4,1.93,DQN-ReLU-transfer
859,transfer,DQN-ReLU-transfer-166,167,0,8.46,DQN-ReLU-transfer
860,transfer,DQN-ReLU-vf5-transfer-158,159,4,9.79,DQN-ReLU-vf5-transfer
861,transfer,DQN-ReLU-vf5-transfer-158,159,3,10.0,DQN-ReLU-vf5-transfer
862,transfer,DQN-ReLU-vf5-transfer-158,159,0,9.65,DQN-ReLU-vf5-transfer
863,transfer,DQN-ReLU-vf5-transfer-158,159,1,9.13,DQN-ReLU-vf5-transfer
864,transfer,DQN-ReLU-vf5-transfer-158,159,2,9.15,DQN-ReLU-vf5-transfer
865,transfer,DQN-ReLU-transfer-108,109,4,1.29,DQN-ReLU-transfer
866,transfer,DQN-ReLU-transfer-108,109,1,8.36,DQN-ReLU-transfer
867,transfer,DQN-ReLU-transfer-108,109,0,9.16,DQN-ReLU-transfer
868,transfer,DQN-ReLU-transfer-108,109,2,5.82,DQN-ReLU-transfer
869,transfer,DQN-ReLU-transfer-108,109,3,8.379999999999999,DQN-ReLU-transfer
870,transfer,DQN-ReLU-transfer-28,29,4,9.96,DQN-ReLU-transfer
871,transfer,DQN-ReLU-transfer-28,29,2,9.83,DQN-ReLU-transfer
872,transfer,DQN-ReLU-transfer-28,29,3,9.99,DQN-ReLU-transfer
873,transfer,DQN-ReLU-transfer-28,29,1,10.0,DQN-ReLU-transfer
874,transfer,DQN-ReLU-transfer-28,29,0,9.66,DQN-ReLU-transfer
875,transfer,DQN-ReLU-vf5-transfer-74,75,3,9.88,DQN-ReLU-vf5-transfer
876,transfer,DQN-ReLU-vf5-transfer-74,75,2,9.16,DQN-ReLU-vf5-transfer
877,transfer,DQN-ReLU-vf5-transfer-74,75,4,10.0,DQN-ReLU-vf5-transfer
878,transfer,DQN-ReLU-vf5-transfer-74,75,0,10.0,DQN-ReLU-vf5-transfer
879,transfer,DQN-ReLU-vf5-transfer-74,75,1,9.99,DQN-ReLU-vf5-transfer
880,transfer,DQN-ReLU-vf5-transfer-155,156,4,9.31,DQN-ReLU-vf5-transfer
881,transfer,DQN-ReLU-vf5-transfer-155,156,0,9.76,DQN-ReLU-vf5-transfer
882,transfer,DQN-ReLU-vf5-transfer-155,156,1,9.0,DQN-ReLU-vf5-transfer
883,transfer,DQN-ReLU-vf5-transfer-155,156,3,9.98,DQN-ReLU-vf5-transfer
884,transfer,DQN-ReLU-vf5-transfer-155,156,2,10.0,DQN-ReLU-vf5-transfer
885,transfer,DQN-ReLU-vf5-transfer-41,42,4,10.0,DQN-ReLU-vf5-transfer
886,transfer,DQN-ReLU-vf5-transfer-41,42,0,10.0,DQN-ReLU-vf5-transfer
887,transfer,DQN-ReLU-vf5-transfer-41,42,2,10.0,DQN-ReLU-vf5-transfer
888,transfer,DQN-ReLU-vf5-transfer-41,42,3,10.0,DQN-ReLU-vf5-transfer
889,transfer,DQN-ReLU-vf5-transfer-41,42,1,9.53,DQN-ReLU-vf5-transfer
890,transfer,DQN-ReLU-transfer-165,166,2,6.85,DQN-ReLU-transfer
891,transfer,DQN-ReLU-transfer-165,166,3,8.870000000000001,DQN-ReLU-transfer
892,transfer,DQN-ReLU-transfer-165,166,1,7.68,DQN-ReLU-transfer
893,transfer,DQN-ReLU-transfer-165,166,4,5.6899999999999995,DQN-ReLU-transfer
894,transfer,DQN-ReLU-transfer-165,166,0,9.45,DQN-ReLU-transfer
895,transfer,DQN-ReLU-transfer-153,154,1,6.41,DQN-ReLU-transfer
896,transfer,DQN-ReLU-transfer-153,154,0,8.69,DQN-ReLU-transfer
897,transfer,DQN-ReLU-transfer-153,154,2,7.87,DQN-ReLU-transfer
898,transfer,DQN-ReLU-transfer-153,154,4,1.17,DQN-ReLU-transfer
899,transfer,DQN-ReLU-transfer-153,154,3,8.8,DQN-ReLU-transfer
900,transfer,DQN-ReLU-transfer-5,6,1,9.99,DQN-ReLU-transfer
901,transfer,DQN-ReLU-transfer-5,6,4,9.99,DQN-ReLU-transfer
902,transfer,DQN-ReLU-transfer-5,6,3,10.0,DQN-ReLU-transfer
903,transfer,DQN-ReLU-transfer-5,6,2,10.0,DQN-ReLU-transfer
904,transfer,DQN-ReLU-transfer-5,6,0,10.0,DQN-ReLU-transfer
905,transfer,DQN-ReLU-vf5-transfer-20,21,3,10.0,DQN-ReLU-vf5-transfer
906,transfer,DQN-ReLU-vf5-transfer-20,21,2,10.0,DQN-ReLU-vf5-transfer
907,transfer,DQN-ReLU-vf5-transfer-20,21,0,10.0,DQN-ReLU-vf5-transfer
908,transfer,DQN-ReLU-vf5-transfer-20,21,4,9.99,DQN-ReLU-vf5-transfer
909,transfer,DQN-ReLU-vf5-transfer-20,21,1,9.99,DQN-ReLU-vf5-transfer
910,transfer,DQN-ReLU-transfer-72,73,4,9.91,DQN-ReLU-transfer
911,transfer,DQN-ReLU-transfer-72,73,2,9.4,DQN-ReLU-transfer
912,transfer,DQN-ReLU-transfer-72,73,1,9.81,DQN-ReLU-transfer
913,transfer,DQN-ReLU-transfer-72,73,3,9.02,DQN-ReLU-transfer
914,transfer,DQN-ReLU-transfer-72,73,0,10.0,DQN-ReLU-transfer
915,transfer,DQN-ReLU-vf5-transfer-140,141,2,9.99,DQN-ReLU-vf5-transfer
916,transfer,DQN-ReLU-vf5-transfer-140,141,4,10.0,DQN-ReLU-vf5-transfer
917,transfer,DQN-ReLU-vf5-transfer-140,141,3,9.98,DQN-ReLU-vf5-transfer
918,transfer,DQN-ReLU-vf5-transfer-140,141,1,9.98,DQN-ReLU-vf5-transfer
919,transfer,DQN-ReLU-vf5-transfer-140,141,0,10.0,DQN-ReLU-vf5-transfer
920,transfer,DQN-ReLU-vf5-transfer-40,41,3,10.0,DQN-ReLU-vf5-transfer
921,transfer,DQN-ReLU-vf5-transfer-40,41,0,9.99,DQN-ReLU-vf5-transfer
922,transfer,DQN-ReLU-vf5-transfer-40,41,1,9.7,DQN-ReLU-vf5-transfer
923,transfer,DQN-ReLU-vf5-transfer-40,41,4,9.99,DQN-ReLU-vf5-transfer
924,transfer,DQN-ReLU-vf5-transfer-40,41,2,9.59,DQN-ReLU-vf5-transfer
925,transfer,DQN-ReLU-vf5-transfer-7,8,3,9.87,DQN-ReLU-vf5-transfer
926,transfer,DQN-ReLU-vf5-transfer-7,8,0,9.99,DQN-ReLU-vf5-transfer
927,transfer,DQN-ReLU-vf5-transfer-7,8,2,10.0,DQN-ReLU-vf5-transfer
928,transfer,DQN-ReLU-vf5-transfer-7,8,4,9.99,DQN-ReLU-vf5-transfer
929,transfer,DQN-ReLU-vf5-transfer-7,8,1,10.0,DQN-ReLU-vf5-transfer
930,transfer,DQN-ReLU-transfer-133,134,0,8.78,DQN-ReLU-transfer
931,transfer,DQN-ReLU-transfer-133,134,3,9.62,DQN-ReLU-transfer
932,transfer,DQN-ReLU-transfer-133,134,2,8.7,DQN-ReLU-transfer
933,transfer,DQN-ReLU-transfer-133,134,1,8.75,DQN-ReLU-transfer
934,transfer,DQN-ReLU-transfer-133,134,4,6.07,DQN-ReLU-transfer
935,transfer,DQN-ReLU-transfer-49,50,1,9.84,DQN-ReLU-transfer
936,transfer,DQN-ReLU-transfer-49,50,3,9.88,DQN-ReLU-transfer
937,transfer,DQN-ReLU-transfer-49,50,0,10.0,DQN-ReLU-transfer
938,transfer,DQN-ReLU-transfer-49,50,2,9.99,DQN-ReLU-transfer
939,transfer,DQN-ReLU-transfer-49,50,4,9.6,DQN-ReLU-transfer
940,transfer,DQN-ReLU-vf5-transfer-98,99,4,9.78,DQN-ReLU-vf5-transfer
941,transfer,DQN-ReLU-vf5-transfer-98,99,2,8.99,DQN-ReLU-vf5-transfer
942,transfer,DQN-ReLU-vf5-transfer-98,99,3,9.69,DQN-ReLU-vf5-transfer
943,transfer,DQN-ReLU-vf5-transfer-98,99,1,9.91,DQN-ReLU-vf5-transfer
944,transfer,DQN-ReLU-vf5-transfer-98,99,0,9.56,DQN-ReLU-vf5-transfer
945,transfer,DQN-ReLU-vf5-transfer-94,95,0,9.99,DQN-ReLU-vf5-transfer
946,transfer,DQN-ReLU-vf5-transfer-94,95,4,9.89,DQN-ReLU-vf5-transfer
947,transfer,DQN-ReLU-vf5-transfer-94,95,1,9.91,DQN-ReLU-vf5-transfer
948,transfer,DQN-ReLU-vf5-transfer-94,95,3,10.0,DQN-ReLU-vf5-transfer
949,transfer,DQN-ReLU-vf5-transfer-94,95,2,10.0,DQN-ReLU-vf5-transfer
950,transfer,DQN-ReLU-vf5-transfer-116,117,2,9.88,DQN-ReLU-vf5-transfer
951,transfer,DQN-ReLU-vf5-transfer-116,117,3,9.11,DQN-ReLU-vf5-transfer
952,transfer,DQN-ReLU-vf5-transfer-116,117,0,9.99,DQN-ReLU-vf5-transfer
953,transfer,DQN-ReLU-vf5-transfer-116,117,4,9.4,DQN-ReLU-vf5-transfer
954,transfer,DQN-ReLU-vf5-transfer-116,117,1,9.02,DQN-ReLU-vf5-transfer
955,transfer,DQN-ReLU-vf5-transfer-76,77,0,10.0,DQN-ReLU-vf5-transfer
956,transfer,DQN-ReLU-vf5-transfer-76,77,4,9.7,DQN-ReLU-vf5-transfer
957,transfer,DQN-ReLU-vf5-transfer-76,77,1,9.99,DQN-ReLU-vf5-transfer
958,transfer,DQN-ReLU-vf5-transfer-76,77,2,9.91,DQN-ReLU-vf5-transfer
959,transfer,DQN-ReLU-vf5-transfer-76,77,3,9.83,DQN-ReLU-vf5-transfer
960,transfer,DQN-ReLU-transfer-44,45,1,9.95,DQN-ReLU-transfer
961,transfer,DQN-ReLU-transfer-44,45,3,9.96,DQN-ReLU-transfer
962,transfer,DQN-ReLU-transfer-44,45,2,9.88,DQN-ReLU-transfer
963,transfer,DQN-ReLU-transfer-44,45,0,10.0,DQN-ReLU-transfer
964,transfer,DQN-ReLU-transfer-44,45,4,9.96,DQN-ReLU-transfer
965,transfer,DQN-ReLU-transfer-164,165,3,9.09,DQN-ReLU-transfer
966,transfer,DQN-ReLU-transfer-164,165,0,8.43,DQN-ReLU-transfer
967,transfer,DQN-ReLU-transfer-164,165,4,3.49,DQN-ReLU-transfer
968,transfer,DQN-ReLU-transfer-164,165,1,7.35,DQN-ReLU-transfer
969,transfer,DQN-ReLU-transfer-164,165,2,5.5,DQN-ReLU-transfer
970,transfer,DQN-ReLU-transfer-45,46,2,2.7,DQN-ReLU-transfer
971,transfer,DQN-ReLU-transfer-45,46,0,8.35,DQN-ReLU-transfer
972,transfer,DQN-ReLU-transfer-45,46,1,9.99,DQN-ReLU-transfer
973,transfer,DQN-ReLU-transfer-45,46,4,9.98,DQN-ReLU-transfer
974,transfer,DQN-ReLU-transfer-45,46,3,9.97,DQN-ReLU-transfer
975,transfer,DQN-ReLU-transfer-90,91,0,8.870000000000001,DQN-ReLU-transfer
976,transfer,DQN-ReLU-transfer-90,91,3,8.219999999999999,DQN-ReLU-transfer
977,transfer,DQN-ReLU-transfer-90,91,1,7.38,DQN-ReLU-transfer
978,transfer,DQN-ReLU-transfer-90,91,4,6.37,DQN-ReLU-transfer
979,transfer,DQN-ReLU-transfer-90,91,2,5.26,DQN-ReLU-transfer
980,transfer,DQN-ReLU-vf5-transfer-121,122,1,9.99,DQN-ReLU-vf5-transfer
981,transfer,DQN-ReLU-vf5-transfer-121,122,0,9.44,DQN-ReLU-vf5-transfer
982,transfer,DQN-ReLU-vf5-transfer-121,122,2,9.05,DQN-ReLU-vf5-transfer
983,transfer,DQN-ReLU-vf5-transfer-121,122,3,10.0,DQN-ReLU-vf5-transfer
984,transfer,DQN-ReLU-vf5-transfer-121,122,4,7.29,DQN-ReLU-vf5-transfer
985,transfer,DQN-ReLU-transfer-152,153,1,7.2,DQN-ReLU-transfer
986,transfer,DQN-ReLU-transfer-152,153,0,8.469999999999999,DQN-ReLU-transfer
987,transfer,DQN-ReLU-transfer-152,153,4,4.08,DQN-ReLU-transfer
988,transfer,DQN-ReLU-transfer-152,153,2,6.58,DQN-ReLU-transfer
989,transfer,DQN-ReLU-transfer-152,153,3,9.27,DQN-ReLU-transfer
990,transfer,DQN-ReLU-transfer-73,74,1,8.18,DQN-ReLU-transfer
991,transfer,DQN-ReLU-transfer-73,74,3,8.870000000000001,DQN-ReLU-transfer
992,transfer,DQN-ReLU-transfer-73,74,4,9.74,DQN-ReLU-transfer
993,transfer,DQN-ReLU-transfer-73,74,0,10.0,DQN-ReLU-transfer
994,transfer,DQN-ReLU-transfer-73,74,2,9.35,DQN-ReLU-transfer
995,transfer,DQN-ReLU-transfer-25,26,3,9.99,DQN-ReLU-transfer
996,transfer,DQN-ReLU-transfer-25,26,2,9.99,DQN-ReLU-transfer
997,transfer,DQN-ReLU-transfer-25,26,0,9.43,DQN-ReLU-transfer
998,transfer,DQN-ReLU-transfer-25,26,1,10.0,DQN-ReLU-transfer
999,transfer,DQN-ReLU-transfer-25,26,4,9.98,DQN-ReLU-transfer
1000,transfer,DQN-ReLU-transfer-169,170,3,9.21,DQN-ReLU-transfer
1001,transfer,DQN-ReLU-transfer-169,170,1,6.42,DQN-ReLU-transfer
1002,transfer,DQN-ReLU-transfer-169,170,0,1.58,DQN-ReLU-transfer
1003,transfer,DQN-ReLU-transfer-169,170,2,7.1899999999999995,DQN-ReLU-transfer
1004,transfer,DQN-ReLU-transfer-169,170,4,1.83,DQN-ReLU-transfer
1005,transfer,DQN-ReLU-vf5-transfer-6,7,3,8.24,DQN-ReLU-vf5-transfer
1006,transfer,DQN-ReLU-vf5-transfer-6,7,1,10.0,DQN-ReLU-vf5-transfer
1007,transfer,DQN-ReLU-vf5-transfer-6,7,4,10.0,DQN-ReLU-vf5-transfer
1008,transfer,DQN-ReLU-vf5-transfer-6,7,0,8.31,DQN-ReLU-vf5-transfer
1009,transfer,DQN-ReLU-vf5-transfer-6,7,2,9.99,DQN-ReLU-vf5-transfer
1010,transfer,DQN-ReLU-transfer-132,133,3,7.0,DQN-ReLU-transfer
1011,transfer,DQN-ReLU-transfer-132,133,0,8.95,DQN-ReLU-transfer
1012,transfer,DQN-ReLU-transfer-132,133,2,6.16,DQN-ReLU-transfer
1013,transfer,DQN-ReLU-transfer-132,133,1,6.720000000000001,DQN-ReLU-transfer
1014,transfer,DQN-ReLU-transfer-132,133,4,8.39,DQN-ReLU-transfer
1015,transfer,DQN-ReLU-transfer-48,49,1,9.9,DQN-ReLU-transfer
1016,transfer,DQN-ReLU-transfer-48,49,4,9.97,DQN-ReLU-transfer
1017,transfer,DQN-ReLU-transfer-48,49,3,9.99,DQN-ReLU-transfer
1018,transfer,DQN-ReLU-transfer-48,49,2,9.92,DQN-ReLU-transfer
1019,transfer,DQN-ReLU-transfer-48,49,0,10.0,DQN-ReLU-transfer
1020,transfer,DQN-ReLU-vf5-transfer-82,83,4,9.25,DQN-ReLU-vf5-transfer
1021,transfer,DQN-ReLU-vf5-transfer-82,83,2,9.41,DQN-ReLU-vf5-transfer
1022,transfer,DQN-ReLU-vf5-transfer-82,83,3,9.53,DQN-ReLU-vf5-transfer
1023,transfer,DQN-ReLU-vf5-transfer-82,83,1,9.25,DQN-ReLU-vf5-transfer
1024,transfer,DQN-ReLU-vf5-transfer-82,83,0,10.0,DQN-ReLU-vf5-transfer
1025,transfer,DQN-ReLU-vf5-transfer-95,96,0,9.3,DQN-ReLU-vf5-transfer
1026,transfer,DQN-ReLU-vf5-transfer-95,96,2,8.870000000000001,DQN-ReLU-vf5-transfer
1027,transfer,DQN-ReLU-vf5-transfer-95,96,1,8.879999999999999,DQN-ReLU-vf5-transfer
1028,transfer,DQN-ReLU-vf5-transfer-95,96,3,9.93,DQN-ReLU-vf5-transfer
1029,transfer,DQN-ReLU-vf5-transfer-95,96,4,9.22,DQN-ReLU-vf5-transfer
1030,transfer,DQN-ReLU-vf5-transfer-77,78,4,9.22,DQN-ReLU-vf5-transfer
1031,transfer,DQN-ReLU-vf5-transfer-77,78,0,9.97,DQN-ReLU-vf5-transfer
1032,transfer,DQN-ReLU-vf5-transfer-77,78,1,9.95,DQN-ReLU-vf5-transfer
1033,transfer,DQN-ReLU-vf5-transfer-77,78,3,9.96,DQN-ReLU-vf5-transfer
1034,transfer,DQN-ReLU-vf5-transfer-77,78,2,9.3,DQN-ReLU-vf5-transfer
1035,transfer,DQN-ReLU-transfer-8,9,4,10.0,DQN-ReLU-transfer
1036,transfer,DQN-ReLU-transfer-8,9,3,10.0,DQN-ReLU-transfer
1037,transfer,DQN-ReLU-transfer-8,9,2,9.97,DQN-ReLU-transfer
1038,transfer,DQN-ReLU-transfer-8,9,1,9.99,DQN-ReLU-transfer
1039,transfer,DQN-ReLU-transfer-8,9,0,10.0,DQN-ReLU-transfer
1040,transfer,DQN-ReLU-transfer-168,169,1,6.46,DQN-ReLU-transfer
1041,transfer,DQN-ReLU-transfer-168,169,4,1.62,DQN-ReLU-transfer
1042,transfer,DQN-ReLU-transfer-168,169,3,8.57,DQN-ReLU-transfer
1043,transfer,DQN-ReLU-transfer-168,169,0,8.11,DQN-ReLU-transfer
1044,transfer,DQN-ReLU-transfer-168,169,2,3.86,DQN-ReLU-transfer
1045,transfer,DQN-ReLU-transfer-109,110,4,9.77,DQN-ReLU-transfer
1046,transfer,DQN-ReLU-transfer-109,110,0,9.52,DQN-ReLU-transfer
1047,transfer,DQN-ReLU-transfer-109,110,1,9.18,DQN-ReLU-transfer
1048,transfer,DQN-ReLU-transfer-109,110,3,9.74,DQN-ReLU-transfer
1049,transfer,DQN-ReLU-transfer-109,110,2,9.15,DQN-ReLU-transfer
1050,transfer,DQN-ReLU-transfer-145,146,3,9.1,DQN-ReLU-transfer
1051,transfer,DQN-ReLU-transfer-145,146,0,9.5,DQN-ReLU-transfer
1052,transfer,DQN-ReLU-transfer-145,146,1,9.2,DQN-ReLU-transfer
1053,transfer,DQN-ReLU-transfer-145,146,4,8.85,DQN-ReLU-transfer
1054,transfer,DQN-ReLU-transfer-145,146,2,8.73,DQN-ReLU-transfer
1055,transfer,DQN-ReLU-vf5-transfer-120,121,4,9.93,DQN-ReLU-vf5-transfer
1056,transfer,DQN-ReLU-vf5-transfer-120,121,1,10.0,DQN-ReLU-vf5-transfer
1057,transfer,DQN-ReLU-vf5-transfer-120,121,2,9.33,DQN-ReLU-vf5-transfer
1058,transfer,DQN-ReLU-vf5-transfer-120,121,0,9.65,DQN-ReLU-vf5-transfer
1059,transfer,DQN-ReLU-vf5-transfer-120,121,3,9.99,DQN-ReLU-vf5-transfer
1060,transfer,DQN-ReLU-transfer-91,92,0,9.9,DQN-ReLU-transfer
1061,transfer,DQN-ReLU-transfer-91,92,4,9.02,DQN-ReLU-transfer
1062,transfer,DQN-ReLU-transfer-91,92,1,9.83,DQN-ReLU-transfer
1063,transfer,DQN-ReLU-transfer-91,92,3,7.66,DQN-ReLU-transfer
1064,transfer,DQN-ReLU-transfer-91,92,2,9.7,DQN-ReLU-transfer
1065,transfer,DQN-ReLU-transfer-4,5,0,10.0,DQN-ReLU-transfer
1066,transfer,DQN-ReLU-transfer-4,5,3,9.99,DQN-ReLU-transfer
1067,transfer,DQN-ReLU-transfer-4,5,2,10.0,DQN-ReLU-transfer
1068,transfer,DQN-ReLU-transfer-4,5,4,9.99,DQN-ReLU-transfer
1069,transfer,DQN-ReLU-transfer-4,5,1,10.0,DQN-ReLU-transfer
1070,transfer,DQN-ReLU-transfer-65,66,2,5.15,DQN-ReLU-transfer
1071,transfer,DQN-ReLU-transfer-65,66,1,8.98,DQN-ReLU-transfer
1072,transfer,DQN-ReLU-transfer-65,66,0,9.03,DQN-ReLU-transfer
1073,transfer,DQN-ReLU-transfer-65,66,4,9.04,DQN-ReLU-transfer
1074,transfer,DQN-ReLU-transfer-65,66,3,8.4,DQN-ReLU-transfer
1075,transfer,DQN-ReLU-vf5-transfer-16,17,3,9.97,DQN-ReLU-vf5-transfer
1076,transfer,DQN-ReLU-vf5-transfer-16,17,2,9.58,DQN-ReLU-vf5-transfer
1077,transfer,DQN-ReLU-vf5-transfer-16,17,1,10.0,DQN-ReLU-vf5-transfer
1078,transfer,DQN-ReLU-vf5-transfer-16,17,4,9.95,DQN-ReLU-vf5-transfer
1079,transfer,DQN-ReLU-vf5-transfer-16,17,0,9.89,DQN-ReLU-vf5-transfer
1080,transfer,DQN-ReLU-vf5-transfer-157,158,0,8.969999999999999,DQN-ReLU-vf5-transfer
1081,transfer,DQN-ReLU-vf5-transfer-157,158,4,9.9,DQN-ReLU-vf5-transfer
1082,transfer,DQN-ReLU-vf5-transfer-157,158,3,10.0,DQN-ReLU-vf5-transfer
1083,transfer,DQN-ReLU-vf5-transfer-157,158,1,9.99,DQN-ReLU-vf5-transfer
1084,transfer,DQN-ReLU-vf5-transfer-157,158,2,9.07,DQN-ReLU-vf5-transfer
1085,transfer,DQN-ReLU-transfer-69,70,2,9.96,DQN-ReLU-transfer
1086,transfer,DQN-ReLU-transfer-69,70,4,9.97,DQN-ReLU-transfer
1087,transfer,DQN-ReLU-transfer-69,70,1,9.77,DQN-ReLU-transfer
1088,transfer,DQN-ReLU-transfer-69,70,0,9.91,DQN-ReLU-transfer
1089,transfer,DQN-ReLU-transfer-69,70,3,9.99,DQN-ReLU-transfer
1090,transfer,DQN-ReLU-vf5-transfer-21,22,3,9.95,DQN-ReLU-vf5-transfer
1091,transfer,DQN-ReLU-vf5-transfer-21,22,4,9.07,DQN-ReLU-vf5-transfer
1092,transfer,DQN-ReLU-vf5-transfer-21,22,1,9.66,DQN-ReLU-vf5-transfer
1093,transfer,DQN-ReLU-vf5-transfer-21,22,0,9.95,DQN-ReLU-vf5-transfer
1094,transfer,DQN-ReLU-vf5-transfer-21,22,2,9.96,DQN-ReLU-vf5-transfer
1095,transfer,DQN-ReLU-transfer-105,106,3,5.209999999999999,DQN-ReLU-transfer
1096,transfer,DQN-ReLU-transfer-105,106,4,2.35,DQN-ReLU-transfer
1097,transfer,DQN-ReLU-transfer-105,106,1,5.24,DQN-ReLU-transfer
1098,transfer,DQN-ReLU-transfer-105,106,2,0.5700000000000001,DQN-ReLU-transfer
1099,transfer,DQN-ReLU-transfer-105,106,0,8.27,DQN-ReLU-transfer
1100,transfer,DQN-ReLU-transfer-33,34,4,9.9,DQN-ReLU-transfer
1101,transfer,DQN-ReLU-transfer-33,34,1,10.0,DQN-ReLU-transfer
1102,transfer,DQN-ReLU-transfer-33,34,2,9.98,DQN-ReLU-transfer
1103,transfer,DQN-ReLU-transfer-33,34,3,10.0,DQN-ReLU-transfer
1104,transfer,DQN-ReLU-transfer-33,34,0,10.0,DQN-ReLU-transfer
1105,transfer,DQN-ReLU-transfer-124,125,4,1.92,DQN-ReLU-transfer
1106,transfer,DQN-ReLU-transfer-124,125,1,6.21,DQN-ReLU-transfer
1107,transfer,DQN-ReLU-transfer-124,125,0,8.620000000000001,DQN-ReLU-transfer
1108,transfer,DQN-ReLU-transfer-124,125,3,9.18,DQN-ReLU-transfer
1109,transfer,DQN-ReLU-transfer-124,125,2,8.13,DQN-ReLU-transfer
1110,transfer,DQN-ReLU-transfer-149,150,0,8.94,DQN-ReLU-transfer
1111,transfer,DQN-ReLU-transfer-149,150,3,9.2,DQN-ReLU-transfer
1112,transfer,DQN-ReLU-transfer-149,150,4,2.0600000000000005,DQN-ReLU-transfer
1113,transfer,DQN-ReLU-transfer-149,150,2,7.5,DQN-ReLU-transfer
1114,transfer,DQN-ReLU-transfer-149,150,1,8.620000000000001,DQN-ReLU-transfer
1115,transfer,DQN-ReLU-transfer-12,13,2,10.0,DQN-ReLU-transfer
1116,transfer,DQN-ReLU-transfer-12,13,1,10.0,DQN-ReLU-transfer
1117,transfer,DQN-ReLU-transfer-12,13,0,10.0,DQN-ReLU-transfer
1118,transfer,DQN-ReLU-transfer-12,13,4,10.0,DQN-ReLU-transfer
1119,transfer,DQN-ReLU-transfer-12,13,3,10.0,DQN-ReLU-transfer
1120,transfer,DQN-ReLU-transfer-113,114,0,3.76,DQN-ReLU-transfer
1121,transfer,DQN-ReLU-transfer-113,114,2,7.35,DQN-ReLU-transfer
1122,transfer,DQN-ReLU-transfer-113,114,3,6.71,DQN-ReLU-transfer
1123,transfer,DQN-ReLU-transfer-113,114,1,9.12,DQN-ReLU-transfer
1124,transfer,DQN-ReLU-transfer-113,114,4,8.27,DQN-ReLU-transfer
1125,transfer,DQN-ReLU-vf5-transfer-101,102,4,9.21,DQN-ReLU-vf5-transfer
1126,transfer,DQN-ReLU-vf5-transfer-101,102,1,9.87,DQN-ReLU-vf5-transfer
1127,transfer,DQN-ReLU-vf5-transfer-101,102,3,9.99,DQN-ReLU-vf5-transfer
1128,transfer,DQN-ReLU-vf5-transfer-101,102,0,9.9,DQN-ReLU-vf5-transfer
1129,transfer,DQN-ReLU-vf5-transfer-101,102,2,9.48,DQN-ReLU-vf5-transfer
1130,transfer,DQN-ReLU-vf5-transfer-56,57,1,8.22,DQN-ReLU-vf5-transfer
1131,transfer,DQN-ReLU-vf5-transfer-56,57,3,10.0,DQN-ReLU-vf5-transfer
1132,transfer,DQN-ReLU-vf5-transfer-56,57,2,9.16,DQN-ReLU-vf5-transfer
1133,transfer,DQN-ReLU-vf5-transfer-56,57,4,9.88,DQN-ReLU-vf5-transfer
1134,transfer,DQN-ReLU-vf5-transfer-56,57,0,9.39,DQN-ReLU-vf5-transfer
1135,transfer,DQN-ReLU-transfer-29,30,4,9.99,DQN-ReLU-transfer
1136,transfer,DQN-ReLU-transfer-29,30,3,9.97,DQN-ReLU-transfer
1137,transfer,DQN-ReLU-transfer-29,30,1,10.0,DQN-ReLU-transfer
1138,transfer,DQN-ReLU-transfer-29,30,2,9.97,DQN-ReLU-transfer
1139,transfer,DQN-ReLU-transfer-29,30,0,10.0,DQN-ReLU-transfer
1140,transfer,DQN-ReLU-vf5-transfer-37,38,4,8.16,DQN-ReLU-vf5-transfer
1141,transfer,DQN-ReLU-vf5-transfer-37,38,3,10.0,DQN-ReLU-vf5-transfer
1142,transfer,DQN-ReLU-vf5-transfer-37,38,2,9.99,DQN-ReLU-vf5-transfer
1143,transfer,DQN-ReLU-vf5-transfer-37,38,0,10.0,DQN-ReLU-vf5-transfer
1144,transfer,DQN-ReLU-vf5-transfer-37,38,1,9.12,DQN-ReLU-vf5-transfer
1145,transfer,DQN-ReLU-transfer-128,129,4,9.43,DQN-ReLU-transfer
1146,transfer,DQN-ReLU-transfer-128,129,0,9.68,DQN-ReLU-transfer
1147,transfer,DQN-ReLU-transfer-128,129,3,9.66,DQN-ReLU-transfer
1148,transfer,DQN-ReLU-transfer-128,129,2,9.87,DQN-ReLU-transfer
1149,transfer,DQN-ReLU-transfer-128,129,1,9.74,DQN-ReLU-transfer
1150,transfer,DQN-ReLU-vf5-transfer-160,161,4,9.35,DQN-ReLU-vf5-transfer
1151,transfer,DQN-ReLU-vf5-transfer-160,161,3,9.58,DQN-ReLU-vf5-transfer
1152,transfer,DQN-ReLU-vf5-transfer-160,161,0,8.33,DQN-ReLU-vf5-transfer
1153,transfer,DQN-ReLU-vf5-transfer-160,161,1,9.15,DQN-ReLU-vf5-transfer
1154,transfer,DQN-ReLU-vf5-transfer-160,161,2,9.06,DQN-ReLU-vf5-transfer
1155,transfer,DQN-ReLU-vf5-transfer-83,84,4,9.21,DQN-ReLU-vf5-transfer
1156,transfer,DQN-ReLU-vf5-transfer-83,84,0,9.53,DQN-ReLU-vf5-transfer
1157,transfer,DQN-ReLU-vf5-transfer-83,84,1,9.97,DQN-ReLU-vf5-transfer
1158,transfer,DQN-ReLU-vf5-transfer-83,84,3,10.0,DQN-ReLU-vf5-transfer
1159,transfer,DQN-ReLU-vf5-transfer-83,84,2,9.94,DQN-ReLU-vf5-transfer
1160,transfer,DQN-ReLU-transfer-86,87,2,1.14,DQN-ReLU-transfer
1161,transfer,DQN-ReLU-transfer-86,87,0,9.2,DQN-ReLU-transfer
1162,transfer,DQN-ReLU-transfer-86,87,4,1.9299999999999995,DQN-ReLU-transfer
1163,transfer,DQN-ReLU-transfer-86,87,1,7.04,DQN-ReLU-transfer
1164,transfer,DQN-ReLU-transfer-86,87,3,6.92,DQN-ReLU-transfer
1165,transfer,DQN-ReLU-vf5-transfer-61,62,0,9.15,DQN-ReLU-vf5-transfer
1166,transfer,DQN-ReLU-vf5-transfer-61,62,4,9.98,DQN-ReLU-vf5-transfer
1167,transfer,DQN-ReLU-vf5-transfer-61,62,3,10.0,DQN-ReLU-vf5-transfer
1168,transfer,DQN-ReLU-vf5-transfer-61,62,2,9.88,DQN-ReLU-vf5-transfer
1169,transfer,DQN-ReLU-vf5-transfer-61,62,1,10.0,DQN-ReLU-vf5-transfer
1170,transfer,DQN-ReLU-vf5-transfer-141,142,0,9.46,DQN-ReLU-vf5-transfer
1171,transfer,DQN-ReLU-vf5-transfer-141,142,3,10.0,DQN-ReLU-vf5-transfer
1172,transfer,DQN-ReLU-vf5-transfer-141,142,1,10.0,DQN-ReLU-vf5-transfer
1173,transfer,DQN-ReLU-vf5-transfer-141,142,2,10.0,DQN-ReLU-vf5-transfer
1174,transfer,DQN-ReLU-vf5-transfer-141,142,4,9.94,DQN-ReLU-vf5-transfer
1175,transfer,DQN-ReLU-transfer-52,53,1,9.88,DQN-ReLU-transfer
1176,transfer,DQN-ReLU-transfer-52,53,2,9.86,DQN-ReLU-transfer
1177,transfer,DQN-ReLU-transfer-52,53,4,9.95,DQN-ReLU-transfer
1178,transfer,DQN-ReLU-transfer-52,53,0,9.9,DQN-ReLU-transfer
1179,transfer,DQN-ReLU-transfer-52,53,3,9.83,DQN-ReLU-transfer
1180,transfer,DQN-ReLU-transfer-64,65,4,9.45,DQN-ReLU-transfer
1181,transfer,DQN-ReLU-transfer-64,65,2,6.07,DQN-ReLU-transfer
1182,transfer,DQN-ReLU-transfer-64,65,0,9.93,DQN-ReLU-transfer
1183,transfer,DQN-ReLU-transfer-64,65,1,9.16,DQN-ReLU-transfer
1184,transfer,DQN-ReLU-transfer-64,65,3,8.92,DQN-ReLU-transfer
1185,transfer,DQN-ReLU-vf5-transfer-57,58,4,9.58,DQN-ReLU-vf5-transfer
1186,transfer,DQN-ReLU-vf5-transfer-57,58,0,8.64,DQN-ReLU-vf5-transfer
1187,transfer,DQN-ReLU-vf5-transfer-57,58,1,9.99,DQN-ReLU-vf5-transfer
1188,transfer,DQN-ReLU-vf5-transfer-57,58,2,9.71,DQN-ReLU-vf5-transfer
1189,transfer,DQN-ReLU-vf5-transfer-57,58,3,10.0,DQN-ReLU-vf5-transfer
1190,transfer,DQN-ReLU-vf5-transfer-137,138,4,9.8,DQN-ReLU-vf5-transfer
1191,transfer,DQN-ReLU-vf5-transfer-137,138,2,9.21,DQN-ReLU-vf5-transfer
1192,transfer,DQN-ReLU-vf5-transfer-137,138,3,9.98,DQN-ReLU-vf5-transfer
1193,transfer,DQN-ReLU-vf5-transfer-137,138,1,7.5,DQN-ReLU-vf5-transfer
1194,transfer,DQN-ReLU-vf5-transfer-137,138,0,9.68,DQN-ReLU-vf5-transfer
1195,transfer,DQN-ReLU-vf5-transfer-156,157,0,9.78,DQN-ReLU-vf5-transfer
1196,transfer,DQN-ReLU-vf5-transfer-156,157,1,8.99,DQN-ReLU-vf5-transfer
1197,transfer,DQN-ReLU-vf5-transfer-156,157,4,9.06,DQN-ReLU-vf5-transfer
1198,transfer,DQN-ReLU-vf5-transfer-156,157,2,9.61,DQN-ReLU-vf5-transfer
1199,transfer,DQN-ReLU-vf5-transfer-156,157,3,9.96,DQN-ReLU-vf5-transfer
1200,transfer,DQN-ReLU-transfer-144,145,0,8.91,DQN-ReLU-transfer
1201,transfer,DQN-ReLU-transfer-144,145,1,8.469999999999999,DQN-ReLU-transfer
1202,transfer,DQN-ReLU-transfer-144,145,2,8.44,DQN-ReLU-transfer
1203,transfer,DQN-ReLU-transfer-144,145,3,9.22,DQN-ReLU-transfer
1204,transfer,DQN-ReLU-transfer-144,145,4,6.800000000000001,DQN-ReLU-transfer
1205,transfer,DQN-ReLU-transfer-32,33,3,10.0,DQN-ReLU-transfer
1206,transfer,DQN-ReLU-transfer-32,33,1,10.0,DQN-ReLU-transfer
1207,transfer,DQN-ReLU-transfer-32,33,0,9.11,DQN-ReLU-transfer
1208,transfer,DQN-ReLU-transfer-32,33,4,9.97,DQN-ReLU-transfer
1209,transfer,DQN-ReLU-transfer-32,33,2,9.96,DQN-ReLU-transfer
1210,transfer,DQN-ReLU-transfer-22,23,1,10.0,DQN-ReLU-transfer
1211,transfer,DQN-ReLU-transfer-22,23,4,10.0,DQN-ReLU-transfer
1212,transfer,DQN-ReLU-transfer-22,23,3,9.99,DQN-ReLU-transfer
1213,transfer,DQN-ReLU-transfer-22,23,0,10.0,DQN-ReLU-transfer
1214,transfer,DQN-ReLU-transfer-22,23,2,9.99,DQN-ReLU-transfer
1215,transfer,DQN-ReLU-transfer-129,130,3,9.06,DQN-ReLU-transfer
1216,transfer,DQN-ReLU-transfer-129,130,0,8.47,DQN-ReLU-transfer
1217,transfer,DQN-ReLU-transfer-129,130,4,7.66,DQN-ReLU-transfer
1218,transfer,DQN-ReLU-transfer-129,130,2,7.06,DQN-ReLU-transfer
1219,transfer,DQN-ReLU-transfer-129,130,1,8.89,DQN-ReLU-transfer
1220,transfer,DQN-ReLU-transfer-148,149,4,7.31,DQN-ReLU-transfer
1221,transfer,DQN-ReLU-transfer-148,149,3,9.14,DQN-ReLU-transfer
1222,transfer,DQN-ReLU-transfer-148,149,2,8.120000000000001,DQN-ReLU-transfer
1223,transfer,DQN-ReLU-transfer-148,149,0,1.1700000000000002,DQN-ReLU-transfer
1224,transfer,DQN-ReLU-transfer-148,149,1,7.220000000000001,DQN-ReLU-transfer
1225,transfer,DQN-ReLU-vf5-transfer-136,137,4,9.76,DQN-ReLU-vf5-transfer
1226,transfer,DQN-ReLU-vf5-transfer-136,137,1,8.14,DQN-ReLU-vf5-transfer
1227,transfer,DQN-ReLU-vf5-transfer-136,137,0,9.89,DQN-ReLU-vf5-transfer
1228,transfer,DQN-ReLU-vf5-transfer-136,137,3,9.94,DQN-ReLU-vf5-transfer
1229,transfer,DQN-ReLU-vf5-transfer-136,137,2,9.02,DQN-ReLU-vf5-transfer
1230,transfer,DQN-ReLU-transfer-53,54,4,9.71,DQN-ReLU-transfer
1231,transfer,DQN-ReLU-transfer-53,54,2,9.17,DQN-ReLU-transfer
1232,transfer,DQN-ReLU-transfer-53,54,3,9.29,DQN-ReLU-transfer
1233,transfer,DQN-ReLU-transfer-53,54,1,9.76,DQN-ReLU-transfer
1234,transfer,DQN-ReLU-transfer-53,54,0,9.96,DQN-ReLU-transfer
1235,transfer,DQN-ReLU-transfer-68,69,1,9.25,DQN-ReLU-transfer
1236,transfer,DQN-ReLU-transfer-68,69,2,9.32,DQN-ReLU-transfer
1237,transfer,DQN-ReLU-transfer-68,69,0,9.93,DQN-ReLU-transfer
1238,transfer,DQN-ReLU-transfer-68,69,4,9.02,DQN-ReLU-transfer
1239,transfer,DQN-ReLU-transfer-68,69,3,9.46,DQN-ReLU-transfer
1240,transfer,DQN-ReLU-vf5-transfer-36,37,4,10.0,DQN-ReLU-vf5-transfer
1241,transfer,DQN-ReLU-vf5-transfer-36,37,1,10.0,DQN-ReLU-vf5-transfer
1242,transfer,DQN-ReLU-vf5-transfer-36,37,2,10.0,DQN-ReLU-vf5-transfer
1243,transfer,DQN-ReLU-vf5-transfer-36,37,0,9.04,DQN-ReLU-vf5-transfer
1244,transfer,DQN-ReLU-vf5-transfer-36,37,3,10.0,DQN-ReLU-vf5-transfer
1245,transfer,DQN-ReLU-transfer-112,113,2,1.84,DQN-ReLU-transfer
1246,transfer,DQN-ReLU-transfer-112,113,1,8.440000000000001,DQN-ReLU-transfer
1247,transfer,DQN-ReLU-transfer-112,113,4,5.38,DQN-ReLU-transfer
1248,transfer,DQN-ReLU-transfer-112,113,3,7.84,DQN-ReLU-transfer
1249,transfer,DQN-ReLU-transfer-112,113,0,8.54,DQN-ReLU-transfer
1250,transfer,DQN-ReLU-vf5-transfer-17,18,0,10.0,DQN-ReLU-vf5-transfer
1251,transfer,DQN-ReLU-vf5-transfer-17,18,2,10.0,DQN-ReLU-vf5-transfer
1252,transfer,DQN-ReLU-vf5-transfer-17,18,3,10.0,DQN-ReLU-vf5-transfer
1253,transfer,DQN-ReLU-vf5-transfer-17,18,4,10.0,DQN-ReLU-vf5-transfer
1254,transfer,DQN-ReLU-vf5-transfer-17,18,1,10.0,DQN-ReLU-vf5-transfer
1255,transfer,DQN-ReLU-vf5-transfer-60,61,4,10.0,DQN-ReLU-vf5-transfer
1256,transfer,DQN-ReLU-vf5-transfer-60,61,1,10.0,DQN-ReLU-vf5-transfer
1257,transfer,DQN-ReLU-vf5-transfer-60,61,0,9.63,DQN-ReLU-vf5-transfer
1258,transfer,DQN-ReLU-vf5-transfer-60,61,3,10.0,DQN-ReLU-vf5-transfer
1259,transfer,DQN-ReLU-vf5-transfer-60,61,2,9.96,DQN-ReLU-vf5-transfer
1260,transfer,DQN-ReLU-vf5-transfer-26,27,1,9.43,DQN-ReLU-vf5-transfer
1261,transfer,DQN-ReLU-vf5-transfer-26,27,3,9.97,DQN-ReLU-vf5-transfer
1262,transfer,DQN-ReLU-vf5-transfer-26,27,0,10.0,DQN-ReLU-vf5-transfer
1263,transfer,DQN-ReLU-vf5-transfer-26,27,4,10.0,DQN-ReLU-vf5-transfer
1264,transfer,DQN-ReLU-vf5-transfer-26,27,2,10.0,DQN-ReLU-vf5-transfer
1265,transfer,DQN-ReLU-transfer-125,126,1,6.62,DQN-ReLU-transfer
1266,transfer,DQN-ReLU-transfer-125,126,0,7.08,DQN-ReLU-transfer
1267,transfer,DQN-ReLU-transfer-125,126,4,1.82,DQN-ReLU-transfer
1268,transfer,DQN-ReLU-transfer-125,126,2,0.96,DQN-ReLU-transfer
1269,transfer,DQN-ReLU-transfer-125,126,3,7.3,DQN-ReLU-transfer
1270,transfer,DQN-ReLU-transfer-24,25,0,10.0,DQN-ReLU-transfer
1271,transfer,DQN-ReLU-transfer-24,25,2,9.98,DQN-ReLU-transfer
1272,transfer,DQN-ReLU-transfer-24,25,4,9.95,DQN-ReLU-transfer
1273,transfer,DQN-ReLU-transfer-24,25,1,10.0,DQN-ReLU-transfer
1274,transfer,DQN-ReLU-transfer-24,25,3,9.98,DQN-ReLU-transfer
1275,transfer,DQN-ReLU-vf5-transfer--1,0,3,9.64,DQN-ReLU-vf5-transfer
1276,transfer,DQN-ReLU-vf5-transfer--1,0,2,9.5,DQN-ReLU-vf5-transfer
1277,transfer,DQN-ReLU-vf5-transfer--1,0,4,9.99,DQN-ReLU-vf5-transfer
1278,transfer,DQN-ReLU-vf5-transfer--1,0,1,9.97,DQN-ReLU-vf5-transfer
1279,transfer,DQN-ReLU-vf5-transfer--1,0,0,9.96,DQN-ReLU-vf5-transfer
1280,transfer,DQN-ReLU-vf5-transfer-100,101,0,9.16,DQN-ReLU-vf5-transfer
1281,transfer,DQN-ReLU-vf5-transfer-100,101,4,9.04,DQN-ReLU-vf5-transfer
1282,transfer,DQN-ReLU-vf5-transfer-100,101,3,9.56,DQN-ReLU-vf5-transfer
1283,transfer,DQN-ReLU-vf5-transfer-100,101,2,9.08,DQN-ReLU-vf5-transfer
1284,transfer,DQN-ReLU-vf5-transfer-100,101,1,9.2,DQN-ReLU-vf5-transfer
1285,transfer,DQN-ReLU-vf5-transfer-71,72,0,10.0,DQN-ReLU-vf5-transfer
1286,transfer,DQN-ReLU-vf5-transfer-71,72,4,10.0,DQN-ReLU-vf5-transfer
1287,transfer,DQN-ReLU-vf5-transfer-71,72,3,10.0,DQN-ReLU-vf5-transfer
1288,transfer,DQN-ReLU-vf5-transfer-71,72,1,10.0,DQN-ReLU-vf5-transfer
1289,transfer,DQN-ReLU-vf5-transfer-71,72,2,9.33,DQN-ReLU-vf5-transfer
1290,transfer,DQN-ReLU-vf5-transfer-99,100,2,9.98,DQN-ReLU-vf5-transfer
1291,transfer,DQN-ReLU-vf5-transfer-99,100,4,9.37,DQN-ReLU-vf5-transfer
1292,transfer,DQN-ReLU-vf5-transfer-99,100,3,9.11,DQN-ReLU-vf5-transfer
1293,transfer,DQN-ReLU-vf5-transfer-99,100,0,9.3,DQN-ReLU-vf5-transfer
1294,transfer,DQN-ReLU-vf5-transfer-99,100,1,9.49,DQN-ReLU-vf5-transfer
1295,transfer,DQN-ReLU-transfer-13,14,2,9.96,DQN-ReLU-transfer
1296,transfer,DQN-ReLU-transfer-13,14,4,10.0,DQN-ReLU-transfer
1297,transfer,DQN-ReLU-transfer-13,14,1,10.0,DQN-ReLU-transfer
1298,transfer,DQN-ReLU-transfer-13,14,3,10.0,DQN-ReLU-transfer
1299,transfer,DQN-ReLU-transfer-13,14,0,10.0,DQN-ReLU-transfer
1300,transfer,DQN-ReLU-vf5-transfer-170,171,4,9.29,DQN-ReLU-vf5-transfer
1301,transfer,DQN-ReLU-vf5-transfer-170,171,3,10.0,DQN-ReLU-vf5-transfer
1302,transfer,DQN-ReLU-vf5-transfer-170,171,1,9.08,DQN-ReLU-vf5-transfer
1303,transfer,DQN-ReLU-vf5-transfer-170,171,0,9.93,DQN-ReLU-vf5-transfer
1304,transfer,DQN-ReLU-vf5-transfer-170,171,2,8.17,DQN-ReLU-vf5-transfer
1305,transfer,DQN-ReLU-vf5-transfer-161,162,4,9.98,DQN-ReLU-vf5-transfer
1306,transfer,DQN-ReLU-vf5-transfer-161,162,2,8.2,DQN-ReLU-vf5-transfer
1307,transfer,DQN-ReLU-vf5-transfer-161,162,3,10.0,DQN-ReLU-vf5-transfer
1308,transfer,DQN-ReLU-vf5-transfer-161,162,0,9.36,DQN-ReLU-vf5-transfer
1309,transfer,DQN-ReLU-vf5-transfer-161,162,1,9.93,DQN-ReLU-vf5-transfer
1310,transfer,DQN-ReLU-transfer-75,76,1,9.4,DQN-ReLU-transfer
1311,transfer,DQN-ReLU-transfer-75,76,3,9.04,DQN-ReLU-transfer
1312,transfer,DQN-ReLU-transfer-75,76,4,9.05,DQN-ReLU-transfer
1313,transfer,DQN-ReLU-transfer-75,76,0,10.0,DQN-ReLU-transfer
1314,transfer,DQN-ReLU-transfer-75,76,2,9.38,DQN-ReLU-transfer
1315,transfer,DQN-ReLU-vf5-transfer-111,112,4,2.53,DQN-ReLU-vf5-transfer
1316,transfer,DQN-ReLU-vf5-transfer-111,112,0,7.539999999999999,DQN-ReLU-vf5-transfer
1317,transfer,DQN-ReLU-vf5-transfer-111,112,3,9.79,DQN-ReLU-vf5-transfer
1318,transfer,DQN-ReLU-vf5-transfer-111,112,1,9.98,DQN-ReLU-vf5-transfer
1319,transfer,DQN-ReLU-vf5-transfer-111,112,2,7.140000000000001,DQN-ReLU-vf5-transfer
1320,transfer,DQN-ReLU-transfer-87,88,2,10.0,DQN-ReLU-transfer
1321,transfer,DQN-ReLU-transfer-87,88,3,9.97,DQN-ReLU-transfer
1322,transfer,DQN-ReLU-transfer-87,88,0,9.99,DQN-ReLU-transfer
1323,transfer,DQN-ReLU-transfer-87,88,4,9.94,DQN-ReLU-transfer
1324,transfer,DQN-ReLU-transfer-87,88,1,9.94,DQN-ReLU-transfer
1325,transfer,DQN-ReLU-vf5-transfer-88,89,4,9.64,DQN-ReLU-vf5-transfer
1326,transfer,DQN-ReLU-vf5-transfer-88,89,2,9.21,DQN-ReLU-vf5-transfer
1327,transfer,DQN-ReLU-vf5-transfer-88,89,3,10.0,DQN-ReLU-vf5-transfer
1328,transfer,DQN-ReLU-vf5-transfer-88,89,1,9.85,DQN-ReLU-vf5-transfer
1329,transfer,DQN-ReLU-vf5-transfer-88,89,0,10.0,DQN-ReLU-vf5-transfer
1330,transfer,DQN-ReLU-transfer-43,44,0,9.33,DQN-ReLU-transfer
1331,transfer,DQN-ReLU-transfer-43,44,2,9.79,DQN-ReLU-transfer
1332,transfer,DQN-ReLU-transfer-43,44,4,9.96,DQN-ReLU-transfer
1333,transfer,DQN-ReLU-transfer-43,44,1,9.98,DQN-ReLU-transfer
1334,transfer,DQN-ReLU-transfer-43,44,3,9.65,DQN-ReLU-transfer
1335,transfer,DQN-ReLU-transfer-9,10,2,10.0,DQN-ReLU-transfer
1336,transfer,DQN-ReLU-transfer-9,10,0,10.0,DQN-ReLU-transfer
1337,transfer,DQN-ReLU-transfer-9,10,1,10.0,DQN-ReLU-transfer
1338,transfer,DQN-ReLU-transfer-9,10,4,10.0,DQN-ReLU-transfer
1339,transfer,DQN-ReLU-transfer-9,10,3,10.0,DQN-ReLU-transfer
1340,transfer,DQN-ReLU-transfer-96,97,2,1.41,DQN-ReLU-transfer
1341,transfer,DQN-ReLU-transfer-96,97,3,1.4600000000000002,DQN-ReLU-transfer
1342,transfer,DQN-ReLU-transfer-96,97,4,1.8,DQN-ReLU-transfer
1343,transfer,DQN-ReLU-transfer-96,97,1,8.01,DQN-ReLU-transfer
1344,transfer,DQN-ReLU-transfer-96,97,0,8.71,DQN-ReLU-transfer
1345,transfer,DQN-ReLU-transfer-2,3,4,10.0,DQN-ReLU-transfer
1346,transfer,DQN-ReLU-transfer-2,3,1,10.0,DQN-ReLU-transfer
1347,transfer,DQN-ReLU-transfer-2,3,2,10.0,DQN-ReLU-transfer
1348,transfer,DQN-ReLU-transfer-2,3,3,10.0,DQN-ReLU-transfer
1349,transfer,DQN-ReLU-transfer-2,3,0,10.0,DQN-ReLU-transfer
1350,transfer,DQN-ReLU-transfer-159,160,3,9.61,DQN-ReLU-transfer
1351,transfer,DQN-ReLU-transfer-159,160,0,9.37,DQN-ReLU-transfer
1352,transfer,DQN-ReLU-transfer-159,160,1,9.18,DQN-ReLU-transfer
1353,transfer,DQN-ReLU-transfer-159,160,2,9.02,DQN-ReLU-transfer
1354,transfer,DQN-ReLU-transfer-159,160,4,9.1,DQN-ReLU-transfer
1355,transfer,DQN-ReLU-vf5-transfer-46,47,4,9.88,DQN-ReLU-vf5-transfer
1356,transfer,DQN-ReLU-vf5-transfer-46,47,3,10.0,DQN-ReLU-vf5-transfer
1357,transfer,DQN-ReLU-vf5-transfer-46,47,2,9.15,DQN-ReLU-vf5-transfer
1358,transfer,DQN-ReLU-vf5-transfer-46,47,1,10.0,DQN-ReLU-vf5-transfer
1359,transfer,DQN-ReLU-vf5-transfer-46,47,0,9.99,DQN-ReLU-vf5-transfer
1360,transfer,DQN-ReLU-transfer-154,155,1,7.12,DQN-ReLU-transfer
1361,transfer,DQN-ReLU-transfer-154,155,2,7.279999999999999,DQN-ReLU-transfer
1362,transfer,DQN-ReLU-transfer-154,155,0,4.0,DQN-ReLU-transfer
1363,transfer,DQN-ReLU-transfer-154,155,3,8.89,DQN-ReLU-transfer
1364,transfer,DQN-ReLU-transfer-154,155,4,1.99,DQN-ReLU-transfer
1365,transfer,DQN-ReLU-transfer-135,136,1,3.84,DQN-ReLU-transfer
1366,transfer,DQN-ReLU-transfer-135,136,0,7.68,DQN-ReLU-transfer
1367,transfer,DQN-ReLU-transfer-135,136,4,3.5900000000000003,DQN-ReLU-transfer
1368,transfer,DQN-ReLU-transfer-135,136,2,4.69,DQN-ReLU-transfer
1369,transfer,DQN-ReLU-transfer-135,136,3,7.9,DQN-ReLU-transfer
1370,transfer,DQN-ReLU-vf5-transfer-10,11,3,9.85,DQN-ReLU-vf5-transfer
1371,transfer,DQN-ReLU-vf5-transfer-10,11,0,10.0,DQN-ReLU-vf5-transfer
1372,transfer,DQN-ReLU-vf5-transfer-10,11,2,9.96,DQN-ReLU-vf5-transfer
1373,transfer,DQN-ReLU-vf5-transfer-10,11,4,9.69,DQN-ReLU-vf5-transfer
1374,transfer,DQN-ReLU-vf5-transfer-10,11,1,10.0,DQN-ReLU-vf5-transfer
1375,transfer,DQN-ReLU-transfer-63,64,2,9.3,DQN-ReLU-transfer
1376,transfer,DQN-ReLU-transfer-63,64,0,9.98,DQN-ReLU-transfer
1377,transfer,DQN-ReLU-transfer-63,64,1,9.89,DQN-ReLU-transfer
1378,transfer,DQN-ReLU-transfer-63,64,3,8.83,DQN-ReLU-transfer
1379,transfer,DQN-ReLU-transfer-63,64,4,9.62,DQN-ReLU-transfer
1380,transfer,DQN-ReLU-vf5-transfer-166,167,4,9.01,DQN-ReLU-vf5-transfer
1381,transfer,DQN-ReLU-vf5-transfer-166,167,2,9.44,DQN-ReLU-vf5-transfer
1382,transfer,DQN-ReLU-vf5-transfer-166,167,3,9.35,DQN-ReLU-vf5-transfer
1383,transfer,DQN-ReLU-vf5-transfer-166,167,1,8.99,DQN-ReLU-vf5-transfer
1384,transfer,DQN-ReLU-vf5-transfer-166,167,0,9.93,DQN-ReLU-vf5-transfer
1385,transfer,DQN-ReLU-vf5-transfer-107,108,4,9.97,DQN-ReLU-vf5-transfer
1386,transfer,DQN-ReLU-vf5-transfer-107,108,0,9.95,DQN-ReLU-vf5-transfer
1387,transfer,DQN-ReLU-vf5-transfer-107,108,3,10.0,DQN-ReLU-vf5-transfer
1388,transfer,DQN-ReLU-vf5-transfer-107,108,2,10.0,DQN-ReLU-vf5-transfer
1389,transfer,DQN-ReLU-vf5-transfer-107,108,1,10.0,DQN-ReLU-vf5-transfer
1390,transfer,DQN-ReLU-transfer-74,75,1,8.48,DQN-ReLU-transfer
1391,transfer,DQN-ReLU-transfer-74,75,2,7.709999999999999,DQN-ReLU-transfer
1392,transfer,DQN-ReLU-transfer-74,75,0,9.36,DQN-ReLU-transfer
1393,transfer,DQN-ReLU-transfer-74,75,3,8.34,DQN-ReLU-transfer
1394,transfer,DQN-ReLU-transfer-74,75,4,8.48,DQN-ReLU-transfer
1395,transfer,DQN-ReLU-transfer-42,43,2,9.96,DQN-ReLU-transfer
1396,transfer,DQN-ReLU-transfer-42,43,1,9.98,DQN-ReLU-transfer
1397,transfer,DQN-ReLU-transfer-42,43,3,8.98,DQN-ReLU-transfer
1398,transfer,DQN-ReLU-transfer-42,43,0,9.54,DQN-ReLU-transfer
1399,transfer,DQN-ReLU-transfer-42,43,4,9.93,DQN-ReLU-transfer
1400,transfer,DQN-ReLU-transfer-78,79,4,9.98,DQN-ReLU-transfer
1401,transfer,DQN-ReLU-transfer-78,79,3,9.71,DQN-ReLU-transfer
1402,transfer,DQN-ReLU-transfer-78,79,2,9.63,DQN-ReLU-transfer
1403,transfer,DQN-ReLU-transfer-78,79,1,9.95,DQN-ReLU-transfer
1404,transfer,DQN-ReLU-transfer-78,79,0,8.5,DQN-ReLU-transfer
1405,transfer,DQN-ReLU-transfer-14,15,2,9.99,DQN-ReLU-transfer
1406,transfer,DQN-ReLU-transfer-14,15,3,10.0,DQN-ReLU-transfer
1407,transfer,DQN-ReLU-transfer-14,15,1,10.0,DQN-ReLU-transfer
1408,transfer,DQN-ReLU-transfer-14,15,4,9.99,DQN-ReLU-transfer
1409,transfer,DQN-ReLU-transfer-14,15,0,9.99,DQN-ReLU-transfer
1410,transfer,DQN-ReLU-transfer-19,20,4,9.85,DQN-ReLU-transfer
1411,transfer,DQN-ReLU-transfer-19,20,3,9.84,DQN-ReLU-transfer
1412,transfer,DQN-ReLU-transfer-19,20,2,9.96,DQN-ReLU-transfer
1413,transfer,DQN-ReLU-transfer-19,20,1,9.8,DQN-ReLU-transfer
1414,transfer,DQN-ReLU-transfer-19,20,0,9.99,DQN-ReLU-transfer
1415,transfer,DQN-ReLU-transfer-122,123,2,9.05,DQN-ReLU-transfer
1416,transfer,DQN-ReLU-transfer-122,123,3,9.38,DQN-ReLU-transfer
1417,transfer,DQN-ReLU-transfer-122,123,0,9.27,DQN-ReLU-transfer
1418,transfer,DQN-ReLU-transfer-122,123,4,8.1,DQN-ReLU-transfer
1419,transfer,DQN-ReLU-transfer-122,123,1,7.26,DQN-ReLU-transfer
1420,transfer,DQN-ReLU-vf5-transfer-67,68,0,10.0,DQN-ReLU-vf5-transfer
1421,transfer,DQN-ReLU-vf5-transfer-67,68,4,9.8,DQN-ReLU-vf5-transfer
1422,transfer,DQN-ReLU-vf5-transfer-67,68,2,9.99,DQN-ReLU-vf5-transfer
1423,transfer,DQN-ReLU-vf5-transfer-67,68,1,10.0,DQN-ReLU-vf5-transfer
1424,transfer,DQN-ReLU-vf5-transfer-67,68,3,9.96,DQN-ReLU-vf5-transfer
1425,transfer,DQN-ReLU-transfer-143,144,3,9.33,DQN-ReLU-transfer
1426,transfer,DQN-ReLU-transfer-143,144,2,9.37,DQN-ReLU-transfer
1427,transfer,DQN-ReLU-transfer-143,144,0,9.37,DQN-ReLU-transfer
1428,transfer,DQN-ReLU-transfer-143,144,1,8.77,DQN-ReLU-transfer
1429,transfer,DQN-ReLU-transfer-143,144,4,8.25,DQN-ReLU-transfer
1430,transfer,DQN-ReLU-vf5-transfer-0,1,1,10.0,DQN-ReLU-vf5-transfer
1431,transfer,DQN-ReLU-vf5-transfer-0,1,4,10.0,DQN-ReLU-vf5-transfer
1432,transfer,DQN-ReLU-vf5-transfer-0,1,2,9.99,DQN-ReLU-vf5-transfer
1433,transfer,DQN-ReLU-vf5-transfer-0,1,3,9.81,DQN-ReLU-vf5-transfer
1434,transfer,DQN-ReLU-vf5-transfer-0,1,0,9.79,DQN-ReLU-vf5-transfer
1435,transfer,DQN-ReLU-transfer-158,159,3,9.24,DQN-ReLU-transfer
1436,transfer,DQN-ReLU-transfer-158,159,0,9.18,DQN-ReLU-transfer
1437,transfer,DQN-ReLU-transfer-158,159,1,7.95,DQN-ReLU-transfer
1438,transfer,DQN-ReLU-transfer-158,159,4,8.34,DQN-ReLU-transfer
1439,transfer,DQN-ReLU-transfer-158,159,2,8.83,DQN-ReLU-transfer
1440,transfer,DQN-ReLU-vf5-transfer-171,172,4,9.05,DQN-ReLU-vf5-transfer
1441,transfer,DQN-ReLU-vf5-transfer-171,172,1,9.31,DQN-ReLU-vf5-transfer
1442,transfer,DQN-ReLU-vf5-transfer-171,172,3,9.24,DQN-ReLU-vf5-transfer
1443,transfer,DQN-ReLU-vf5-transfer-171,172,0,9.14,DQN-ReLU-vf5-transfer
1444,transfer,DQN-ReLU-vf5-transfer-171,172,2,9.06,DQN-ReLU-vf5-transfer
1445,transfer,DQN-ReLU-transfer-138,139,2,2.8800000000000003,DQN-ReLU-transfer
1446,transfer,DQN-ReLU-transfer-138,139,4,4.369999999999999,DQN-ReLU-transfer
1447,transfer,DQN-ReLU-transfer-138,139,1,5.65,DQN-ReLU-transfer
1448,transfer,DQN-ReLU-transfer-138,139,3,4.890000000000001,DQN-ReLU-transfer
1449,transfer,DQN-ReLU-transfer-138,139,0,7.84,DQN-ReLU-transfer
1450,transfer,DQN-ReLU-transfer-59,60,2,0.63,DQN-ReLU-transfer
1451,transfer,DQN-ReLU-transfer-59,60,0,9.65,DQN-ReLU-transfer
1452,transfer,DQN-ReLU-transfer-59,60,1,8.48,DQN-ReLU-transfer
1453,transfer,DQN-ReLU-transfer-59,60,3,7.83,DQN-ReLU-transfer
1454,transfer,DQN-ReLU-transfer-59,60,4,8.16,DQN-ReLU-transfer
1455,transfer,DQN-ReLU-transfer-34,35,1,10.0,DQN-ReLU-transfer
1456,transfer,DQN-ReLU-transfer-34,35,4,9.26,DQN-ReLU-transfer
1457,transfer,DQN-ReLU-transfer-34,35,2,9.32,DQN-ReLU-transfer
1458,transfer,DQN-ReLU-transfer-34,35,3,10.0,DQN-ReLU-transfer
1459,transfer,DQN-ReLU-transfer-34,35,0,9.93,DQN-ReLU-transfer
1460,transfer,DQN-ReLU-vf5-transfer-110,111,4,9.83,DQN-ReLU-vf5-transfer
1461,transfer,DQN-ReLU-vf5-transfer-110,111,0,9.66,DQN-ReLU-vf5-transfer
1462,transfer,DQN-ReLU-vf5-transfer-110,111,1,9.14,DQN-ReLU-vf5-transfer
1463,transfer,DQN-ReLU-vf5-transfer-110,111,3,9.97,DQN-ReLU-vf5-transfer
1464,transfer,DQN-ReLU-vf5-transfer-110,111,2,9.13,DQN-ReLU-vf5-transfer
1465,transfer,DQN-ReLU-vf5-transfer-84,85,3,9.24,DQN-ReLU-vf5-transfer
1466,transfer,DQN-ReLU-vf5-transfer-84,85,0,9.14,DQN-ReLU-vf5-transfer
1467,transfer,DQN-ReLU-vf5-transfer-84,85,4,9.77,DQN-ReLU-vf5-transfer
1468,transfer,DQN-ReLU-vf5-transfer-84,85,1,8.96,DQN-ReLU-vf5-transfer
1469,transfer,DQN-ReLU-vf5-transfer-84,85,2,10.0,DQN-ReLU-vf5-transfer
1470,transfer,DQN-ReLU-transfer-115,116,4,1.2,DQN-ReLU-transfer
1471,transfer,DQN-ReLU-transfer-115,116,1,7.82,DQN-ReLU-transfer
1472,transfer,DQN-ReLU-transfer-115,116,2,5.24,DQN-ReLU-transfer
1473,transfer,DQN-ReLU-transfer-115,116,0,8.59,DQN-ReLU-transfer
1474,transfer,DQN-ReLU-transfer-115,116,3,8.36,DQN-ReLU-transfer
1475,transfer,DQN-ReLU-vf5-transfer-70,71,4,9.92,DQN-ReLU-vf5-transfer
1476,transfer,DQN-ReLU-vf5-transfer-70,71,1,9.19,DQN-ReLU-vf5-transfer
1477,transfer,DQN-ReLU-vf5-transfer-70,71,2,9.85,DQN-ReLU-vf5-transfer
1478,transfer,DQN-ReLU-vf5-transfer-70,71,0,10.0,DQN-ReLU-vf5-transfer
1479,transfer,DQN-ReLU-vf5-transfer-70,71,3,9.98,DQN-ReLU-vf5-transfer
1480,transfer,DQN-ReLU-transfer-118,119,1,7.359999999999999,DQN-ReLU-transfer
1481,transfer,DQN-ReLU-transfer-118,119,4,7.29,DQN-ReLU-transfer
1482,transfer,DQN-ReLU-transfer-118,119,3,8.39,DQN-ReLU-transfer
1483,transfer,DQN-ReLU-transfer-118,119,2,5.82,DQN-ReLU-transfer
1484,transfer,DQN-ReLU-transfer-118,119,0,8.530000000000001,DQN-ReLU-transfer
1485,transfer,DQN-ReLU-vf5-transfer-126,127,1,9.99,DQN-ReLU-vf5-transfer
1486,transfer,DQN-ReLU-vf5-transfer-126,127,4,9.24,DQN-ReLU-vf5-transfer
1487,transfer,DQN-ReLU-vf5-transfer-126,127,3,9.32,DQN-ReLU-vf5-transfer
1488,transfer,DQN-ReLU-vf5-transfer-126,127,2,10.0,DQN-ReLU-vf5-transfer
1489,transfer,DQN-ReLU-vf5-transfer-126,127,0,10.0,DQN-ReLU-vf5-transfer
1490,transfer,DQN-ReLU-vf5-transfer-131,132,4,9.84,DQN-ReLU-vf5-transfer
1491,transfer,DQN-ReLU-vf5-transfer-131,132,0,10.0,DQN-ReLU-vf5-transfer
1492,transfer,DQN-ReLU-vf5-transfer-131,132,2,8.280000000000001,DQN-ReLU-vf5-transfer
1493,transfer,DQN-ReLU-vf5-transfer-131,132,3,9.91,DQN-ReLU-vf5-transfer
1494,transfer,DQN-ReLU-vf5-transfer-131,132,1,10.0,DQN-ReLU-vf5-transfer
1495,transfer,DQN-ReLU-vf5-transfer-51,52,1,10.0,DQN-ReLU-vf5-transfer
1496,transfer,DQN-ReLU-vf5-transfer-51,52,4,10.0,DQN-ReLU-vf5-transfer
1497,transfer,DQN-ReLU-vf5-transfer-51,52,0,10.0,DQN-ReLU-vf5-transfer
1498,transfer,DQN-ReLU-vf5-transfer-51,52,3,10.0,DQN-ReLU-vf5-transfer
1499,transfer,DQN-ReLU-vf5-transfer-51,52,2,10.0,DQN-ReLU-vf5-transfer
1500,transfer,DQN-ReLU-transfer-97,98,1,8.98,DQN-ReLU-transfer
1501,transfer,DQN-ReLU-transfer-97,98,2,9.15,DQN-ReLU-transfer
1502,transfer,DQN-ReLU-transfer-97,98,0,8.88,DQN-ReLU-transfer
1503,transfer,DQN-ReLU-transfer-97,98,3,9.91,DQN-ReLU-transfer
1504,transfer,DQN-ReLU-transfer-97,98,4,9.88,DQN-ReLU-transfer
1505,transfer,DQN-ReLU-transfer-80,81,2,5.86,DQN-ReLU-transfer
1506,transfer,DQN-ReLU-transfer-80,81,1,8.35,DQN-ReLU-transfer
1507,transfer,DQN-ReLU-transfer-80,81,3,8.52,DQN-ReLU-transfer
1508,transfer,DQN-ReLU-transfer-80,81,4,7.0600000000000005,DQN-ReLU-transfer
1509,transfer,DQN-ReLU-transfer-80,81,0,9.29,DQN-ReLU-transfer
1510,transfer,DQN-ReLU-transfer-39,40,3,9.99,DQN-ReLU-transfer
1511,transfer,DQN-ReLU-transfer-39,40,2,9.96,DQN-ReLU-transfer
1512,transfer,DQN-ReLU-transfer-39,40,1,9.87,DQN-ReLU-transfer
1513,transfer,DQN-ReLU-transfer-39,40,4,9.96,DQN-ReLU-transfer
1514,transfer,DQN-ReLU-transfer-39,40,0,9.98,DQN-ReLU-transfer
1515,transfer,DQN-ReLU-vf5-transfer-30,31,3,9.87,DQN-ReLU-vf5-transfer
1516,transfer,DQN-ReLU-vf5-transfer-30,31,2,9.61,DQN-ReLU-vf5-transfer
1517,transfer,DQN-ReLU-vf5-transfer-30,31,1,9.22,DQN-ReLU-vf5-transfer
1518,transfer,DQN-ReLU-vf5-transfer-30,31,4,9.01,DQN-ReLU-vf5-transfer
1519,transfer,DQN-ReLU-vf5-transfer-30,31,0,9.28,DQN-ReLU-vf5-transfer
1520,transfer,DQN-ReLU-transfer-23,24,3,10.0,DQN-ReLU-transfer
1521,transfer,DQN-ReLU-transfer-23,24,4,9.97,DQN-ReLU-transfer
1522,transfer,DQN-ReLU-transfer-23,24,2,9.96,DQN-ReLU-transfer
1523,transfer,DQN-ReLU-transfer-23,24,0,10.0,DQN-ReLU-transfer
1524,transfer,DQN-ReLU-transfer-23,24,1,10.0,DQN-ReLU-transfer
1525,transfer,DQN-ReLU-transfer-162,163,3,8.629999999999999,DQN-ReLU-transfer
1526,transfer,DQN-ReLU-transfer-162,163,4,7.97,DQN-ReLU-transfer
1527,transfer,DQN-ReLU-transfer-162,163,1,6.390000000000001,DQN-ReLU-transfer
1528,transfer,DQN-ReLU-transfer-162,163,2,4.779999999999999,DQN-ReLU-transfer
1529,transfer,DQN-ReLU-transfer-162,163,0,8.24,DQN-ReLU-transfer
1530,transfer,DQN-ReLU-vf5-transfer-146,147,4,9.62,DQN-ReLU-vf5-transfer
1531,transfer,DQN-ReLU-vf5-transfer-146,147,2,9.11,DQN-ReLU-vf5-transfer
1532,transfer,DQN-ReLU-vf5-transfer-146,147,1,9.38,DQN-ReLU-vf5-transfer
1533,transfer,DQN-ReLU-vf5-transfer-146,147,0,9.99,DQN-ReLU-vf5-transfer
1534,transfer,DQN-ReLU-vf5-transfer-146,147,3,9.96,DQN-ReLU-vf5-transfer
1535,transfer,DQN-ReLU-transfer-114,115,2,2.5199999999999996,DQN-ReLU-transfer
1536,transfer,DQN-ReLU-transfer-114,115,1,8.18,DQN-ReLU-transfer
1537,transfer,DQN-ReLU-transfer-114,115,4,4.7,DQN-ReLU-transfer
1538,transfer,DQN-ReLU-transfer-114,115,3,8.32,DQN-ReLU-transfer
1539,transfer,DQN-ReLU-transfer-114,115,0,9.16,DQN-ReLU-transfer
1540,transfer,DQN-ReLU-transfer-55,56,3,1.6800000000000002,DQN-ReLU-transfer
1541,transfer,DQN-ReLU-transfer-55,56,2,8.96,DQN-ReLU-transfer
1542,transfer,DQN-ReLU-transfer-55,56,4,9.92,DQN-ReLU-transfer
1543,transfer,DQN-ReLU-transfer-55,56,0,9.95,DQN-ReLU-transfer
1544,transfer,DQN-ReLU-transfer-55,56,1,7.25,DQN-ReLU-transfer
1545,transfer,DQN-ReLU-vf5-transfer-147,148,3,10.0,DQN-ReLU-vf5-transfer
1546,transfer,DQN-ReLU-vf5-transfer-147,148,4,9.96,DQN-ReLU-vf5-transfer
1547,transfer,DQN-ReLU-vf5-transfer-147,148,0,9.63,DQN-ReLU-vf5-transfer
1548,transfer,DQN-ReLU-vf5-transfer-147,148,1,10.0,DQN-ReLU-vf5-transfer
1549,transfer,DQN-ReLU-vf5-transfer-147,148,2,9.08,DQN-ReLU-vf5-transfer
1550,transfer,DQN-ReLU-vf5-transfer-151,152,4,9.96,DQN-ReLU-vf5-transfer
1551,transfer,DQN-ReLU-vf5-transfer-151,152,0,9.96,DQN-ReLU-vf5-transfer
1552,transfer,DQN-ReLU-vf5-transfer-151,152,2,9.14,DQN-ReLU-vf5-transfer
1553,transfer,DQN-ReLU-vf5-transfer-151,152,1,9.78,DQN-ReLU-vf5-transfer
1554,transfer,DQN-ReLU-vf5-transfer-151,152,3,10.0,DQN-ReLU-vf5-transfer
1555,transfer,DQN-ReLU-vf5-transfer-27,28,4,9.41,DQN-ReLU-vf5-transfer
1556,transfer,DQN-ReLU-vf5-transfer-27,28,1,9.96,DQN-ReLU-vf5-transfer
1557,transfer,DQN-ReLU-vf5-transfer-27,28,0,9.17,DQN-ReLU-vf5-transfer
1558,transfer,DQN-ReLU-vf5-transfer-27,28,2,9.46,DQN-ReLU-vf5-transfer
1559,transfer,DQN-ReLU-vf5-transfer-27,28,3,9.89,DQN-ReLU-vf5-transfer
1560,transfer,DQN-ReLU-vf5-transfer-127,128,4,9.94,DQN-ReLU-vf5-transfer
1561,transfer,DQN-ReLU-vf5-transfer-127,128,0,10.0,DQN-ReLU-vf5-transfer
1562,transfer,DQN-ReLU-vf5-transfer-127,128,2,9.65,DQN-ReLU-vf5-transfer
1563,transfer,DQN-ReLU-vf5-transfer-127,128,3,9.95,DQN-ReLU-vf5-transfer
1564,transfer,DQN-ReLU-vf5-transfer-127,128,1,10.0,DQN-ReLU-vf5-transfer
1565,transfer,DQN-ReLU-transfer-35,36,3,9.96,DQN-ReLU-transfer
1566,transfer,DQN-ReLU-transfer-35,36,0,9.93,DQN-ReLU-transfer
1567,transfer,DQN-ReLU-transfer-35,36,2,9.94,DQN-ReLU-transfer
1568,transfer,DQN-ReLU-transfer-35,36,4,9.95,DQN-ReLU-transfer
1569,transfer,DQN-ReLU-transfer-35,36,1,9.98,DQN-ReLU-transfer
1570,transfer,DQN-ReLU-transfer-103,104,4,1.65,DQN-ReLU-transfer
1571,transfer,DQN-ReLU-transfer-103,104,0,8.67,DQN-ReLU-transfer
1572,transfer,DQN-ReLU-transfer-103,104,2,5.380000000000001,DQN-ReLU-transfer
1573,transfer,DQN-ReLU-transfer-103,104,1,8.34,DQN-ReLU-transfer
1574,transfer,DQN-ReLU-transfer-103,104,3,7.94,DQN-ReLU-transfer
1575,transfer,DQN-ReLU-transfer-102,103,4,9.85,DQN-ReLU-transfer
1576,transfer,DQN-ReLU-transfer-102,103,3,9.41,DQN-ReLU-transfer
1577,transfer,DQN-ReLU-transfer-102,103,2,8.73,DQN-ReLU-transfer
1578,transfer,DQN-ReLU-transfer-102,103,0,8.96,DQN-ReLU-transfer
1579,transfer,DQN-ReLU-transfer-102,103,1,9.09,DQN-ReLU-transfer
1580,transfer,DQN-ReLU-transfer-38,39,4,9.98,DQN-ReLU-transfer
1581,transfer,DQN-ReLU-transfer-38,39,3,9.99,DQN-ReLU-transfer
1582,transfer,DQN-ReLU-transfer-38,39,2,9.99,DQN-ReLU-transfer
1583,transfer,DQN-ReLU-transfer-38,39,1,9.93,DQN-ReLU-transfer
1584,transfer,DQN-ReLU-transfer-38,39,0,9.83,DQN-ReLU-transfer
1585,transfer,DQN-ReLU-vf5-transfer-50,51,4,9.68,DQN-ReLU-vf5-transfer
1586,transfer,DQN-ReLU-vf5-transfer-50,51,0,10.0,DQN-ReLU-vf5-transfer
1587,transfer,DQN-ReLU-vf5-transfer-50,51,3,10.0,DQN-ReLU-vf5-transfer
1588,transfer,DQN-ReLU-vf5-transfer-50,51,2,10.0,DQN-ReLU-vf5-transfer
1589,transfer,DQN-ReLU-vf5-transfer-50,51,1,10.0,DQN-ReLU-vf5-transfer
1590,transfer,DQN-ReLU-transfer-119,120,4,7.02,DQN-ReLU-transfer
1591,transfer,DQN-ReLU-transfer-119,120,1,8.86,DQN-ReLU-transfer
1592,transfer,DQN-ReLU-transfer-119,120,2,2.65,DQN-ReLU-transfer
1593,transfer,DQN-ReLU-transfer-119,120,0,9.12,DQN-ReLU-transfer
1594,transfer,DQN-ReLU-transfer-119,120,3,7.720000000000001,DQN-ReLU-transfer
1595,transfer,DQN-ReLU-vf5-transfer-106,107,4,9.73,DQN-ReLU-vf5-transfer
1596,transfer,DQN-ReLU-vf5-transfer-106,107,3,9.03,DQN-ReLU-vf5-transfer
1597,transfer,DQN-ReLU-vf5-transfer-106,107,2,9.75,DQN-ReLU-vf5-transfer
1598,transfer,DQN-ReLU-vf5-transfer-106,107,0,8.77,DQN-ReLU-vf5-transfer
1599,transfer,DQN-ReLU-vf5-transfer-106,107,1,8.969999999999999,DQN-ReLU-vf5-transfer
1600,transfer,DQN-ReLU-transfer-163,164,1,8.29,DQN-ReLU-transfer
1601,transfer,DQN-ReLU-transfer-163,164,3,9.18,DQN-ReLU-transfer
1602,transfer,DQN-ReLU-transfer-163,164,4,7.42,DQN-ReLU-transfer
1603,transfer,DQN-ReLU-transfer-163,164,0,9.37,DQN-ReLU-transfer
1604,transfer,DQN-ReLU-transfer-163,164,2,5.88,DQN-ReLU-transfer
1605,transfer,DQN-ReLU-transfer-58,59,2,1.02,DQN-ReLU-transfer
1606,transfer,DQN-ReLU-transfer-58,59,0,9.46,DQN-ReLU-transfer
1607,transfer,DQN-ReLU-transfer-58,59,4,9.15,DQN-ReLU-transfer
1608,transfer,DQN-ReLU-transfer-58,59,3,8.18,DQN-ReLU-transfer
1609,transfer,DQN-ReLU-transfer-58,59,1,8.469999999999999,DQN-ReLU-transfer
1610,transfer,DQN-ReLU-vf5-transfer-150,151,3,9.98,DQN-ReLU-vf5-transfer
1611,transfer,DQN-ReLU-vf5-transfer-150,151,1,9.04,DQN-ReLU-vf5-transfer
1612,transfer,DQN-ReLU-vf5-transfer-150,151,2,9.28,DQN-ReLU-vf5-transfer
1613,transfer,DQN-ReLU-vf5-transfer-150,151,0,10.0,DQN-ReLU-vf5-transfer
1614,transfer,DQN-ReLU-vf5-transfer-150,151,4,9.14,DQN-ReLU-vf5-transfer
1615,transfer,DQN-ReLU-vf5-transfer-92,93,0,9.21,DQN-ReLU-vf5-transfer
1616,transfer,DQN-ReLU-vf5-transfer-92,93,1,9.1,DQN-ReLU-vf5-transfer
1617,transfer,DQN-ReLU-vf5-transfer-92,93,4,9.05,DQN-ReLU-vf5-transfer
1618,transfer,DQN-ReLU-vf5-transfer-92,93,3,9.36,DQN-ReLU-vf5-transfer
1619,transfer,DQN-ReLU-vf5-transfer-92,93,2,9.06,DQN-ReLU-vf5-transfer
1620,transfer,DQN-ReLU-transfer-54,55,1,9.72,DQN-ReLU-transfer
1621,transfer,DQN-ReLU-transfer-54,55,0,9.92,DQN-ReLU-transfer
1622,transfer,DQN-ReLU-transfer-54,55,3,9.74,DQN-ReLU-transfer
1623,transfer,DQN-ReLU-transfer-54,55,4,9.97,DQN-ReLU-transfer
1624,transfer,DQN-ReLU-transfer-54,55,2,10.0,DQN-ReLU-transfer
1625,transfer,DQN-ReLU-transfer-134,135,1,7.04,DQN-ReLU-transfer
1626,transfer,DQN-ReLU-transfer-134,135,4,5.47,DQN-ReLU-transfer
1627,transfer,DQN-ReLU-transfer-134,135,0,8.64,DQN-ReLU-transfer
1628,transfer,DQN-ReLU-transfer-134,135,2,7.49,DQN-ReLU-transfer
1629,transfer,DQN-ReLU-transfer-134,135,3,9.1,DQN-ReLU-transfer
1630,transfer,DQN-ReLU-transfer-142,143,3,9.44,DQN-ReLU-transfer
1631,transfer,DQN-ReLU-transfer-142,143,1,9.86,DQN-ReLU-transfer
1632,transfer,DQN-ReLU-transfer-142,143,2,9.88,DQN-ReLU-transfer
1633,transfer,DQN-ReLU-transfer-142,143,0,8.91,DQN-ReLU-transfer
1634,transfer,DQN-ReLU-transfer-142,143,4,9.14,DQN-ReLU-transfer
1635,transfer,DQN-ReLU-vf5-transfer-130,131,4,9.93,DQN-ReLU-vf5-transfer
1636,transfer,DQN-ReLU-vf5-transfer-130,131,2,9.33,DQN-ReLU-vf5-transfer
1637,transfer,DQN-ReLU-vf5-transfer-130,131,0,10.0,DQN-ReLU-vf5-transfer
1638,transfer,DQN-ReLU-vf5-transfer-130,131,1,9.83,DQN-ReLU-vf5-transfer
1639,transfer,DQN-ReLU-vf5-transfer-130,131,3,9.71,DQN-ReLU-vf5-transfer
1640,transfer,DQN-ReLU-vf5-transfer-31,32,0,9.96,DQN-ReLU-vf5-transfer
1641,transfer,DQN-ReLU-vf5-transfer-31,32,1,10.0,DQN-ReLU-vf5-transfer
1642,transfer,DQN-ReLU-vf5-transfer-31,32,2,9.57,DQN-ReLU-vf5-transfer
1643,transfer,DQN-ReLU-vf5-transfer-31,32,4,9.96,DQN-ReLU-vf5-transfer
1644,transfer,DQN-ReLU-vf5-transfer-31,32,3,9.87,DQN-ReLU-vf5-transfer
1645,transfer,DQN-ReLU-vf5-transfer-47,48,4,9.95,DQN-ReLU-vf5-transfer
1646,transfer,DQN-ReLU-vf5-transfer-47,48,2,9.99,DQN-ReLU-vf5-transfer
1647,transfer,DQN-ReLU-vf5-transfer-47,48,0,9.98,DQN-ReLU-vf5-transfer
1648,transfer,DQN-ReLU-vf5-transfer-47,48,1,10.0,DQN-ReLU-vf5-transfer
1649,transfer,DQN-ReLU-vf5-transfer-47,48,3,10.0,DQN-ReLU-vf5-transfer
1650,transfer,DQN-ReLU-transfer-155,156,0,5.739999999999999,DQN-ReLU-transfer
1651,transfer,DQN-ReLU-transfer-155,156,1,5.67,DQN-ReLU-transfer
1652,transfer,DQN-ReLU-transfer-155,156,3,9.05,DQN-ReLU-transfer
1653,transfer,DQN-ReLU-transfer-155,156,4,1.1700000000000002,DQN-ReLU-transfer
1654,transfer,DQN-ReLU-transfer-155,156,2,5.65,DQN-ReLU-transfer
1655,transfer,DQN-ReLU-vf5-transfer-11,12,0,9.94,DQN-ReLU-vf5-transfer
1656,transfer,DQN-ReLU-vf5-transfer-11,12,3,10.0,DQN-ReLU-vf5-transfer
1657,transfer,DQN-ReLU-vf5-transfer-11,12,2,9.48,DQN-ReLU-vf5-transfer
1658,transfer,DQN-ReLU-vf5-transfer-11,12,4,9.87,DQN-ReLU-vf5-transfer
1659,transfer,DQN-ReLU-vf5-transfer-11,12,1,9.03,DQN-ReLU-vf5-transfer
1660,transfer,DQN-ReLU-transfer-18,19,4,9.99,DQN-ReLU-transfer
1661,transfer,DQN-ReLU-transfer-18,19,3,10.0,DQN-ReLU-transfer
1662,transfer,DQN-ReLU-transfer-18,19,1,9.93,DQN-ReLU-transfer
1663,transfer,DQN-ReLU-transfer-18,19,0,9.97,DQN-ReLU-transfer
1664,transfer,DQN-ReLU-transfer-18,19,2,9.97,DQN-ReLU-transfer
1665,transfer,DQN-ReLU-vf5-transfer-85,86,4,9.32,DQN-ReLU-vf5-transfer
1666,transfer,DQN-ReLU-vf5-transfer-85,86,2,10.0,DQN-ReLU-vf5-transfer
1667,transfer,DQN-ReLU-vf5-transfer-85,86,0,9.4,DQN-ReLU-vf5-transfer
1668,transfer,DQN-ReLU-vf5-transfer-85,86,1,9.38,DQN-ReLU-vf5-transfer
1669,transfer,DQN-ReLU-vf5-transfer-85,86,3,9.59,DQN-ReLU-vf5-transfer
1670,transfer,DQN-ReLU-vf5-transfer-167,168,0,9.22,DQN-ReLU-vf5-transfer
1671,transfer,DQN-ReLU-vf5-transfer-167,168,4,9.88,DQN-ReLU-vf5-transfer
1672,transfer,DQN-ReLU-vf5-transfer-167,168,2,9.16,DQN-ReLU-vf5-transfer
1673,transfer,DQN-ReLU-vf5-transfer-167,168,1,9.98,DQN-ReLU-vf5-transfer
1674,transfer,DQN-ReLU-vf5-transfer-167,168,3,9.67,DQN-ReLU-vf5-transfer
1675,transfer,DQN-ReLU-vf5-transfer-89,90,4,9.67,DQN-ReLU-vf5-transfer
1676,transfer,DQN-ReLU-vf5-transfer-89,90,2,10.0,DQN-ReLU-vf5-transfer
1677,transfer,DQN-ReLU-vf5-transfer-89,90,1,10.0,DQN-ReLU-vf5-transfer
1678,transfer,DQN-ReLU-vf5-transfer-89,90,3,10.0,DQN-ReLU-vf5-transfer
1679,transfer,DQN-ReLU-vf5-transfer-89,90,0,10.0,DQN-ReLU-vf5-transfer
1680,transfer,DQN-ReLU-vf5-transfer-1,2,4,10.0,DQN-ReLU-vf5-transfer
1681,transfer,DQN-ReLU-vf5-transfer-1,2,1,9.99,DQN-ReLU-vf5-transfer
1682,transfer,DQN-ReLU-vf5-transfer-1,2,0,9.99,DQN-ReLU-vf5-transfer
1683,transfer,DQN-ReLU-vf5-transfer-1,2,3,9.95,DQN-ReLU-vf5-transfer
1684,transfer,DQN-ReLU-vf5-transfer-1,2,2,9.99,DQN-ReLU-vf5-transfer
1685,transfer,DQN-ReLU-transfer-79,80,3,9.74,DQN-ReLU-transfer
1686,transfer,DQN-ReLU-transfer-79,80,1,9.52,DQN-ReLU-transfer
1687,transfer,DQN-ReLU-transfer-79,80,4,8.3,DQN-ReLU-transfer
1688,transfer,DQN-ReLU-transfer-79,80,0,9.96,DQN-ReLU-transfer
1689,transfer,DQN-ReLU-transfer-79,80,2,9.43,DQN-ReLU-transfer
1690,transfer,DQN-ReLU-transfer-62,63,2,1.5,DQN-ReLU-transfer
1691,transfer,DQN-ReLU-transfer-62,63,1,7.32,DQN-ReLU-transfer
1692,transfer,DQN-ReLU-transfer-62,63,3,8.17,DQN-ReLU-transfer
1693,transfer,DQN-ReLU-transfer-62,63,4,6.58,DQN-ReLU-transfer
1694,transfer,DQN-ReLU-transfer-62,63,0,8.879999999999999,DQN-ReLU-transfer
1695,transfer,DQN-ReLU-transfer-123,124,1,6.67,DQN-ReLU-transfer
1696,transfer,DQN-ReLU-transfer-123,124,4,5.37,DQN-ReLU-transfer
1697,transfer,DQN-ReLU-transfer-123,124,0,7.640000000000001,DQN-ReLU-transfer
1698,transfer,DQN-ReLU-transfer-123,124,3,7.95,DQN-ReLU-transfer
1699,transfer,DQN-ReLU-transfer-123,124,2,7.2,DQN-ReLU-transfer
1700,transfer,DQN-ReLU-transfer-81,82,4,7.6,DQN-ReLU-transfer
1701,transfer,DQN-ReLU-transfer-81,82,1,9.5,DQN-ReLU-transfer
1702,transfer,DQN-ReLU-transfer-81,82,0,9.61,DQN-ReLU-transfer
1703,transfer,DQN-ReLU-transfer-81,82,3,9.31,DQN-ReLU-transfer
1704,transfer,DQN-ReLU-transfer-81,82,2,6.930000000000001,DQN-ReLU-transfer
1705,transfer,DQN-ReLU-transfer-15,16,3,10.0,DQN-ReLU-transfer
1706,transfer,DQN-ReLU-transfer-15,16,4,9.94,DQN-ReLU-transfer
1707,transfer,DQN-ReLU-transfer-15,16,1,10.0,DQN-ReLU-transfer
1708,transfer,DQN-ReLU-transfer-15,16,0,10.0,DQN-ReLU-transfer
1709,transfer,DQN-ReLU-transfer-15,16,2,10.0,DQN-ReLU-transfer
1710,transfer,DQN-ReLU-transfer-3,4,0,10.0,DQN-ReLU-transfer
1711,transfer,DQN-ReLU-transfer-3,4,4,10.0,DQN-ReLU-transfer
1712,transfer,DQN-ReLU-transfer-3,4,2,10.0,DQN-ReLU-transfer
1713,transfer,DQN-ReLU-transfer-3,4,3,10.0,DQN-ReLU-transfer
1714,transfer,DQN-ReLU-transfer-3,4,1,9.98,DQN-ReLU-transfer
1715,transfer,DQN-ReLU-vf5-transfer-66,67,4,10.0,DQN-ReLU-vf5-transfer
1716,transfer,DQN-ReLU-vf5-transfer-66,67,3,9.99,DQN-ReLU-vf5-transfer
1717,transfer,DQN-ReLU-vf5-transfer-66,67,0,8.85,DQN-ReLU-vf5-transfer
1718,transfer,DQN-ReLU-vf5-transfer-66,67,2,9.51,DQN-ReLU-vf5-transfer
1719,transfer,DQN-ReLU-vf5-transfer-66,67,1,9.99,DQN-ReLU-vf5-transfer
1720,transfer,DQN-ReLU-vf5-transfer-93,94,0,10.0,DQN-ReLU-vf5-transfer
1721,transfer,DQN-ReLU-vf5-transfer-93,94,1,9.1,DQN-ReLU-vf5-transfer
1722,transfer,DQN-ReLU-vf5-transfer-93,94,4,9.29,DQN-ReLU-vf5-transfer
1723,transfer,DQN-ReLU-vf5-transfer-93,94,2,9.19,DQN-ReLU-vf5-transfer
1724,transfer,DQN-ReLU-vf5-transfer-93,94,3,7.84,DQN-ReLU-vf5-transfer
1725,transfer,DQN-ReLU-transfer-139,140,1,9.82,DQN-ReLU-transfer
1726,transfer,DQN-ReLU-transfer-139,140,0,9.53,DQN-ReLU-transfer
1727,transfer,DQN-ReLU-transfer-139,140,2,9.97,DQN-ReLU-transfer
1728,transfer,DQN-ReLU-transfer-139,140,4,8.37,DQN-ReLU-transfer
1729,transfer,DQN-ReLU-transfer-139,140,3,9.5,DQN-ReLU-transfer
1730,transfer,DQN-FTA-transfer-60,60,4,9.54,DQN-FTA-transfer
1731,transfer,DQN-FTA-transfer-60,60,3,9.1,DQN-FTA-transfer
1732,transfer,DQN-FTA-transfer-60,60,2,9.11,DQN-FTA-transfer
1733,transfer,DQN-FTA-transfer-60,60,0,9.99,DQN-FTA-transfer
1734,transfer,DQN-FTA-transfer-60,60,1,9.93,DQN-FTA-transfer
1735,transfer,DQN-FTA-transfer-165,165,1,9.49,DQN-FTA-transfer
1736,transfer,DQN-FTA-transfer-165,165,3,9.07,DQN-FTA-transfer
1737,transfer,DQN-FTA-transfer-165,165,0,3.26,DQN-FTA-transfer
1738,transfer,DQN-FTA-transfer-165,165,4,9.23,DQN-FTA-transfer
1739,transfer,DQN-FTA-transfer-165,165,2,8.31,DQN-FTA-transfer
1740,transfer,DQN-FTA-transfer-50,50,4,9.59,DQN-FTA-transfer
1741,transfer,DQN-FTA-transfer-50,50,2,10.0,DQN-FTA-transfer
1742,transfer,DQN-FTA-transfer-50,50,0,9.08,DQN-FTA-transfer
1743,transfer,DQN-FTA-transfer-50,50,1,10.0,DQN-FTA-transfer
1744,transfer,DQN-FTA-transfer-50,50,3,9.83,DQN-FTA-transfer
1745,transfer,DQN-FTA-transfer-85,85,4,9.51,DQN-FTA-transfer
1746,transfer,DQN-FTA-transfer-85,85,1,9.15,DQN-FTA-transfer
1747,transfer,DQN-FTA-transfer-85,85,0,9.76,DQN-FTA-transfer
1748,transfer,DQN-FTA-transfer-85,85,2,9.97,DQN-FTA-transfer
1749,transfer,DQN-FTA-transfer-85,85,3,9.17,DQN-FTA-transfer
1750,transfer,DQN-FTA-transfer-95,95,4,9.78,DQN-FTA-transfer
1751,transfer,DQN-FTA-transfer-95,95,3,7.11,DQN-FTA-transfer
1752,transfer,DQN-FTA-transfer-95,95,1,9.02,DQN-FTA-transfer
1753,transfer,DQN-FTA-transfer-95,95,0,9.09,DQN-FTA-transfer
1754,transfer,DQN-FTA-transfer-95,95,2,9.16,DQN-FTA-transfer
1755,transfer,DQN-FTA-transfer-30,30,4,9.7,DQN-FTA-transfer
1756,transfer,DQN-FTA-transfer-30,30,3,10.0,DQN-FTA-transfer
1757,transfer,DQN-FTA-transfer-30,30,2,9.97,DQN-FTA-transfer
1758,transfer,DQN-FTA-transfer-30,30,0,9.27,DQN-FTA-transfer
1759,transfer,DQN-FTA-transfer-30,30,1,10.0,DQN-FTA-transfer
1760,transfer,DQN-FTA-transfer-70,70,2,10.0,DQN-FTA-transfer
1761,transfer,DQN-FTA-transfer-70,70,0,10.0,DQN-FTA-transfer
1762,transfer,DQN-FTA-transfer-70,70,1,10.0,DQN-FTA-transfer
1763,transfer,DQN-FTA-transfer-70,70,4,9.39,DQN-FTA-transfer
1764,transfer,DQN-FTA-transfer-70,70,3,9.98,DQN-FTA-transfer
1765,transfer,DQN-FTA-transfer-20,20,4,10.0,DQN-FTA-transfer
1766,transfer,DQN-FTA-transfer-20,20,2,10.0,DQN-FTA-transfer
1767,transfer,DQN-FTA-transfer-20,20,1,10.0,DQN-FTA-transfer
1768,transfer,DQN-FTA-transfer-20,20,0,10.0,DQN-FTA-transfer
1769,transfer,DQN-FTA-transfer-20,20,3,9.31,DQN-FTA-transfer
1770,transfer,DQN-FTA-transfer-155,155,4,9.14,DQN-FTA-transfer
1771,transfer,DQN-FTA-transfer-155,155,1,9.41,DQN-FTA-transfer
1772,transfer,DQN-FTA-transfer-155,155,2,9.11,DQN-FTA-transfer
1773,transfer,DQN-FTA-transfer-155,155,3,9.73,DQN-FTA-transfer
1774,transfer,DQN-FTA-transfer-155,155,0,9.71,DQN-FTA-transfer
1775,transfer,DQN-FTA-transfer-125,125,2,10.0,DQN-FTA-transfer
1776,transfer,DQN-FTA-transfer-125,125,3,9.03,DQN-FTA-transfer
1777,transfer,DQN-FTA-transfer-125,125,1,9.07,DQN-FTA-transfer
1778,transfer,DQN-FTA-transfer-125,125,0,9.12,DQN-FTA-transfer
1779,transfer,DQN-FTA-transfer-125,125,4,9.14,DQN-FTA-transfer
1780,transfer,DQN-FTA-transfer-5,5,2,10.0,DQN-FTA-transfer
1781,transfer,DQN-FTA-transfer-5,5,1,9.57,DQN-FTA-transfer
1782,transfer,DQN-FTA-transfer-5,5,3,9.63,DQN-FTA-transfer
1783,transfer,DQN-FTA-transfer-5,5,4,9.88,DQN-FTA-transfer
1784,transfer,DQN-FTA-transfer-5,5,0,9.99,DQN-FTA-transfer
1785,transfer,DQN-FTA-transfer-40,40,0,10.0,DQN-FTA-transfer
1786,transfer,DQN-FTA-transfer-40,40,2,10.0,DQN-FTA-transfer
1787,transfer,DQN-FTA-transfer-40,40,3,9.99,DQN-FTA-transfer
1788,transfer,DQN-FTA-transfer-40,40,4,9.13,DQN-FTA-transfer
1789,transfer,DQN-FTA-transfer-40,40,1,10.0,DQN-FTA-transfer
1790,transfer,DQN-FTA-transfer-145,145,4,9.5,DQN-FTA-transfer
1791,transfer,DQN-FTA-transfer-145,145,1,9.69,DQN-FTA-transfer
1792,transfer,DQN-FTA-transfer-145,145,3,10.0,DQN-FTA-transfer
1793,transfer,DQN-FTA-transfer-145,145,0,9.94,DQN-FTA-transfer
1794,transfer,DQN-FTA-transfer-145,145,2,9.02,DQN-FTA-transfer
1795,transfer,DQN-FTA-transfer-10,10,1,9.16,DQN-FTA-transfer
1796,transfer,DQN-FTA-transfer-10,10,3,9.42,DQN-FTA-transfer
1797,transfer,DQN-FTA-transfer-10,10,2,8.99,DQN-FTA-transfer
1798,transfer,DQN-FTA-transfer-10,10,0,9.65,DQN-FTA-transfer
1799,transfer,DQN-FTA-transfer-10,10,4,9.66,DQN-FTA-transfer
1800,transfer,DQN-FTA-transfer-115,115,2,9.13,DQN-FTA-transfer
1801,transfer,DQN-FTA-transfer-115,115,1,9.23,DQN-FTA-transfer
1802,transfer,DQN-FTA-transfer-115,115,4,9.16,DQN-FTA-transfer
1803,transfer,DQN-FTA-transfer-115,115,0,9.14,DQN-FTA-transfer
1804,transfer,DQN-FTA-transfer-115,115,3,9.79,DQN-FTA-transfer
1805,transfer,DQN-FTA-transfer-105,105,1,9.92,DQN-FTA-transfer
1806,transfer,DQN-FTA-transfer-105,105,4,9.35,DQN-FTA-transfer
1807,transfer,DQN-FTA-transfer-105,105,3,9.36,DQN-FTA-transfer
1808,transfer,DQN-FTA-transfer-105,105,0,9.57,DQN-FTA-transfer
1809,transfer,DQN-FTA-transfer-105,105,2,9.97,DQN-FTA-transfer
1810,transfer,DQN-FTA-transfer-25,25,4,9.88,DQN-FTA-transfer
1811,transfer,DQN-FTA-transfer-25,25,0,9.96,DQN-FTA-transfer
1812,transfer,DQN-FTA-transfer-25,25,3,10.0,DQN-FTA-transfer
1813,transfer,DQN-FTA-transfer-25,25,2,9.77,DQN-FTA-transfer
1814,transfer,DQN-FTA-transfer-25,25,1,10.0,DQN-FTA-transfer
1815,transfer,DQN-FTA-transfer-135,135,2,9.61,DQN-FTA-transfer
1816,transfer,DQN-FTA-transfer-135,135,3,9.17,DQN-FTA-transfer
1817,transfer,DQN-FTA-transfer-135,135,0,10.0,DQN-FTA-transfer
1818,transfer,DQN-FTA-transfer-135,135,4,9.76,DQN-FTA-transfer
1819,transfer,DQN-FTA-transfer-135,135,1,9.04,DQN-FTA-transfer
1820,transfer,DQN-FTA-transfer-160,160,0,9.74,DQN-FTA-transfer
1821,transfer,DQN-FTA-transfer-160,160,3,9.39,DQN-FTA-transfer
1822,transfer,DQN-FTA-transfer-160,160,2,9.0,DQN-FTA-transfer
1823,transfer,DQN-FTA-transfer-160,160,4,9.6,DQN-FTA-transfer
1824,transfer,DQN-FTA-transfer-160,160,1,9.46,DQN-FTA-transfer
1825,transfer,DQN-FTA-transfer-170,170,2,9.17,DQN-FTA-transfer
1826,transfer,DQN-FTA-transfer-170,170,4,9.01,DQN-FTA-transfer
1827,transfer,DQN-FTA-transfer-170,170,0,9.93,DQN-FTA-transfer
1828,transfer,DQN-FTA-transfer-170,170,3,9.67,DQN-FTA-transfer
1829,transfer,DQN-FTA-transfer-170,170,1,9.19,DQN-FTA-transfer
1830,transfer,DQN-FTA-transfer-65,65,2,10.0,DQN-FTA-transfer
1831,transfer,DQN-FTA-transfer-65,65,3,10.0,DQN-FTA-transfer
1832,transfer,DQN-FTA-transfer-65,65,1,9.94,DQN-FTA-transfer
1833,transfer,DQN-FTA-transfer-65,65,4,9.45,DQN-FTA-transfer
1834,transfer,DQN-FTA-transfer-65,65,0,10.0,DQN-FTA-transfer
1835,transfer,DQN-FTA-transfer-90,90,3,9.98,DQN-FTA-transfer
1836,transfer,DQN-FTA-transfer-90,90,1,10.0,DQN-FTA-transfer
1837,transfer,DQN-FTA-transfer-90,90,4,9.39,DQN-FTA-transfer
1838,transfer,DQN-FTA-transfer-90,90,2,9.2,DQN-FTA-transfer
1839,transfer,DQN-FTA-transfer-90,90,0,9.63,DQN-FTA-transfer
1840,transfer,DQN-FTA-transfer-35,35,1,10.0,DQN-FTA-transfer
1841,transfer,DQN-FTA-transfer-35,35,3,10.0,DQN-FTA-transfer
1842,transfer,DQN-FTA-transfer-35,35,4,9.39,DQN-FTA-transfer
1843,transfer,DQN-FTA-transfer-35,35,2,10.0,DQN-FTA-transfer
1844,transfer,DQN-FTA-transfer-35,35,0,9.95,DQN-FTA-transfer
1845,transfer,DQN-FTA-transfer-130,130,1,9.2,DQN-FTA-transfer
1846,transfer,DQN-FTA-transfer-130,130,3,10.0,DQN-FTA-transfer
1847,transfer,DQN-FTA-transfer-130,130,2,9.1,DQN-FTA-transfer
1848,transfer,DQN-FTA-transfer-130,130,4,9.25,DQN-FTA-transfer
1849,transfer,DQN-FTA-transfer-130,130,0,9.08,DQN-FTA-transfer
1850,transfer,DQN-FTA-transfer-120,120,0,9.37,DQN-FTA-transfer
1851,transfer,DQN-FTA-transfer-120,120,2,9.11,DQN-FTA-transfer
1852,transfer,DQN-FTA-transfer-120,120,4,9.32,DQN-FTA-transfer
1853,transfer,DQN-FTA-transfer-120,120,1,9.64,DQN-FTA-transfer
1854,transfer,DQN-FTA-transfer-120,120,3,8.14,DQN-FTA-transfer
1855,transfer,DQN-FTA-transfer-15,15,2,10.0,DQN-FTA-transfer
1856,transfer,DQN-FTA-transfer-15,15,3,10.0,DQN-FTA-transfer
1857,transfer,DQN-FTA-transfer-15,15,0,9.42,DQN-FTA-transfer
1858,transfer,DQN-FTA-transfer-15,15,1,10.0,DQN-FTA-transfer
1859,transfer,DQN-FTA-transfer-15,15,4,9.73,DQN-FTA-transfer
1860,transfer,DQN-FTA-transfer-100,100,0,9.96,DQN-FTA-transfer
1861,transfer,DQN-FTA-transfer-100,100,2,9.22,DQN-FTA-transfer
1862,transfer,DQN-FTA-transfer-100,100,4,9.56,DQN-FTA-transfer
1863,transfer,DQN-FTA-transfer-100,100,3,9.32,DQN-FTA-transfer
1864,transfer,DQN-FTA-transfer-100,100,1,9.81,DQN-FTA-transfer
1865,transfer,DQN-FTA-transfer-140,140,0,9.94,DQN-FTA-transfer
1866,transfer,DQN-FTA-transfer-140,140,4,9.71,DQN-FTA-transfer
1867,transfer,DQN-FTA-transfer-140,140,3,9.19,DQN-FTA-transfer
1868,transfer,DQN-FTA-transfer-140,140,1,9.98,DQN-FTA-transfer
1869,transfer,DQN-FTA-transfer-140,140,2,9.06,DQN-FTA-transfer
1870,transfer,DQN-FTA-transfer-45,45,0,10.0,DQN-FTA-transfer
1871,transfer,DQN-FTA-transfer-45,45,3,9.18,DQN-FTA-transfer
1872,transfer,DQN-FTA-transfer-45,45,2,10.0,DQN-FTA-transfer
1873,transfer,DQN-FTA-transfer-45,45,4,8.57,DQN-FTA-transfer
1874,transfer,DQN-FTA-transfer-45,45,1,10.0,DQN-FTA-transfer
1875,transfer,DQN-FTA-transfer-0,0,4,9.63,DQN-FTA-transfer
1876,transfer,DQN-FTA-transfer-0,0,2,8.36,DQN-FTA-transfer
1877,transfer,DQN-FTA-transfer-0,0,0,9.45,DQN-FTA-transfer
1878,transfer,DQN-FTA-transfer-0,0,1,9.98,DQN-FTA-transfer
1879,transfer,DQN-FTA-transfer-0,0,3,8.99,DQN-FTA-transfer
1880,transfer,DQN-FTA-transfer-110,110,3,10.0,DQN-FTA-transfer
1881,transfer,DQN-FTA-transfer-110,110,4,9.17,DQN-FTA-transfer
1882,transfer,DQN-FTA-transfer-110,110,2,9.99,DQN-FTA-transfer
1883,transfer,DQN-FTA-transfer-110,110,1,9.91,DQN-FTA-transfer
1884,transfer,DQN-FTA-transfer-110,110,0,9.99,DQN-FTA-transfer
1885,transfer,DQN-FTA-transfer-55,55,4,9.53,DQN-FTA-transfer
1886,transfer,DQN-FTA-transfer-55,55,1,9.57,DQN-FTA-transfer
1887,transfer,DQN-FTA-transfer-55,55,0,9.36,DQN-FTA-transfer
1888,transfer,DQN-FTA-transfer-55,55,3,9.08,DQN-FTA-transfer
1889,transfer,DQN-FTA-transfer-55,55,2,10.0,DQN-FTA-transfer
1890,transfer,DQN-FTA-transfer-75,75,4,9.55,DQN-FTA-transfer
1891,transfer,DQN-FTA-transfer-75,75,0,9.63,DQN-FTA-transfer
1892,transfer,DQN-FTA-transfer-75,75,2,9.62,DQN-FTA-transfer
1893,transfer,DQN-FTA-transfer-75,75,3,9.9,DQN-FTA-transfer
1894,transfer,DQN-FTA-transfer-75,75,1,9.46,DQN-FTA-transfer
1895,transfer,DQN-FTA-transfer-80,80,2,9.12,DQN-FTA-transfer
1896,transfer,DQN-FTA-transfer-80,80,1,9.48,DQN-FTA-transfer
1897,transfer,DQN-FTA-transfer-80,80,0,10.0,DQN-FTA-transfer
1898,transfer,DQN-FTA-transfer-80,80,3,10.0,DQN-FTA-transfer
1899,transfer,DQN-FTA-transfer-80,80,4,9.79,DQN-FTA-transfer
1900,transfer,DQN-FTA-transfer-150,150,1,9.59,DQN-FTA-transfer
1901,transfer,DQN-FTA-transfer-150,150,3,8.58,DQN-FTA-transfer
1902,transfer,DQN-FTA-transfer-150,150,4,9.01,DQN-FTA-transfer
1903,transfer,DQN-FTA-transfer-150,150,2,8.11,DQN-FTA-transfer
1904,transfer,DQN-FTA-transfer-150,150,0,9.73,DQN-FTA-transfer
