,Environment,Algorithm,Goal,Steps,Run,AUC,Return,Successes
0,gridworldpartial_transfer,DQN-ReLU-Gridworld-125,125,100000,0,1.25,141.0,0.0841121495327102
1,gridworldpartial_transfer,DQN-ReLU-Gridworld-125,125,100000,3,1.66,200.0,0.1327433628318584
2,gridworldpartial_transfer,DQN-ReLU-Gridworld-125,125,100000,1,0.9,95.0,0.091743119266055
3,gridworldpartial_transfer,DQN-ReLU-Gridworld-125,125,100000,4,1.16,119.0,0.1
4,gridworldpartial_transfer,DQN-ReLU-Gridworld-125,125,100000,2,1.03,120.0,0.1724137931034483
5,gridworldpartial_transfer,DQN-FTA-Gridworld-0,0,100000,3,4.959999999999999,970.0,0.7058823529411765
6,gridworldpartial_transfer,DQN-FTA-Gridworld-0,0,100000,0,6.33,1242.0,0.654639175257732
7,gridworldpartial_transfer,DQN-FTA-Gridworld-0,0,100000,4,6.03,1149.0,0.7366071428571429
8,gridworldpartial_transfer,DQN-FTA-Gridworld-0,0,100000,1,6.680000000000001,1318.0,0.7351598173515982
9,gridworldpartial_transfer,DQN-FTA-Gridworld-0,0,100000,2,6.94,1459.0,0.7116279069767442
10,gridworldpartial_transfer,DQN-ReLU-Gridworld-120,120,100000,3,9.259999999999998,3099.0,0.9726775956284152
11,gridworldpartial_transfer,DQN-ReLU-Gridworld-120,120,100000,0,9.52,3150.0,0.9553571428571428
12,gridworldpartial_transfer,DQN-ReLU-Gridworld-120,120,100000,1,7.63,2341.0,0.9814323607427056
13,gridworldpartial_transfer,DQN-ReLU-Gridworld-120,120,100000,4,8.049999999999999,2711.0,0.967828418230563
14,gridworldpartial_transfer,DQN-ReLU-Gridworld-120,120,100000,2,9.5,3129.0,0.9724517906336088
15,gridworldpartial_transfer,DQN-FTA-Gridworld-10,10,100000,0,6.65,1487.0,0.740909090909091
16,gridworldpartial_transfer,DQN-FTA-Gridworld-10,10,100000,3,6.16,1215.0,0.7
17,gridworldpartial_transfer,DQN-FTA-Gridworld-10,10,100000,4,6.38,1245.0,0.675
18,gridworldpartial_transfer,DQN-FTA-Gridworld-10,10,100000,1,6.53,1304.0,0.6866359447004609
19,gridworldpartial_transfer,DQN-FTA-Gridworld-10,10,100000,2,6.910000000000001,1486.0,0.6598984771573604
20,gridworldpartial_transfer,DQN-ReLU-Gridworld-130,130,100000,0,9.04,4045.0,0.9861111111111112
21,gridworldpartial_transfer,DQN-ReLU-Gridworld-130,130,100000,3,1.5999999999999996,175.0,0.1376146788990825
22,gridworldpartial_transfer,DQN-ReLU-Gridworld-130,130,100000,1,9.2,4078.0,0.992
23,gridworldpartial_transfer,DQN-ReLU-Gridworld-130,130,100000,4,7.79,3268.0,0.9959839357429718
24,gridworldpartial_transfer,DQN-ReLU-Gridworld-130,130,100000,2,9.43,4633.0,0.9789473684210528
25,gridworldpartial_transfer,DQN-FTA-Gridworld-100,100,100000,3,2.2700000000000005,275.0,0.1864406779661017
26,gridworldpartial_transfer,DQN-FTA-Gridworld-100,100,100000,0,2.36,298.0,0.2878787878787879
27,gridworldpartial_transfer,DQN-FTA-Gridworld-100,100,100000,4,2.8300000000000005,363.0,0.1842105263157894
28,gridworldpartial_transfer,DQN-FTA-Gridworld-100,100,100000,1,2.2,280.0,0.2727272727272727
29,gridworldpartial_transfer,DQN-FTA-Gridworld-100,100,100000,2,1.96,246.0,0.2440944881889764
30,gridworldpartial_transfer,DQN-ReLU-Gridworld-135,135,100000,0,9.5,4080.0,0.986138613861386
31,gridworldpartial_transfer,DQN-ReLU-Gridworld-135,135,100000,3,8.83,3924.0,0.9840637450199204
32,gridworldpartial_transfer,DQN-ReLU-Gridworld-135,135,100000,4,9.19,4117.0,0.9789473684210528
33,gridworldpartial_transfer,DQN-ReLU-Gridworld-135,135,100000,1,7.77,3146.0,0.981132075471698
34,gridworldpartial_transfer,DQN-ReLU-Gridworld-135,135,100000,2,8.84,3977.0,0.9961538461538462
35,gridworldpartial_transfer,DQN-FTA-Gridworld-105,105,100000,0,8.32,2092.0,0.9
36,gridworldpartial_transfer,DQN-FTA-Gridworld-105,105,100000,3,9.43,3076.0,0.9872122762148338
37,gridworldpartial_transfer,DQN-FTA-Gridworld-105,105,100000,4,9.02,3113.0,0.9596541786743517
38,gridworldpartial_transfer,DQN-FTA-Gridworld-105,105,100000,1,9.260000000000002,2992.0,0.9740634005763688
39,gridworldpartial_transfer,DQN-FTA-Gridworld-105,105,100000,2,9.15,2889.0,0.928082191780822
40,gridworldpartial_transfer,DQN-ReLU-Gridworld-155,155,100000,0,6.160000000000001,1288.0,0.4130434782608695
41,gridworldpartial_transfer,DQN-ReLU-Gridworld-155,155,100000,3,5.819999999999999,1188.0,0.4492753623188406
42,gridworldpartial_transfer,DQN-ReLU-Gridworld-155,155,100000,4,5.9,1379.0,0.8709677419354839
43,gridworldpartial_transfer,DQN-ReLU-Gridworld-155,155,100000,1,4.95,835.0,0.4620689655172413
44,gridworldpartial_transfer,DQN-ReLU-Gridworld-155,155,100000,2,5.59,1153.0,0.3565891472868217
45,gridworldpartial_transfer,DQN-FTA-Gridworld-110,110,100000,3,9.71,6104.0,0.9942196531791908
46,gridworldpartial_transfer,DQN-FTA-Gridworld-110,110,100000,0,9.41,5819.0,0.9943100995732574
47,gridworldpartial_transfer,DQN-FTA-Gridworld-110,110,100000,1,9.89,6109.0,0.9940828402366864
48,gridworldpartial_transfer,DQN-FTA-Gridworld-110,110,100000,4,9.91,6506.0,0.9970845481049564
49,gridworldpartial_transfer,DQN-FTA-Gridworld-110,110,100000,2,9.75,5768.0,0.986644407345576
50,gridworldpartial_transfer,DQN-ReLU-Gridworld-160,160,100000,3,9.31,4341.0,0.9907407407407408
51,gridworldpartial_transfer,DQN-ReLU-Gridworld-160,160,100000,0,9.57,4354.0,0.9817073170731708
52,gridworldpartial_transfer,DQN-ReLU-Gridworld-160,160,100000,1,9.07,4269.0,0.9887218045112782
53,gridworldpartial_transfer,DQN-ReLU-Gridworld-160,160,100000,4,8.89,4042.0,0.9815573770491804
54,gridworldpartial_transfer,DQN-ReLU-Gridworld-160,160,100000,2,9.38,4488.0,0.9942857142857144
55,gridworldpartial_transfer,DQN-FTA-Gridworld-115,115,100000,0,2.59,330.0,0.3007518796992481
56,gridworldpartial_transfer,DQN-FTA-Gridworld-115,115,100000,3,2.27,281.0,0.248
57,gridworldpartial_transfer,DQN-FTA-Gridworld-115,115,100000,1,2.27,289.0,0.2923076923076923
58,gridworldpartial_transfer,DQN-FTA-Gridworld-115,115,100000,4,2.6300000000000003,327.0,0.2357723577235772
59,gridworldpartial_transfer,DQN-FTA-Gridworld-115,115,100000,2,2.03,240.0,0.256
60,gridworldpartial_transfer,DQN-ReLU-Gridworld-165,165,100000,0,6.159999999999999,1005.0,0.562874251497006
61,gridworldpartial_transfer,DQN-ReLU-Gridworld-165,165,100000,3,5.4,947.0,0.7106598984771574
62,gridworldpartial_transfer,DQN-ReLU-Gridworld-165,165,100000,1,5.12,836.0,0.5316455696202531
63,gridworldpartial_transfer,DQN-ReLU-Gridworld-165,165,100000,4,3.5700000000000003,565.0,0.5308641975308642
64,gridworldpartial_transfer,DQN-ReLU-Gridworld-165,165,100000,2,3.83,626.0,0.5125
65,gridworldpartial_transfer,DQN-FTA-Gridworld-120,120,100000,0,5.79,1882.0,0.964769647696477
66,gridworldpartial_transfer,DQN-FTA-Gridworld-120,120,100000,3,8.03,2651.0,0.9820051413881749
67,gridworldpartial_transfer,DQN-FTA-Gridworld-120,120,100000,1,8.700000000000001,2959.0,0.9894459102902374
68,gridworldpartial_transfer,DQN-FTA-Gridworld-120,120,100000,4,4.98,1332.0,0.9819121447028424
69,gridworldpartial_transfer,DQN-FTA-Gridworld-120,120,100000,2,8.399999999999999,2662.0,0.9641873278236914
70,gridworldpartial_transfer,DQN-ReLU-Gridworld-170,170,100000,3,4.68,663.0,0.5102040816326531
71,gridworldpartial_transfer,DQN-ReLU-Gridworld-170,170,100000,0,3.37,468.0,0.1121495327102803
72,gridworldpartial_transfer,DQN-ReLU-Gridworld-170,170,100000,1,3.78,519.0,0.4701492537313433
73,gridworldpartial_transfer,DQN-ReLU-Gridworld-170,170,100000,4,1.0499999999999998,114.0,0.1454545454545454
74,gridworldpartial_transfer,DQN-ReLU-Gridworld-170,170,100000,2,4.74,675.0,0.4122137404580153
75,gridworldpartial_transfer,DQN-FTA-Gridworld-125,125,100000,3,0.52,60.0,0.1
76,gridworldpartial_transfer,DQN-FTA-Gridworld-125,125,100000,0,1.56,175.0,0.1272727272727272
77,gridworldpartial_transfer,DQN-FTA-Gridworld-125,125,100000,4,1.19,127.0,0.1272727272727272
78,gridworldpartial_transfer,DQN-FTA-Gridworld-125,125,100000,1,1.92,237.0,0.1565217391304348
79,gridworldpartial_transfer,DQN-FTA-Gridworld-125,125,100000,2,1.31,154.0,0.1351351351351351
80,gridworldpartial_transfer,DQN-ReLU-Gridworld-20,20,100000,0,6.65,1555.0,0.7265625
81,gridworldpartial_transfer,DQN-ReLU-Gridworld-20,20,100000,3,7.16,1713.0,0.7012448132780082
82,gridworldpartial_transfer,DQN-ReLU-Gridworld-20,20,100000,1,7.26,1657.0,0.7470817120622568
83,gridworldpartial_transfer,DQN-ReLU-Gridworld-20,20,100000,4,6.69,1484.0,0.7041666666666667
84,gridworldpartial_transfer,DQN-ReLU-Gridworld-20,20,100000,2,5.81,1312.0,0.6768558951965066
85,gridworldpartial_transfer,DQN-FTA-Gridworld-130,130,100000,0,9.8,5377.0,0.9936708860759492
86,gridworldpartial_transfer,DQN-FTA-Gridworld-130,130,100000,3,9.89,5411.0,0.989983305509182
87,gridworldpartial_transfer,DQN-FTA-Gridworld-130,130,100000,4,8.97,5063.0,0.9934959349593496
88,gridworldpartial_transfer,DQN-FTA-Gridworld-130,130,100000,1,8.91,4744.0,0.9934640522875816
89,gridworldpartial_transfer,DQN-FTA-Gridworld-130,130,100000,2,9.35,5227.0,0.9952
90,gridworldpartial_transfer,DQN-ReLU-Gridworld-25,25,100000,3,7.26,1710.0,0.7004405286343612
91,gridworldpartial_transfer,DQN-ReLU-Gridworld-25,25,100000,0,6.74,1479.0,0.695067264573991
92,gridworldpartial_transfer,DQN-ReLU-Gridworld-25,25,100000,4,6.699999999999999,1438.0,0.6761904761904762
93,gridworldpartial_transfer,DQN-ReLU-Gridworld-25,25,100000,1,7.240000000000001,1660.0,0.7172995780590717
94,gridworldpartial_transfer,DQN-ReLU-Gridworld-25,25,100000,2,7.04,1538.0,0.6742081447963801
95,gridworldpartial_transfer,DQN-FTA-Gridworld-135,135,100000,0,9.75,3994.0,0.975
96,gridworldpartial_transfer,DQN-FTA-Gridworld-135,135,100000,3,8.46,3531.0,0.991578947368421
97,gridworldpartial_transfer,DQN-FTA-Gridworld-135,135,100000,1,9.71,4329.0,0.9816326530612244
98,gridworldpartial_transfer,DQN-FTA-Gridworld-135,135,100000,4,8.99,3869.0,0.9896049896049895
99,gridworldpartial_transfer,DQN-FTA-Gridworld-135,135,100000,2,8.66,3458.0,0.978622327790974
100,gridworldpartial_transfer,DQN-ReLU-Gridworld-30,30,100000,3,7.17,1687.0,0.7228915662650602
101,gridworldpartial_transfer,DQN-ReLU-Gridworld-30,30,100000,0,6.83,1472.0,0.7106382978723405
102,gridworldpartial_transfer,DQN-ReLU-Gridworld-30,30,100000,1,6.709999999999999,1481.0,0.6810344827586207
103,gridworldpartial_transfer,DQN-ReLU-Gridworld-30,30,100000,4,6.43,1384.0,0.6788990825688074
104,gridworldpartial_transfer,DQN-ReLU-Gridworld-30,30,100000,2,6.71,1528.0,0.6812227074235808
105,gridworldpartial_transfer,DQN-FTA-Gridworld-140,140,100000,3,9.41,5489.0,0.9954128440366972
106,gridworldpartial_transfer,DQN-FTA-Gridworld-140,140,100000,0,9.9,5519.0,0.9864406779661016
107,gridworldpartial_transfer,DQN-FTA-Gridworld-140,140,100000,1,8.549999999999999,3099.0,0.925207756232687
108,gridworldpartial_transfer,DQN-FTA-Gridworld-140,140,100000,4,9.91,5761.0,0.9847198641765704
109,gridworldpartial_transfer,DQN-FTA-Gridworld-140,140,100000,2,9.84,5373.0,0.9829931972789115
110,gridworldpartial_transfer,DQN-ReLU-Gridworld-35,35,100000,3,6.8500000000000005,1462.0,0.6936936936936937
111,gridworldpartial_transfer,DQN-ReLU-Gridworld-35,35,100000,0,7.289999999999999,1676.0,0.7327586206896551
112,gridworldpartial_transfer,DQN-ReLU-Gridworld-35,35,100000,4,6.11,1335.0,0.6933962264150944
113,gridworldpartial_transfer,DQN-ReLU-Gridworld-35,35,100000,1,6.179999999999999,1245.0,0.6940639269406392
114,gridworldpartial_transfer,DQN-ReLU-Gridworld-35,35,100000,2,6.85,1453.0,0.6926605504587156
115,gridworldpartial_transfer,DQN-FTA-Gridworld-145,145,100000,0,9.2,4682.0,0.991394148020654
116,gridworldpartial_transfer,DQN-FTA-Gridworld-145,145,100000,3,9.53,4688.0,0.9833641404805916
117,gridworldpartial_transfer,DQN-FTA-Gridworld-145,145,100000,1,8.31,4276.0,0.991166077738516
118,gridworldpartial_transfer,DQN-FTA-Gridworld-145,145,100000,4,9.07,4685.0,0.987783595113438
119,gridworldpartial_transfer,DQN-FTA-Gridworld-145,145,100000,2,9.8,4794.0,0.9945553539019965
120,gridworldpartial_transfer,DQN-ReLU-Gridworld-40,40,100000,0,8.89,4294.0,0.9634888438133874
121,gridworldpartial_transfer,DQN-ReLU-Gridworld-40,40,100000,3,9.78,4959.0,0.966728280961183
122,gridworldpartial_transfer,DQN-ReLU-Gridworld-40,40,100000,1,9.46,4735.0,0.9686924493554327
123,gridworldpartial_transfer,DQN-ReLU-Gridworld-40,40,100000,4,9.25,4761.0,0.983633387888707
124,gridworldpartial_transfer,DQN-ReLU-Gridworld-40,40,100000,2,8.9,4658.0,0.986013986013986
125,gridworldpartial_transfer,DQN-FTA-Gridworld-15,15,100000,0,6.91,1562.0,0.7089201877934272
126,gridworldpartial_transfer,DQN-FTA-Gridworld-15,15,100000,3,6.529999999999999,1393.0,0.6877828054298643
127,gridworldpartial_transfer,DQN-FTA-Gridworld-15,15,100000,1,6.34,1323.0,0.656084656084656
128,gridworldpartial_transfer,DQN-FTA-Gridworld-15,15,100000,4,6.82,1333.0,0.6837209302325581
129,gridworldpartial_transfer,DQN-FTA-Gridworld-15,15,100000,2,6.680000000000001,1326.0,0.6464646464646465
130,gridworldpartial_transfer,DQN-ReLU-Gridworld-45,45,100000,3,8.91,3261.0,0.96
131,gridworldpartial_transfer,DQN-ReLU-Gridworld-45,45,100000,0,8.74,3215.0,0.9359605911330048
132,gridworldpartial_transfer,DQN-ReLU-Gridworld-45,45,100000,1,8.870000000000001,3178.0,0.9396984924623116
133,gridworldpartial_transfer,DQN-ReLU-Gridworld-45,45,100000,4,8.389999999999999,2927.0,0.944055944055944
134,gridworldpartial_transfer,DQN-ReLU-Gridworld-45,45,100000,2,8.83,3206.0,0.929440389294404
135,gridworldpartial_transfer,DQN-FTA-Gridworld-150,150,100000,3,8.92,3654.0,0.9868995633187772
136,gridworldpartial_transfer,DQN-FTA-Gridworld-150,150,100000,0,8.77,3559.0,0.9785867237687366
137,gridworldpartial_transfer,DQN-FTA-Gridworld-150,150,100000,4,9.74,4014.0,0.9848484848484848
138,gridworldpartial_transfer,DQN-FTA-Gridworld-150,150,100000,1,9.15,3856.0,0.9893617021276596
139,gridworldpartial_transfer,DQN-FTA-Gridworld-150,150,100000,2,7.959999999999999,3289.0,0.987603305785124
140,gridworldpartial_transfer,DQN-ReLU-Gridworld-5,5,100000,3,6.869999999999999,1362.0,0.7253218884120172
141,gridworldpartial_transfer,DQN-ReLU-Gridworld-5,5,100000,0,6.9,1398.0,0.6649746192893401
142,gridworldpartial_transfer,DQN-ReLU-Gridworld-5,5,100000,1,6.92,1466.0,0.67
143,gridworldpartial_transfer,DQN-ReLU-Gridworld-5,5,100000,4,6.95,1391.0,0.6532663316582915
144,gridworldpartial_transfer,DQN-ReLU-Gridworld-5,5,100000,2,7.209999999999999,1537.0,0.6699029126213593
145,gridworldpartial_transfer,DQN-FTA-Gridworld-155,155,100000,3,5.05,943.0,0.3939393939393939
146,gridworldpartial_transfer,DQN-FTA-Gridworld-155,155,100000,0,3.8,515.0,0.3064516129032258
147,gridworldpartial_transfer,DQN-FTA-Gridworld-155,155,100000,1,4.140000000000001,573.0,0.3587786259541984
148,gridworldpartial_transfer,DQN-FTA-Gridworld-155,155,100000,4,3.03,394.0,0.3095238095238095
149,gridworldpartial_transfer,DQN-FTA-Gridworld-155,155,100000,2,2.21,294.0,0.208695652173913
150,gridworldpartial_transfer,DQN-ReLU-Gridworld-50,50,100000,0,9.74,5629.0,0.991150442477876
151,gridworldpartial_transfer,DQN-ReLU-Gridworld-50,50,100000,3,9.69,5788.0,0.9973718791064388
152,gridworldpartial_transfer,DQN-ReLU-Gridworld-50,50,100000,1,9.03,5173.0,0.991404011461318
153,gridworldpartial_transfer,DQN-ReLU-Gridworld-50,50,100000,4,9.63,5606.0,0.9938176197836168
154,gridworldpartial_transfer,DQN-ReLU-Gridworld-50,50,100000,2,9.76,5487.0,0.9835526315789472
155,gridworldpartial_transfer,DQN-FTA-Gridworld-160,160,100000,0,9.72,4726.0,0.9845857418111752
156,gridworldpartial_transfer,DQN-FTA-Gridworld-160,160,100000,3,9.77,4639.0,0.9981916817359856
157,gridworldpartial_transfer,DQN-FTA-Gridworld-160,160,100000,4,9.76,4720.0,0.9807321772639692
158,gridworldpartial_transfer,DQN-FTA-Gridworld-160,160,100000,1,9.23,4519.0,0.9924098671726757
159,gridworldpartial_transfer,DQN-FTA-Gridworld-160,160,100000,2,9.22,4482.0,0.9865125240847784
160,gridworldpartial_transfer,DQN-ReLU-Gridworld-55,55,100000,0,9.15,5463.0,0.9845201238390092
161,gridworldpartial_transfer,DQN-ReLU-Gridworld-55,55,100000,3,9.12,5495.0,0.9958333333333332
162,gridworldpartial_transfer,DQN-ReLU-Gridworld-55,55,100000,1,9.91,5882.0,0.9909774436090224
163,gridworldpartial_transfer,DQN-ReLU-Gridworld-55,55,100000,4,9.81,5972.0,0.989329268292683
164,gridworldpartial_transfer,DQN-ReLU-Gridworld-55,55,100000,2,9.46,5741.0,0.9878419452887538
165,gridworldpartial_transfer,DQN-FTA-Gridworld-165,165,100000,3,0.36,38.0,0.0571428571428571
166,gridworldpartial_transfer,DQN-FTA-Gridworld-165,165,100000,0,3.64,701.0,0.728110599078341
167,gridworldpartial_transfer,DQN-FTA-Gridworld-165,165,100000,4,6.46,1466.0,0.6796116504854369
168,gridworldpartial_transfer,DQN-FTA-Gridworld-165,165,100000,1,1.62,181.0,0.4214285714285714
169,gridworldpartial_transfer,DQN-FTA-Gridworld-165,165,100000,2,4.08,677.0,0.6216216216216216
170,gridworldpartial_transfer,DQN-ReLU-Gridworld-60,60,100000,3,7.439999999999999,4004.0,0.993388429752066
171,gridworldpartial_transfer,DQN-ReLU-Gridworld-60,60,100000,0,8.94,4891.0,0.9901477832512317
172,gridworldpartial_transfer,DQN-ReLU-Gridworld-60,60,100000,1,5.260000000000001,2424.0,0.9868204283360792
173,gridworldpartial_transfer,DQN-ReLU-Gridworld-60,60,100000,4,7.66,4208.0,0.9933993399339934
174,gridworldpartial_transfer,DQN-ReLU-Gridworld-60,60,100000,2,8.49,4557.0,0.9969278033794164
175,gridworldpartial_transfer,DQN-FTA-Gridworld-170,170,100000,3,3.76,456.0,0.336
176,gridworldpartial_transfer,DQN-FTA-Gridworld-170,170,100000,0,4.22,596.0,0.1946902654867256
177,gridworldpartial_transfer,DQN-FTA-Gridworld-170,170,100000,4,4.739999999999999,698.0,0.2542372881355932
178,gridworldpartial_transfer,DQN-FTA-Gridworld-170,170,100000,1,6.95,1799.0,0.8144796380090498
179,gridworldpartial_transfer,DQN-FTA-Gridworld-170,170,100000,2,5.999999999999999,1186.0,0.9304635761589404
180,gridworldpartial_transfer,DQN-ReLU-Gridworld-65,65,100000,3,8.05,5071.0,0.9957142857142856
181,gridworldpartial_transfer,DQN-ReLU-Gridworld-65,65,100000,0,9.22,5790.0,0.9955686853766618
182,gridworldpartial_transfer,DQN-ReLU-Gridworld-65,65,100000,4,9.63,6095.0,0.987987987987988
183,gridworldpartial_transfer,DQN-ReLU-Gridworld-65,65,100000,1,9.02,5300.0,0.99
184,gridworldpartial_transfer,DQN-ReLU-Gridworld-65,65,100000,2,9.95,6298.0,0.99302649930265
185,gridworldpartial_transfer,DQN-FTA-Gridworld-20,20,100000,0,6.36,1553.0,0.735632183908046
186,gridworldpartial_transfer,DQN-FTA-Gridworld-20,20,100000,3,6.329999999999999,1424.0,0.7049180327868853
187,gridworldpartial_transfer,DQN-FTA-Gridworld-20,20,100000,1,6.989999999999999,1609.0,0.7131147540983607
188,gridworldpartial_transfer,DQN-FTA-Gridworld-20,20,100000,4,7.069999999999999,1532.0,0.7250996015936255
189,gridworldpartial_transfer,DQN-FTA-Gridworld-20,20,100000,2,7.27,1687.0,0.6885964912280702
190,gridworldpartial_transfer,DQN-ReLU-Gridworld-70,70,100000,3,9.93,6838.0,0.993421052631579
191,gridworldpartial_transfer,DQN-ReLU-Gridworld-70,70,100000,0,9.85,6882.0,0.9865591397849462
192,gridworldpartial_transfer,DQN-ReLU-Gridworld-70,70,100000,4,9.88,6663.0,0.9987531172069826
193,gridworldpartial_transfer,DQN-ReLU-Gridworld-70,70,100000,1,9.76,6382.0,0.9879032258064516
194,gridworldpartial_transfer,DQN-ReLU-Gridworld-70,70,100000,2,9.42,6577.0,0.9935483870967742
195,gridworldpartial_transfer,DQN-FTA-Gridworld-25,25,100000,0,7.039999999999999,1571.0,0.6946902654867256
196,gridworldpartial_transfer,DQN-FTA-Gridworld-25,25,100000,3,6.37,1403.0,0.6896551724137931
197,gridworldpartial_transfer,DQN-FTA-Gridworld-25,25,100000,1,6.8500000000000005,1516.0,0.7068965517241379
198,gridworldpartial_transfer,DQN-FTA-Gridworld-25,25,100000,4,6.51,1359.0,0.6268656716417911
199,gridworldpartial_transfer,DQN-FTA-Gridworld-25,25,100000,2,6.69,1479.0,0.6666666666666666
200,gridworldpartial_transfer,DQN-ReLU-Gridworld-75,75,100000,0,9.9,5130.0,0.9884678747940692
201,gridworldpartial_transfer,DQN-ReLU-Gridworld-75,75,100000,3,9.48,5031.0,0.9871794871794872
202,gridworldpartial_transfer,DQN-ReLU-Gridworld-75,75,100000,4,8.44,4348.0,0.9929203539823008
203,gridworldpartial_transfer,DQN-ReLU-Gridworld-75,75,100000,1,9.32,4773.0,0.9895652173913044
204,gridworldpartial_transfer,DQN-ReLU-Gridworld-75,75,100000,2,9.18,4847.0,0.9948979591836736
205,gridworldpartial_transfer,DQN-FTA-Gridworld-30,30,100000,3,6.540000000000001,1355.0,0.7088607594936709
206,gridworldpartial_transfer,DQN-FTA-Gridworld-30,30,100000,0,6.87,1593.0,0.7081545064377682
207,gridworldpartial_transfer,DQN-FTA-Gridworld-30,30,100000,4,6.56,1396.0,0.6872246696035242
208,gridworldpartial_transfer,DQN-FTA-Gridworld-30,30,100000,1,7.32,1756.0,0.7206477732793523
209,gridworldpartial_transfer,DQN-FTA-Gridworld-30,30,100000,2,6.63,1466.0,0.6589861751152074
210,gridworldpartial_transfer,DQN-ReLU-Gridworld-80,80,100000,0,9.91,5551.0,0.9935064935064936
211,gridworldpartial_transfer,DQN-ReLU-Gridworld-80,80,100000,3,9.68,5672.0,0.9897084048027444
212,gridworldpartial_transfer,DQN-ReLU-Gridworld-80,80,100000,1,9.2,4827.0,0.9885057471264368
213,gridworldpartial_transfer,DQN-ReLU-Gridworld-80,80,100000,4,9.42,5434.0,0.9871175523349436
214,gridworldpartial_transfer,DQN-ReLU-Gridworld-80,80,100000,2,9.65,5265.0,0.9842105263157894
215,gridworldpartial_transfer,DQN-FTA-Gridworld-35,35,100000,0,6.73,1440.0,0.6854460093896714
216,gridworldpartial_transfer,DQN-FTA-Gridworld-35,35,100000,3,6.98,1400.0,0.6837209302325581
217,gridworldpartial_transfer,DQN-FTA-Gridworld-35,35,100000,4,6.449999999999999,1295.0,0.6778846153846154
218,gridworldpartial_transfer,DQN-FTA-Gridworld-35,35,100000,1,6.75,1403.0,0.645320197044335
219,gridworldpartial_transfer,DQN-FTA-Gridworld-35,35,100000,2,6.420000000000001,1308.0,0.6302083333333334
220,gridworldpartial_transfer,DQN-ReLU-Gridworld-85,85,100000,3,2.41,294.0,0.2519685039370078
221,gridworldpartial_transfer,DQN-ReLU-Gridworld-85,85,100000,0,3.23,416.0,0.2439024390243902
222,gridworldpartial_transfer,DQN-ReLU-Gridworld-85,85,100000,1,2.39,331.0,0.2985074626865671
223,gridworldpartial_transfer,DQN-ReLU-Gridworld-85,85,100000,4,2.4,302.0,0.1848739495798319
224,gridworldpartial_transfer,DQN-ReLU-Gridworld-85,85,100000,2,2.18,273.0,0.216
225,gridworldpartial_transfer,DQN-FTA-Gridworld-40,40,100000,3,9.61,4757.0,0.9714828897338404
226,gridworldpartial_transfer,DQN-FTA-Gridworld-40,40,100000,0,9.14,4218.0,0.9615384615384616
227,gridworldpartial_transfer,DQN-FTA-Gridworld-40,40,100000,4,9.65,5332.0,0.9887640449438202
228,gridworldpartial_transfer,DQN-FTA-Gridworld-40,40,100000,1,9.47,4682.0,0.9673539518900344
229,gridworldpartial_transfer,DQN-FTA-Gridworld-40,40,100000,2,9.07,4585.0,0.9815157116451017
230,gridworldpartial_transfer,DQN-ReLU-Gridworld-90,90,100000,3,9.51,5906.0,0.9959183673469388
231,gridworldpartial_transfer,DQN-ReLU-Gridworld-90,90,100000,0,9.85,6035.0,0.989329268292683
232,gridworldpartial_transfer,DQN-ReLU-Gridworld-90,90,100000,1,9.8,6245.0,0.9871428571428572
233,gridworldpartial_transfer,DQN-ReLU-Gridworld-90,90,100000,4,8.67,5235.0,0.9905808477237048
234,gridworldpartial_transfer,DQN-ReLU-Gridworld-90,90,100000,2,9.75,6095.0,0.9958791208791208
235,gridworldpartial_transfer,DQN-FTA-Gridworld-45,45,100000,0,9.089999999999998,3301.0,0.9458762886597938
236,gridworldpartial_transfer,DQN-FTA-Gridworld-45,45,100000,3,9.27,3471.0,0.946078431372549
237,gridworldpartial_transfer,DQN-FTA-Gridworld-45,45,100000,1,9.05,3194.0,0.9492753623188406
238,gridworldpartial_transfer,DQN-FTA-Gridworld-45,45,100000,4,9.22,3051.0,0.7877551020408163
239,gridworldpartial_transfer,DQN-FTA-Gridworld-45,45,100000,2,8.25,2610.0,0.8961038961038961
240,gridworldpartial_transfer,DQN-ReLU-Gridworld-95,95,100000,0,9.86,4720.0,0.9763779527559056
241,gridworldpartial_transfer,DQN-ReLU-Gridworld-95,95,100000,3,9.05,4366.0,0.9946902654867256
242,gridworldpartial_transfer,DQN-ReLU-Gridworld-95,95,100000,4,8.83,4301.0,0.9884169884169884
243,gridworldpartial_transfer,DQN-ReLU-Gridworld-95,95,100000,1,9.42,4551.0,0.9883495145631068
244,gridworldpartial_transfer,DQN-ReLU-Gridworld-95,95,100000,2,9.22,4542.0,0.9911816578483243
245,gridworldpartial_transfer,DQN-FTA-Gridworld-5,5,100000,3,6.95,1482.0,0.7245762711864406
246,gridworldpartial_transfer,DQN-FTA-Gridworld-5,5,100000,0,6.8100000000000005,1558.0,0.7402597402597403
247,gridworldpartial_transfer,DQN-FTA-Gridworld-5,5,100000,1,7.029999999999999,1521.0,0.7043478260869566
248,gridworldpartial_transfer,DQN-FTA-Gridworld-5,5,100000,4,6.34,1254.0,0.656084656084656
249,gridworldpartial_transfer,DQN-FTA-Gridworld-5,5,100000,2,6.32,1285.0,0.6952380952380952
250,gridworldpartial_transfer,DRQN-FTA-Gridworld-0,0,100000,3,8.6,3256.0,1.0
251,gridworldpartial_transfer,DRQN-FTA-Gridworld-0,0,100000,0,9.32,3454.0,1.0
252,gridworldpartial_transfer,DRQN-FTA-Gridworld-0,0,100000,4,8.77,3099.0,1.0
253,gridworldpartial_transfer,DRQN-FTA-Gridworld-0,0,100000,1,8.690000000000001,3309.0,1.0
254,gridworldpartial_transfer,DRQN-FTA-Gridworld-0,0,100000,2,9.03,3234.0,0.9976689976689976
255,gridworldpartial_transfer,DQN-FTA-Gridworld-50,50,100000,3,9.68,6188.0,0.9878048780487804
256,gridworldpartial_transfer,DQN-FTA-Gridworld-50,50,100000,0,9.94,6501.0,0.9900142653352354
257,gridworldpartial_transfer,DQN-FTA-Gridworld-50,50,100000,4,9.9,6858.0,0.99025069637883
258,gridworldpartial_transfer,DQN-FTA-Gridworld-50,50,100000,1,8.95,5576.0,0.9845201238390092
259,gridworldpartial_transfer,DQN-FTA-Gridworld-50,50,100000,2,9.71,6299.0,0.9915730337078652
260,gridworldpartial_transfer,DRQN-FTA-Gridworld-10,10,100000,3,8.469999999999999,3389.0,1.0
261,gridworldpartial_transfer,DRQN-FTA-Gridworld-10,10,100000,0,9.38,3605.0,0.997624703087886
262,gridworldpartial_transfer,DRQN-FTA-Gridworld-10,10,100000,4,9.03,3505.0,1.0
263,gridworldpartial_transfer,DRQN-FTA-Gridworld-10,10,100000,1,9.26,3824.0,1.0
264,gridworldpartial_transfer,DRQN-FTA-Gridworld-10,10,100000,2,9.1,3714.0,1.0
265,gridworldpartial_transfer,DQN-FTA-Gridworld-55,55,100000,3,9.92,6083.0,0.9971751412429378
266,gridworldpartial_transfer,DQN-FTA-Gridworld-55,55,100000,0,8.42,5165.0,0.9929478138222848
267,gridworldpartial_transfer,DQN-FTA-Gridworld-55,55,100000,4,9.9,6019.0,0.9955947136563876
268,gridworldpartial_transfer,DQN-FTA-Gridworld-55,55,100000,1,9.84,5859.0,0.9957142857142856
269,gridworldpartial_transfer,DQN-FTA-Gridworld-55,55,100000,2,9.88,6066.0,0.9865871833084948
270,gridworldpartial_transfer,DRQN-FTA-Gridworld-100,100,100000,0,8.42,3313.0,0.9978991596638656
271,gridworldpartial_transfer,DRQN-FTA-Gridworld-100,100,100000,3,8.92,3388.0,0.9977220956719818
272,gridworldpartial_transfer,DRQN-FTA-Gridworld-100,100,100000,4,8.48,2609.0,0.9863013698630136
273,gridworldpartial_transfer,DRQN-FTA-Gridworld-100,100,100000,1,9.45,3567.0,0.995260663507109
274,gridworldpartial_transfer,DRQN-FTA-Gridworld-100,100,100000,2,8.86,3196.0,0.9851851851851852
275,gridworldpartial_transfer,DQN-FTA-Gridworld-60,60,100000,0,9.11,5284.0,0.9954268292682928
276,gridworldpartial_transfer,DQN-FTA-Gridworld-60,60,100000,3,9.67,5358.0,0.9984496124031008
277,gridworldpartial_transfer,DQN-FTA-Gridworld-60,60,100000,1,7.0200000000000005,3976.0,0.9840425531914894
278,gridworldpartial_transfer,DQN-FTA-Gridworld-60,60,100000,4,9.93,5552.0,0.9883720930232558
279,gridworldpartial_transfer,DQN-FTA-Gridworld-60,60,100000,2,9.87,5493.0,0.9954128440366972
280,gridworldpartial_transfer,DRQN-FTA-Gridworld-105,105,100000,0,8.9,3423.0,1.0
281,gridworldpartial_transfer,DRQN-FTA-Gridworld-105,105,100000,3,9.14,3399.0,0.9977628635346756
282,gridworldpartial_transfer,DRQN-FTA-Gridworld-105,105,100000,1,9.42,3639.0,0.9977628635346756
283,gridworldpartial_transfer,DRQN-FTA-Gridworld-105,105,100000,4,8.809999999999999,3028.0,0.979643765903308
284,gridworldpartial_transfer,DRQN-FTA-Gridworld-105,105,100000,2,8.96,3020.0,0.982367758186398
285,gridworldpartial_transfer,DQN-FTA-Gridworld-65,65,100000,0,9.79,5945.0,0.9890453834115804
286,gridworldpartial_transfer,DQN-FTA-Gridworld-65,65,100000,3,9.92,6024.0,0.9878603945371776
287,gridworldpartial_transfer,DQN-FTA-Gridworld-65,65,100000,1,9.83,5851.0,0.991549295774648
288,gridworldpartial_transfer,DQN-FTA-Gridworld-65,65,100000,4,9.82,5820.0,0.9888888888888888
289,gridworldpartial_transfer,DQN-FTA-Gridworld-65,65,100000,2,9.62,5758.0,0.9758454106280192
290,gridworldpartial_transfer,DRQN-FTA-Gridworld-110,110,100000,3,9.52,7406.0,1.0
291,gridworldpartial_transfer,DRQN-FTA-Gridworld-110,110,100000,0,9.99,7708.0,1.0
292,gridworldpartial_transfer,DRQN-FTA-Gridworld-110,110,100000,1,9.76,7753.0,1.0
293,gridworldpartial_transfer,DRQN-FTA-Gridworld-110,110,100000,4,9.84,7652.0,1.0
294,gridworldpartial_transfer,DRQN-FTA-Gridworld-110,110,100000,2,9.7,7343.0,1.0
295,gridworldpartial_transfer,DQN-FTA-Gridworld-70,70,100000,0,9.68,6143.0,0.9797101449275364
296,gridworldpartial_transfer,DQN-FTA-Gridworld-70,70,100000,3,9.85,6340.0,0.989145183175034
297,gridworldpartial_transfer,DQN-FTA-Gridworld-70,70,100000,1,9.84,6578.0,0.9850948509485096
298,gridworldpartial_transfer,DQN-FTA-Gridworld-70,70,100000,4,9.81,6417.0,0.9885877318116976
299,gridworldpartial_transfer,DQN-FTA-Gridworld-70,70,100000,2,9.42,6298.0,0.9894736842105264
300,gridworldpartial_transfer,DRQN-FTA-Gridworld-115,115,100000,3,7.95,2792.0,0.9977426636568848
301,gridworldpartial_transfer,DRQN-FTA-Gridworld-115,115,100000,0,8.7,2964.0,0.9928057553956836
302,gridworldpartial_transfer,DRQN-FTA-Gridworld-115,115,100000,4,7.76,2096.0,0.9739130434782608
303,gridworldpartial_transfer,DRQN-FTA-Gridworld-115,115,100000,1,9.58,3331.0,0.9974293059125964
304,gridworldpartial_transfer,DRQN-FTA-Gridworld-115,115,100000,2,8.11,2352.0,0.9889807162534436
305,gridworldpartial_transfer,DQN-FTA-Gridworld-75,75,100000,0,9.78,4824.0,0.9922630560928434
306,gridworldpartial_transfer,DQN-FTA-Gridworld-75,75,100000,3,8.44,4337.0,0.9933110367892976
307,gridworldpartial_transfer,DQN-FTA-Gridworld-75,75,100000,1,8.94,4586.0,0.984251968503937
308,gridworldpartial_transfer,DQN-FTA-Gridworld-75,75,100000,4,9.84,5121.0,0.9917355371900828
309,gridworldpartial_transfer,DQN-FTA-Gridworld-75,75,100000,2,9.83,5141.0,0.9897610921501706
310,gridworldpartial_transfer,DRQN-FTA-Gridworld-120,120,100000,0,8.870000000000001,3329.0,0.9976470588235294
311,gridworldpartial_transfer,DRQN-FTA-Gridworld-120,120,100000,3,9.21,3579.0,1.0
312,gridworldpartial_transfer,DRQN-FTA-Gridworld-120,120,100000,1,9.53,3866.0,0.9953703703703703
313,gridworldpartial_transfer,DRQN-FTA-Gridworld-120,120,100000,4,8.940000000000001,3305.0,0.989769820971867
314,gridworldpartial_transfer,DRQN-FTA-Gridworld-120,120,100000,2,6.5,2425.0,1.0
315,gridworldpartial_transfer,DQN-FTA-Gridworld-80,80,100000,0,9.87,5759.0,0.9832572298325722
316,gridworldpartial_transfer,DQN-FTA-Gridworld-80,80,100000,3,9.83,5508.0,0.9865269461077844
317,gridworldpartial_transfer,DQN-FTA-Gridworld-80,80,100000,4,9.84,5708.0,0.9873417721518988
318,gridworldpartial_transfer,DQN-FTA-Gridworld-80,80,100000,1,9.85,5699.0,0.9941944847605224
319,gridworldpartial_transfer,DQN-FTA-Gridworld-80,80,100000,2,9.19,5475.0,0.985052316890882
320,gridworldpartial_transfer,DRQN-FTA-Gridworld-125,125,100000,0,8.24,3331.0,0.9935622317596566
321,gridworldpartial_transfer,DRQN-FTA-Gridworld-125,125,100000,3,2.2700000000000005,269.0,0.2945736434108527
322,gridworldpartial_transfer,DRQN-FTA-Gridworld-125,125,100000,4,8.23,3553.0,0.9979879275653925
323,gridworldpartial_transfer,DRQN-FTA-Gridworld-125,125,100000,1,4.67,1622.0,1.0
324,gridworldpartial_transfer,DRQN-FTA-Gridworld-125,125,100000,2,7.609999999999999,1984.0,0.9436201780415432
325,gridworldpartial_transfer,DQN-FTA-Gridworld-85,85,100000,3,2.7400000000000007,342.0,0.3235294117647059
326,gridworldpartial_transfer,DQN-FTA-Gridworld-85,85,100000,0,2.44,300.0,0.2803030303030303
327,gridworldpartial_transfer,DQN-FTA-Gridworld-85,85,100000,1,2.41,323.0,0.3138686131386861
328,gridworldpartial_transfer,DQN-FTA-Gridworld-85,85,100000,4,2.64,343.0,0.2295081967213114
329,gridworldpartial_transfer,DQN-FTA-Gridworld-85,85,100000,2,2.14,260.0,0.2295081967213114
330,gridworldpartial_transfer,DRQN-FTA-Gridworld-130,130,100000,3,9.7,5538.0,1.0
331,gridworldpartial_transfer,DRQN-FTA-Gridworld-130,130,100000,0,9.06,5102.0,1.0
332,gridworldpartial_transfer,DRQN-FTA-Gridworld-130,130,100000,4,8.39,5012.0,1.0
333,gridworldpartial_transfer,DRQN-FTA-Gridworld-130,130,100000,1,9.97,5979.0,1.0
334,gridworldpartial_transfer,DRQN-FTA-Gridworld-130,130,100000,2,9.12,5245.0,1.0
335,gridworldpartial_transfer,DQN-FTA-Gridworld-90,90,100000,3,9.58,6195.0,0.9958448753462604
336,gridworldpartial_transfer,DQN-FTA-Gridworld-90,90,100000,0,9.94,6118.0,0.979933110367893
337,gridworldpartial_transfer,DQN-FTA-Gridworld-90,90,100000,1,9.92,6247.0,0.986404833836858
338,gridworldpartial_transfer,DQN-FTA-Gridworld-90,90,100000,4,9.96,6541.0,0.9940828402366864
339,gridworldpartial_transfer,DQN-FTA-Gridworld-90,90,100000,2,9.93,6384.0,0.9944444444444444
340,gridworldpartial_transfer,DRQN-FTA-Gridworld-135,135,100000,0,9.78,5329.0,1.0
341,gridworldpartial_transfer,DRQN-FTA-Gridworld-135,135,100000,3,9.15,4929.0,1.0
342,gridworldpartial_transfer,DRQN-FTA-Gridworld-135,135,100000,4,9.38,4948.0,1.0
343,gridworldpartial_transfer,DRQN-FTA-Gridworld-135,135,100000,1,9.09,5219.0,1.0
344,gridworldpartial_transfer,DRQN-FTA-Gridworld-135,135,100000,2,8.2,4431.0,1.0
345,gridworldpartial_transfer,DQN-FTA-Gridworld-95,95,100000,0,8.11,3792.0,0.9908088235294118
346,gridworldpartial_transfer,DQN-FTA-Gridworld-95,95,100000,3,8.100000000000001,3659.0,0.9862204724409448
347,gridworldpartial_transfer,DQN-FTA-Gridworld-95,95,100000,4,9.02,4509.0,0.9888682745825604
348,gridworldpartial_transfer,DQN-FTA-Gridworld-95,95,100000,1,9.05,4346.0,0.9825581395348836
349,gridworldpartial_transfer,DQN-FTA-Gridworld-95,95,100000,2,9.05,4125.0,0.9927404718693283
350,gridworldpartial_transfer,DRQN-FTA-Gridworld-140,140,100000,3,9.6,6683.0,1.0
351,gridworldpartial_transfer,DRQN-FTA-Gridworld-140,140,100000,0,9.3,6565.0,1.0
352,gridworldpartial_transfer,DRQN-FTA-Gridworld-140,140,100000,1,9.85,7168.0,1.0
353,gridworldpartial_transfer,DRQN-FTA-Gridworld-140,140,100000,4,9.62,6468.0,1.0
354,gridworldpartial_transfer,DRQN-FTA-Gridworld-140,140,100000,2,9.86,6833.0,1.0
355,gridworldpartial_transfer,DQN-ReLU-Gridworld-0,0,100000,0,6.880000000000001,1476.0,0.7162790697674418
356,gridworldpartial_transfer,DQN-ReLU-Gridworld-0,0,100000,3,7.419999999999999,1554.0,0.7541666666666667
357,gridworldpartial_transfer,DQN-ReLU-Gridworld-0,0,100000,4,6.62,1341.0,0.697560975609756
358,gridworldpartial_transfer,DQN-ReLU-Gridworld-0,0,100000,1,6.75,1348.0,0.6748768472906403
359,gridworldpartial_transfer,DQN-ReLU-Gridworld-0,0,100000,2,6.19,1282.0,0.7081339712918661
360,gridworldpartial_transfer,DRQN-FTA-Gridworld-145,145,100000,0,9.39,5597.0,1.0
361,gridworldpartial_transfer,DRQN-FTA-Gridworld-145,145,100000,3,9.52,5684.0,1.0
362,gridworldpartial_transfer,DRQN-FTA-Gridworld-145,145,100000,4,9.05,5287.0,1.0
363,gridworldpartial_transfer,DRQN-FTA-Gridworld-145,145,100000,1,9.74,6082.0,1.0
364,gridworldpartial_transfer,DRQN-FTA-Gridworld-145,145,100000,2,9.19,5579.0,1.0
365,gridworldpartial_transfer,DQN-ReLU-Gridworld-10,10,100000,0,6.79,1413.0,0.7009803921568627
366,gridworldpartial_transfer,DQN-ReLU-Gridworld-10,10,100000,3,7.11,1426.0,0.7009345794392523
367,gridworldpartial_transfer,DQN-ReLU-Gridworld-10,10,100000,1,6.580000000000001,1339.0,0.6933962264150944
368,gridworldpartial_transfer,DQN-ReLU-Gridworld-10,10,100000,4,6.61,1311.0,0.7024390243902439
369,gridworldpartial_transfer,DQN-ReLU-Gridworld-10,10,100000,2,6.819999999999999,1379.0,0.6766169154228856
370,gridworldpartial_transfer,DRQN-FTA-Gridworld-15,15,100000,0,9.39,4712.0,0.998211091234347
371,gridworldpartial_transfer,DRQN-FTA-Gridworld-15,15,100000,3,9.11,4403.0,1.0
372,gridworldpartial_transfer,DRQN-FTA-Gridworld-15,15,100000,4,9.15,4514.0,1.0
373,gridworldpartial_transfer,DRQN-FTA-Gridworld-15,15,100000,1,9.21,4713.0,1.0
374,gridworldpartial_transfer,DRQN-FTA-Gridworld-15,15,100000,2,9.62,4782.0,1.0
375,gridworldpartial_transfer,DQN-ReLU-Gridworld-100,100,100000,0,2.6500000000000004,343.0,0.3259259259259259
376,gridworldpartial_transfer,DQN-ReLU-Gridworld-100,100,100000,3,2.22,271.0,0.2148760330578512
377,gridworldpartial_transfer,DQN-ReLU-Gridworld-100,100,100000,4,2.57,330.0,0.221311475409836
378,gridworldpartial_transfer,DQN-ReLU-Gridworld-100,100,100000,1,2.41,318.0,0.2900763358778626
379,gridworldpartial_transfer,DQN-ReLU-Gridworld-100,100,100000,2,2.5700000000000003,323.0,0.2677165354330709
380,gridworldpartial_transfer,DRQN-FTA-Gridworld-150,150,100000,0,9.2,4432.0,1.0
381,gridworldpartial_transfer,DRQN-FTA-Gridworld-150,150,100000,3,8.46,4000.0,0.9981884057971014
382,gridworldpartial_transfer,DRQN-FTA-Gridworld-150,150,100000,1,8.030000000000001,4102.0,1.0
383,gridworldpartial_transfer,DRQN-FTA-Gridworld-150,150,100000,4,9.13,4466.0,1.0
384,gridworldpartial_transfer,DRQN-FTA-Gridworld-150,150,100000,2,9.19,4355.0,0.9982014388489208
385,gridworldpartial_transfer,DQN-ReLU-Gridworld-105,105,100000,0,9.2,3065.0,0.968481375358166
386,gridworldpartial_transfer,DQN-ReLU-Gridworld-105,105,100000,3,8.48,2762.0,0.9664804469273744
387,gridworldpartial_transfer,DQN-ReLU-Gridworld-105,105,100000,4,8.790000000000001,2922.0,0.9608938547486032
388,gridworldpartial_transfer,DQN-ReLU-Gridworld-105,105,100000,1,9.09,2857.0,0.9530791788856304
389,gridworldpartial_transfer,DQN-ReLU-Gridworld-105,105,100000,2,9.39,3120.0,0.9917127071823204
390,gridworldpartial_transfer,DRQN-FTA-Gridworld-155,155,100000,0,8.98,3514.0,0.9977628635346756
391,gridworldpartial_transfer,DRQN-FTA-Gridworld-155,155,100000,3,7.970000000000001,2890.0,1.0
392,gridworldpartial_transfer,DRQN-FTA-Gridworld-155,155,100000,1,8.4,3667.0,1.0
393,gridworldpartial_transfer,DRQN-FTA-Gridworld-155,155,100000,4,8.030000000000001,3265.0,1.0
394,gridworldpartial_transfer,DRQN-FTA-Gridworld-155,155,100000,2,8.36,3309.0,1.0
395,gridworldpartial_transfer,DQN-ReLU-Gridworld-110,110,100000,3,9.39,5698.0,0.9868613138686132
396,gridworldpartial_transfer,DQN-ReLU-Gridworld-110,110,100000,0,9.42,5519.0,0.9956709956709956
397,gridworldpartial_transfer,DQN-ReLU-Gridworld-110,110,100000,4,9.27,5636.0,0.994277539341917
398,gridworldpartial_transfer,DQN-ReLU-Gridworld-110,110,100000,1,9.48,5788.0,0.9881831610044312
399,gridworldpartial_transfer,DQN-ReLU-Gridworld-110,110,100000,2,9.33,5742.0,0.9926470588235294
400,gridworldpartial_transfer,DRQN-FTA-Gridworld-160,160,100000,0,9.14,4773.0,0.99836867862969
401,gridworldpartial_transfer,DRQN-FTA-Gridworld-160,160,100000,3,8.53,4293.0,1.0
402,gridworldpartial_transfer,DRQN-FTA-Gridworld-160,160,100000,4,8.61,4544.0,1.0
403,gridworldpartial_transfer,DRQN-FTA-Gridworld-160,160,100000,1,9.21,5065.0,1.0
404,gridworldpartial_transfer,DRQN-FTA-Gridworld-160,160,100000,2,9.09,4701.0,1.0
405,gridworldpartial_transfer,DQN-ReLU-Gridworld-115,115,100000,0,3.2700000000000005,428.0,0.2377049180327868
406,gridworldpartial_transfer,DQN-ReLU-Gridworld-115,115,100000,3,1.89,222.0,0.1565217391304348
407,gridworldpartial_transfer,DQN-ReLU-Gridworld-115,115,100000,4,2.59,324.0,0.2276422764227642
408,gridworldpartial_transfer,DQN-ReLU-Gridworld-115,115,100000,1,2.39,288.0,0.2598425196850393
409,gridworldpartial_transfer,DQN-ReLU-Gridworld-115,115,100000,2,2.3600000000000003,289.0,0.1949152542372881
410,gridworldpartial_transfer,DQN-ReLU-Gridworld-140,140,100000,0,9.54,5276.0,0.9936708860759492
411,gridworldpartial_transfer,DQN-ReLU-Gridworld-140,140,100000,3,9.31,5259.0,0.9953125
412,gridworldpartial_transfer,DQN-ReLU-Gridworld-140,140,100000,1,9.61,5382.0,0.9968847352024922
413,gridworldpartial_transfer,DQN-ReLU-Gridworld-140,140,100000,4,9.4,5467.0,0.9953846153846154
414,gridworldpartial_transfer,DQN-ReLU-Gridworld-140,140,100000,2,9.03,4885.0,0.9899665551839464
415,gridworldpartial_transfer,DRQN-FTA-Gridworld-165,165,100000,3,5.359999999999999,2252.0,0.995959595959596
416,gridworldpartial_transfer,DRQN-FTA-Gridworld-165,165,100000,0,8.21,3711.0,1.0
417,gridworldpartial_transfer,DRQN-FTA-Gridworld-165,165,100000,1,9.5,4365.0,1.0
418,gridworldpartial_transfer,DRQN-FTA-Gridworld-165,165,100000,4,9.48,4094.0,1.0
419,gridworldpartial_transfer,DRQN-FTA-Gridworld-165,165,100000,2,9.3,4233.0,1.0
420,gridworldpartial_transfer,DQN-ReLU-Gridworld-145,145,100000,3,8.969999999999999,4404.0,0.9893992932862192
421,gridworldpartial_transfer,DQN-ReLU-Gridworld-145,145,100000,0,9.11,4482.0,0.9850746268656716
422,gridworldpartial_transfer,DQN-ReLU-Gridworld-145,145,100000,4,9.03,4604.0,0.991349480968858
423,gridworldpartial_transfer,DQN-ReLU-Gridworld-145,145,100000,1,9.14,4759.0,0.9893805309734514
424,gridworldpartial_transfer,DQN-ReLU-Gridworld-145,145,100000,2,9.08,4521.0,0.9906015037593984
425,gridworldpartial_transfer,DRQN-FTA-Gridworld-170,170,100000,3,8.0,2871.0,0.9954853273137696
426,gridworldpartial_transfer,DRQN-FTA-Gridworld-170,170,100000,0,9.25,3403.0,0.9954545454545456
427,gridworldpartial_transfer,DRQN-FTA-Gridworld-170,170,100000,1,9.77,4059.0,1.0
428,gridworldpartial_transfer,DRQN-FTA-Gridworld-170,170,100000,4,7.24,2350.0,1.0
429,gridworldpartial_transfer,DRQN-FTA-Gridworld-170,170,100000,2,8.27,2841.0,0.9671232876712328
430,gridworldpartial_transfer,DQN-ReLU-Gridworld-15,15,100000,3,7.19,1737.0,0.7246963562753036
431,gridworldpartial_transfer,DQN-ReLU-Gridworld-15,15,100000,0,7.439999999999999,1712.0,0.7461538461538462
432,gridworldpartial_transfer,DQN-ReLU-Gridworld-15,15,100000,1,6.73,1495.0,0.6883116883116883
433,gridworldpartial_transfer,DQN-ReLU-Gridworld-15,15,100000,4,6.68,1439.0,0.6772727272727272
434,gridworldpartial_transfer,DQN-ReLU-Gridworld-15,15,100000,2,6.359999999999999,1357.0,0.6712328767123288
435,gridworldpartial_transfer,DRQN-FTA-Gridworld-20,20,100000,0,9.78,5667.0,1.0
436,gridworldpartial_transfer,DRQN-FTA-Gridworld-20,20,100000,3,8.32,4895.0,1.0
437,gridworldpartial_transfer,DRQN-FTA-Gridworld-20,20,100000,4,9.65,5677.0,1.0
438,gridworldpartial_transfer,DRQN-FTA-Gridworld-20,20,100000,1,9.51,5816.0,1.0
439,gridworldpartial_transfer,DRQN-FTA-Gridworld-20,20,100000,2,9.07,5540.0,1.0
440,gridworldpartial_transfer,DQN-ReLU-Gridworld-150,150,100000,3,8.48,3435.0,0.9866962305986696
441,gridworldpartial_transfer,DQN-ReLU-Gridworld-150,150,100000,0,9.38,3783.0,0.9913606911447084
442,gridworldpartial_transfer,DQN-ReLU-Gridworld-150,150,100000,1,7.439999999999999,2855.0,0.981941309255079
443,gridworldpartial_transfer,DQN-ReLU-Gridworld-150,150,100000,4,7.84,3211.0,0.974477958236659
444,gridworldpartial_transfer,DQN-ReLU-Gridworld-150,150,100000,2,8.91,3593.0,0.981264637002342
445,gridworldpartial_transfer,DRQN-FTA-Gridworld-25,25,100000,3,8.42,4162.0,1.0
446,gridworldpartial_transfer,DRQN-FTA-Gridworld-25,25,100000,0,9.72,4771.0,1.0
447,gridworldpartial_transfer,DRQN-FTA-Gridworld-25,25,100000,4,9.44,4628.0,0.9982668977469672
448,gridworldpartial_transfer,DRQN-FTA-Gridworld-25,25,100000,1,9.11,4728.0,0.9981949458483754
449,gridworldpartial_transfer,DRQN-FTA-Gridworld-25,25,100000,2,9.69,4908.0,1.0
450,gridworldpartial_transfer,DRQN-FTA-Gridworld-30,30,100000,0,9.88,5093.0,1.0
451,gridworldpartial_transfer,DRQN-FTA-Gridworld-30,30,100000,3,8.95,4723.0,1.0
452,gridworldpartial_transfer,DRQN-FTA-Gridworld-30,30,100000,1,9.85,5375.0,1.0
453,gridworldpartial_transfer,DRQN-FTA-Gridworld-30,30,100000,4,9.13,4815.0,1.0
454,gridworldpartial_transfer,DRQN-FTA-Gridworld-30,30,100000,2,9.28,4990.0,1.0
455,gridworldpartial_transfer,DRQN-FTA-Gridworld-35,35,100000,3,8.27,4683.0,0.9983818770226536
456,gridworldpartial_transfer,DRQN-FTA-Gridworld-35,35,100000,0,9.93,5338.0,1.0
457,gridworldpartial_transfer,DRQN-FTA-Gridworld-35,35,100000,4,9.1,4745.0,1.0
458,gridworldpartial_transfer,DRQN-FTA-Gridworld-35,35,100000,1,9.25,5257.0,1.0
459,gridworldpartial_transfer,DRQN-FTA-Gridworld-35,35,100000,2,9.94,5299.0,1.0
460,gridworldpartial_transfer,DRQN-FTA-Gridworld-40,40,100000,3,9.82,7313.0,1.0
461,gridworldpartial_transfer,DRQN-FTA-Gridworld-40,40,100000,0,9.94,7361.0,1.0
462,gridworldpartial_transfer,DRQN-FTA-Gridworld-40,40,100000,1,9.33,7257.0,1.0
463,gridworldpartial_transfer,DRQN-FTA-Gridworld-40,40,100000,4,9.11,6959.0,1.0
464,gridworldpartial_transfer,DRQN-FTA-Gridworld-40,40,100000,2,9.47,7146.0,1.0
465,gridworldpartial_transfer,DRQN-FTA-Gridworld-45,45,100000,0,9.66,5731.0,1.0
466,gridworldpartial_transfer,DRQN-FTA-Gridworld-45,45,100000,3,9.93,5801.0,1.0
467,gridworldpartial_transfer,DRQN-FTA-Gridworld-45,45,100000,4,9.63,5466.0,1.0
468,gridworldpartial_transfer,DRQN-FTA-Gridworld-45,45,100000,1,9.1,5524.0,0.9985528219971056
469,gridworldpartial_transfer,DRQN-FTA-Gridworld-45,45,100000,2,9.37,5542.0,1.0
470,gridworldpartial_transfer,DRQN-FTA-Gridworld-5,5,100000,0,9.26,3886.0,1.0
471,gridworldpartial_transfer,DRQN-FTA-Gridworld-5,5,100000,3,8.2,3651.0,1.0
472,gridworldpartial_transfer,DRQN-FTA-Gridworld-5,5,100000,4,8.84,3666.0,1.0
473,gridworldpartial_transfer,DRQN-FTA-Gridworld-5,5,100000,1,9.33,3941.0,1.0
474,gridworldpartial_transfer,DRQN-FTA-Gridworld-5,5,100000,2,9.16,3825.0,0.9979508196721312
475,gridworldpartial_transfer,DRQN-FTA-Gridworld-50,50,100000,3,9.66,7860.0,1.0
476,gridworldpartial_transfer,DRQN-FTA-Gridworld-50,50,100000,0,9.68,7986.0,1.0
477,gridworldpartial_transfer,DRQN-FTA-Gridworld-50,50,100000,1,9.56,7934.0,1.0
478,gridworldpartial_transfer,DRQN-FTA-Gridworld-50,50,100000,4,9.6,7958.0,1.0
479,gridworldpartial_transfer,DRQN-FTA-Gridworld-50,50,100000,2,9.41,7795.0,1.0
480,gridworldpartial_transfer,DRQN-FTA-Gridworld-55,55,100000,3,9.75,7109.0,1.0
481,gridworldpartial_transfer,DRQN-FTA-Gridworld-55,55,100000,0,8.57,6483.0,1.0
482,gridworldpartial_transfer,DRQN-FTA-Gridworld-55,55,100000,1,9.83,7514.0,1.0
483,gridworldpartial_transfer,DRQN-FTA-Gridworld-55,55,100000,4,9.85,7177.0,1.0
484,gridworldpartial_transfer,DRQN-FTA-Gridworld-55,55,100000,2,9.76,7178.0,1.0
485,gridworldpartial_transfer,DRQN-FTA-Gridworld-60,60,100000,3,9.63,5588.0,1.0
486,gridworldpartial_transfer,DRQN-FTA-Gridworld-60,60,100000,0,9.51,5742.0,1.0
487,gridworldpartial_transfer,DRQN-FTA-Gridworld-60,60,100000,1,9.31,5642.0,1.0
488,gridworldpartial_transfer,DRQN-FTA-Gridworld-60,60,100000,4,8.03,4936.0,1.0
489,gridworldpartial_transfer,DRQN-FTA-Gridworld-60,60,100000,2,9.78,5610.0,1.0
490,gridworldpartial_transfer,DRQN-FTA-Gridworld-65,65,100000,0,9.46,6594.0,1.0
491,gridworldpartial_transfer,DRQN-FTA-Gridworld-65,65,100000,3,9.87,6673.0,1.0
492,gridworldpartial_transfer,DRQN-FTA-Gridworld-65,65,100000,1,8.92,6259.0,1.0
493,gridworldpartial_transfer,DRQN-FTA-Gridworld-65,65,100000,4,9.07,6352.0,1.0
494,gridworldpartial_transfer,DRQN-FTA-Gridworld-65,65,100000,2,9.58,6610.0,1.0
495,gridworldpartial_transfer,DRQN-FTA-Gridworld-70,70,100000,3,9.93,8592.0,1.0
496,gridworldpartial_transfer,DRQN-FTA-Gridworld-70,70,100000,0,9.82,8388.0,1.0
497,gridworldpartial_transfer,DRQN-FTA-Gridworld-70,70,100000,4,9.9,8614.0,1.0
498,gridworldpartial_transfer,DRQN-FTA-Gridworld-70,70,100000,1,9.84,8723.0,1.0
499,gridworldpartial_transfer,DRQN-FTA-Gridworld-70,70,100000,2,9.9,8642.0,1.0
500,gridworldpartial_transfer,DRQN-FTA-Gridworld-75,75,100000,3,9.9,5520.0,1.0
501,gridworldpartial_transfer,DRQN-FTA-Gridworld-75,75,100000,0,9.11,5130.0,1.0
502,gridworldpartial_transfer,DRQN-FTA-Gridworld-75,75,100000,1,9.0,5253.0,1.0
503,gridworldpartial_transfer,DRQN-FTA-Gridworld-75,75,100000,4,9.5,5408.0,1.0
504,gridworldpartial_transfer,DRQN-FTA-Gridworld-75,75,100000,2,9.26,5198.0,1.0
505,gridworldpartial_transfer,DRQN-FTA-Gridworld-80,80,100000,0,8.280000000000001,5039.0,1.0
506,gridworldpartial_transfer,DRQN-FTA-Gridworld-80,80,100000,3,6.069999999999999,3542.0,1.0
507,gridworldpartial_transfer,DRQN-FTA-Gridworld-80,80,100000,4,9.42,6204.0,1.0
508,gridworldpartial_transfer,DRQN-FTA-Gridworld-80,80,100000,1,9.99,6720.0,1.0
509,gridworldpartial_transfer,DRQN-FTA-Gridworld-80,80,100000,2,9.28,5929.0,1.0
510,gridworldpartial_transfer,DRQN-FTA-Gridworld-85,85,100000,3,8.61,3390.0,0.9978021978021978
511,gridworldpartial_transfer,DRQN-FTA-Gridworld-85,85,100000,0,8.620000000000001,3599.0,1.0
512,gridworldpartial_transfer,DRQN-FTA-Gridworld-85,85,100000,4,9.22,3606.0,0.988814317673378
513,gridworldpartial_transfer,DRQN-FTA-Gridworld-85,85,100000,1,8.92,3710.0,1.0
514,gridworldpartial_transfer,DRQN-FTA-Gridworld-85,85,100000,2,7.34,3010.0,1.0
515,gridworldpartial_transfer,DRQN-FTA-Gridworld-90,90,100000,3,9.94,7726.0,1.0
516,gridworldpartial_transfer,DRQN-FTA-Gridworld-90,90,100000,0,9.87,7664.0,0.9988864142538976
517,gridworldpartial_transfer,DRQN-FTA-Gridworld-90,90,100000,1,9.98,8172.0,1.0
518,gridworldpartial_transfer,DRQN-FTA-Gridworld-90,90,100000,4,9.6,7642.0,1.0
519,gridworldpartial_transfer,DRQN-FTA-Gridworld-90,90,100000,2,9.67,7601.0,1.0
520,gridworldpartial_transfer,DRQN-FTA-Gridworld-95,95,100000,3,9.24,4951.0,1.0
521,gridworldpartial_transfer,DRQN-FTA-Gridworld-95,95,100000,0,8.74,4624.0,1.0
522,gridworldpartial_transfer,DRQN-FTA-Gridworld-95,95,100000,4,9.63,5037.0,1.0
523,gridworldpartial_transfer,DRQN-FTA-Gridworld-95,95,100000,1,9.09,5183.0,0.9984126984126984
524,gridworldpartial_transfer,DRQN-FTA-Gridworld-95,95,100000,2,9.54,4745.0,1.0
525,gridworldpartial_transfer,DRQN-ReLU-Gridworld-0,0,100000,0,9.41,3332.0,0.9950248756218906
526,gridworldpartial_transfer,DRQN-ReLU-Gridworld-0,0,100000,3,9.51,3293.0,0.9949622166246852
527,gridworldpartial_transfer,DRQN-ReLU-Gridworld-0,0,100000,1,9.26,3204.0,0.98989898989899
528,gridworldpartial_transfer,DRQN-ReLU-Gridworld-0,0,100000,4,9.83,3639.0,1.0
529,gridworldpartial_transfer,DRQN-ReLU-Gridworld-0,0,100000,2,9.54,3543.0,0.9976076555023924
530,gridworldpartial_transfer,DRQN-ReLU-Gridworld-10,10,100000,0,9.41,3303.0,0.9976076555023924
531,gridworldpartial_transfer,DRQN-ReLU-Gridworld-10,10,100000,3,7.890000000000001,2771.0,0.9464285714285714
532,gridworldpartial_transfer,DRQN-ReLU-Gridworld-10,10,100000,4,9.84,3605.0,0.9930394431554525
533,gridworldpartial_transfer,DRQN-ReLU-Gridworld-10,10,100000,1,9.43,3471.0,1.0
534,gridworldpartial_transfer,DRQN-ReLU-Gridworld-10,10,100000,2,9.44,3636.0,1.0
535,gridworldpartial_transfer,DRQN-ReLU-Gridworld-100,100,100000,0,7.51,1680.0,0.9204152249134948
536,gridworldpartial_transfer,DRQN-ReLU-Gridworld-100,100,100000,3,4.369999999999999,870.0,0.9723076923076924
537,gridworldpartial_transfer,DRQN-ReLU-Gridworld-100,100,100000,4,7.029999999999999,1587.0,0.9861495844875346
538,gridworldpartial_transfer,DRQN-ReLU-Gridworld-100,100,100000,1,8.06,2128.0,0.9640718562874252
539,gridworldpartial_transfer,DRQN-ReLU-Gridworld-100,100,100000,2,5.2700000000000005,1352.0,0.9724517906336088
540,gridworldpartial_transfer,DRQN-ReLU-Gridworld-105,105,100000,3,6.590000000000001,1713.0,0.9791666666666666
541,gridworldpartial_transfer,DRQN-ReLU-Gridworld-105,105,100000,0,8.77,2466.0,0.9739130434782608
542,gridworldpartial_transfer,DRQN-ReLU-Gridworld-105,105,100000,4,6.760000000000001,1788.0,0.9824046920821116
543,gridworldpartial_transfer,DRQN-ReLU-Gridworld-105,105,100000,1,7.27,1997.0,0.9370860927152318
544,gridworldpartial_transfer,DRQN-ReLU-Gridworld-105,105,100000,2,8.23,2624.0,1.0
545,gridworldpartial_transfer,DRQN-ReLU-Gridworld-110,110,100000,0,9.85,6928.0,1.0
546,gridworldpartial_transfer,DRQN-ReLU-Gridworld-110,110,100000,3,9.5,6744.0,1.0
547,gridworldpartial_transfer,DRQN-ReLU-Gridworld-110,110,100000,1,9.69,7144.0,1.0
548,gridworldpartial_transfer,DRQN-ReLU-Gridworld-110,110,100000,4,9.19,6429.0,0.9974968710888612
549,gridworldpartial_transfer,DRQN-ReLU-Gridworld-110,110,100000,2,9.81,7344.0,1.0
550,gridworldpartial_transfer,DRQN-ReLU-Gridworld-115,115,100000,0,6.819999999999999,1600.0,0.8992537313432836
551,gridworldpartial_transfer,DRQN-ReLU-Gridworld-115,115,100000,3,4.91,1111.0,0.9814814814814816
552,gridworldpartial_transfer,DRQN-ReLU-Gridworld-115,115,100000,4,5.420000000000001,934.0,0.8607594936708861
553,gridworldpartial_transfer,DRQN-ReLU-Gridworld-115,115,100000,1,7.699999999999999,1767.0,0.9798657718120806
554,gridworldpartial_transfer,DRQN-ReLU-Gridworld-115,115,100000,2,5.49,1318.0,0.989071038251366
555,gridworldpartial_transfer,DRQN-ReLU-Gridworld-120,120,100000,0,9.18,3031.0,0.9873737373737372
556,gridworldpartial_transfer,DRQN-ReLU-Gridworld-120,120,100000,3,7.64,2291.0,0.9777777777777776
557,gridworldpartial_transfer,DRQN-ReLU-Gridworld-120,120,100000,4,7.85,2366.0,0.9892761394101875
558,gridworldpartial_transfer,DRQN-ReLU-Gridworld-120,120,100000,1,8.56,2660.0,0.9715909090909092
559,gridworldpartial_transfer,DRQN-ReLU-Gridworld-120,120,100000,2,7.120000000000001,2175.0,0.9901960784313726
560,gridworldpartial_transfer,DRQN-ReLU-Gridworld-125,125,100000,0,6.26,1729.0,0.9373297002724796
561,gridworldpartial_transfer,DRQN-ReLU-Gridworld-125,125,100000,3,1.07,113.0,0.109090909090909
562,gridworldpartial_transfer,DRQN-ReLU-Gridworld-125,125,100000,1,2.88,556.0,0.946875
563,gridworldpartial_transfer,DRQN-ReLU-Gridworld-125,125,100000,4,7.729999999999999,2496.0,0.9933774834437086
564,gridworldpartial_transfer,DRQN-ReLU-Gridworld-125,125,100000,2,1.41,163.0,0.1160714285714285
565,gridworldpartial_transfer,DRQN-ReLU-Gridworld-130,130,100000,3,7.83,3612.0,0.9983079526226736
566,gridworldpartial_transfer,DRQN-ReLU-Gridworld-130,130,100000,0,9.35,4695.0,0.987012987012987
567,gridworldpartial_transfer,DRQN-ReLU-Gridworld-130,130,100000,4,8.91,4500.0,1.0
568,gridworldpartial_transfer,DRQN-ReLU-Gridworld-130,130,100000,1,9.63,4791.0,0.9911190053285968
569,gridworldpartial_transfer,DRQN-ReLU-Gridworld-130,130,100000,2,9.21,4849.0,1.0
570,gridworldpartial_transfer,DRQN-ReLU-Gridworld-135,135,100000,3,7.93,3727.0,0.9983277591973244
571,gridworldpartial_transfer,DRQN-ReLU-Gridworld-135,135,100000,0,8.16,3644.0,0.9982578397212544
572,gridworldpartial_transfer,DRQN-ReLU-Gridworld-135,135,100000,1,7.57,3418.0,1.0
573,gridworldpartial_transfer,DRQN-ReLU-Gridworld-135,135,100000,4,7.88,3602.0,0.994296577946768
574,gridworldpartial_transfer,DRQN-ReLU-Gridworld-135,135,100000,2,7.47,3573.0,0.9983079526226736
575,gridworldpartial_transfer,DRQN-ReLU-Gridworld-140,140,100000,3,9.15,5874.0,0.9987146529562982
576,gridworldpartial_transfer,DRQN-ReLU-Gridworld-140,140,100000,0,9.66,5938.0,1.0
577,gridworldpartial_transfer,DRQN-ReLU-Gridworld-140,140,100000,4,9.5,5477.0,1.0
578,gridworldpartial_transfer,DRQN-ReLU-Gridworld-140,140,100000,1,9.91,6489.0,0.9987146529562982
579,gridworldpartial_transfer,DRQN-ReLU-Gridworld-140,140,100000,2,9.88,6286.0,0.9986541049798116
580,gridworldpartial_transfer,DRQN-ReLU-Gridworld-145,145,100000,0,7.960000000000001,3863.0,1.0
581,gridworldpartial_transfer,DRQN-ReLU-Gridworld-145,145,100000,3,9.64,5405.0,1.0
582,gridworldpartial_transfer,DRQN-ReLU-Gridworld-145,145,100000,1,8.18,4018.0,0.9949238578680204
583,gridworldpartial_transfer,DRQN-ReLU-Gridworld-145,145,100000,4,9.42,4504.0,0.9967159277504104
584,gridworldpartial_transfer,DRQN-ReLU-Gridworld-145,145,100000,2,8.969999999999999,4753.0,1.0
585,gridworldpartial_transfer,DRQN-ReLU-Gridworld-15,15,100000,0,9.61,4459.0,0.9981447124304268
586,gridworldpartial_transfer,DRQN-ReLU-Gridworld-15,15,100000,3,8.64,3942.0,0.99625468164794
587,gridworldpartial_transfer,DRQN-ReLU-Gridworld-15,15,100000,1,9.3,4496.0,1.0
588,gridworldpartial_transfer,DRQN-ReLU-Gridworld-15,15,100000,4,9.77,4798.0,1.0
589,gridworldpartial_transfer,DRQN-ReLU-Gridworld-15,15,100000,2,9.93,5131.0,1.0
590,gridworldpartial_transfer,DRQN-ReLU-Gridworld-150,150,100000,0,8.55,3371.0,0.995850622406639
591,gridworldpartial_transfer,DRQN-ReLU-Gridworld-150,150,100000,3,7.539999999999999,3112.0,0.9921259842519684
592,gridworldpartial_transfer,DRQN-ReLU-Gridworld-150,150,100000,1,8.780000000000001,3739.0,0.9941747572815534
593,gridworldpartial_transfer,DRQN-ReLU-Gridworld-150,150,100000,4,6.290000000000001,1585.0,0.9733009708737864
594,gridworldpartial_transfer,DRQN-ReLU-Gridworld-150,150,100000,2,8.52,3629.0,0.9981343283582088
595,gridworldpartial_transfer,DRQN-ReLU-Gridworld-155,155,100000,0,7.970000000000001,2528.0,1.0
596,gridworldpartial_transfer,DRQN-ReLU-Gridworld-155,155,100000,3,3.88,944.0,0.9975490196078431
597,gridworldpartial_transfer,DRQN-ReLU-Gridworld-155,155,100000,1,7.04,2200.0,0.9948453608247424
598,gridworldpartial_transfer,DRQN-ReLU-Gridworld-155,155,100000,4,3.61,843.0,0.9972067039106144
599,gridworldpartial_transfer,DRQN-ReLU-Gridworld-155,155,100000,2,8.120000000000001,2885.0,0.9977324263038548
600,gridworldpartial_transfer,DRQN-ReLU-Gridworld-160,160,100000,3,9.19,4763.0,0.9984051036682616
601,gridworldpartial_transfer,DRQN-ReLU-Gridworld-160,160,100000,0,8.54,4365.0,0.9965753424657534
602,gridworldpartial_transfer,DRQN-ReLU-Gridworld-160,160,100000,1,8.620000000000001,4482.0,1.0
603,gridworldpartial_transfer,DRQN-ReLU-Gridworld-160,160,100000,4,9.6,4997.0,0.9965576592082616
604,gridworldpartial_transfer,DRQN-ReLU-Gridworld-160,160,100000,2,8.73,4734.0,1.0
605,gridworldpartial_transfer,DRQN-ReLU-Gridworld-165,165,100000,3,7.75,2536.0,0.9854368932038836
606,gridworldpartial_transfer,DRQN-ReLU-Gridworld-165,165,100000,0,7.859999999999999,2936.0,0.9957805907172996
607,gridworldpartial_transfer,DRQN-ReLU-Gridworld-165,165,100000,4,7.0600000000000005,2139.0,0.9908883826879272
608,gridworldpartial_transfer,DRQN-ReLU-Gridworld-165,165,100000,1,7.93,2881.0,0.9932885906040269
609,gridworldpartial_transfer,DRQN-ReLU-Gridworld-165,165,100000,2,9.35,3853.0,0.9892008639308856
610,gridworldpartial_transfer,DRQN-ReLU-Gridworld-170,170,100000,0,7.960000000000001,2640.0,0.9953271028037384
611,gridworldpartial_transfer,DRQN-ReLU-Gridworld-170,170,100000,3,4.69,850.0,0.9190140845070424
612,gridworldpartial_transfer,DRQN-ReLU-Gridworld-170,170,100000,4,0.95,97.0,0.0865384615384615
613,gridworldpartial_transfer,DRQN-ReLU-Gridworld-170,170,100000,1,5.17,1322.0,0.9672619047619048
614,gridworldpartial_transfer,DRQN-ReLU-Gridworld-170,170,100000,2,8.58,2371.0,0.9561128526645768
615,gridworldpartial_transfer,DRQN-ReLU-Gridworld-20,20,100000,3,9.3,5209.0,1.0
616,gridworldpartial_transfer,DRQN-ReLU-Gridworld-20,20,100000,0,9.02,4929.0,0.9967897271268058
617,gridworldpartial_transfer,DRQN-ReLU-Gridworld-20,20,100000,4,9.43,5379.0,1.0
618,gridworldpartial_transfer,DRQN-ReLU-Gridworld-20,20,100000,1,8.83,4649.0,0.9983948635634028
619,gridworldpartial_transfer,DRQN-ReLU-Gridworld-20,20,100000,2,9.76,5688.0,1.0
620,gridworldpartial_transfer,DRQN-ReLU-Gridworld-25,25,100000,3,8.74,4260.0,0.9964476021314388
621,gridworldpartial_transfer,DRQN-ReLU-Gridworld-25,25,100000,0,8.96,4214.0,0.9943181818181818
622,gridworldpartial_transfer,DRQN-ReLU-Gridworld-25,25,100000,4,9.28,4459.0,0.9964028776978416
623,gridworldpartial_transfer,DRQN-ReLU-Gridworld-25,25,100000,1,9.26,4386.0,0.9982486865148862
624,gridworldpartial_transfer,DRQN-ReLU-Gridworld-25,25,100000,2,9.83,4897.0,0.99815157116451
625,gridworldpartial_transfer,DRQN-ReLU-Gridworld-30,30,100000,0,9.86,4668.0,1.0
626,gridworldpartial_transfer,DRQN-ReLU-Gridworld-30,30,100000,3,8.96,4595.0,1.0
627,gridworldpartial_transfer,DRQN-ReLU-Gridworld-30,30,100000,1,8.96,4408.0,0.9982935153583616
628,gridworldpartial_transfer,DRQN-ReLU-Gridworld-30,30,100000,4,9.45,4968.0,0.9983739837398374
629,gridworldpartial_transfer,DRQN-ReLU-Gridworld-30,30,100000,2,9.92,5324.0,1.0
630,gridworldpartial_transfer,DRQN-ReLU-Gridworld-35,35,100000,3,9.3,4301.0,0.998158379373849
631,gridworldpartial_transfer,DRQN-ReLU-Gridworld-35,35,100000,0,9.23,4453.0,0.9944649446494463
632,gridworldpartial_transfer,DRQN-ReLU-Gridworld-35,35,100000,1,9.65,4546.0,0.9982078853046596
633,gridworldpartial_transfer,DRQN-ReLU-Gridworld-35,35,100000,4,9.42,4529.0,0.9931153184165232
634,gridworldpartial_transfer,DRQN-ReLU-Gridworld-35,35,100000,2,9.84,4770.0,1.0
635,gridworldpartial_transfer,DRQN-ReLU-Gridworld-40,40,100000,0,9.97,6751.0,1.0
636,gridworldpartial_transfer,DRQN-ReLU-Gridworld-40,40,100000,3,9.61,6574.0,1.0
637,gridworldpartial_transfer,DRQN-ReLU-Gridworld-40,40,100000,1,9.34,6107.0,1.0
638,gridworldpartial_transfer,DRQN-ReLU-Gridworld-40,40,100000,4,9.69,7179.0,1.0
639,gridworldpartial_transfer,DRQN-ReLU-Gridworld-40,40,100000,2,9.81,7211.0,1.0
640,gridworldpartial_transfer,DRQN-ReLU-Gridworld-45,45,100000,0,9.17,5139.0,1.0
641,gridworldpartial_transfer,DRQN-ReLU-Gridworld-45,45,100000,3,9.7,4832.0,0.9983079526226736
642,gridworldpartial_transfer,DRQN-ReLU-Gridworld-45,45,100000,1,9.61,5221.0,1.0
643,gridworldpartial_transfer,DRQN-ReLU-Gridworld-45,45,100000,4,9.29,5166.0,1.0
644,gridworldpartial_transfer,DRQN-ReLU-Gridworld-45,45,100000,2,9.79,5629.0,0.998468606431853
645,gridworldpartial_transfer,DRQN-ReLU-Gridworld-5,5,100000,3,9.25,3903.0,0.997867803837953
646,gridworldpartial_transfer,DRQN-ReLU-Gridworld-5,5,100000,0,9.77,3910.0,0.9978213507625272
647,gridworldpartial_transfer,DRQN-ReLU-Gridworld-5,5,100000,4,9.88,4151.0,0.997946611909651
648,gridworldpartial_transfer,DRQN-ReLU-Gridworld-5,5,100000,1,9.04,3679.0,0.9885844748858448
649,gridworldpartial_transfer,DRQN-ReLU-Gridworld-5,5,100000,2,9.74,4152.0,0.9958071278825996
650,gridworldpartial_transfer,DRQN-ReLU-Gridworld-50,50,100000,3,9.62,7382.0,0.9989106753812635
651,gridworldpartial_transfer,DRQN-ReLU-Gridworld-50,50,100000,0,9.96,7356.0,1.0
652,gridworldpartial_transfer,DRQN-ReLU-Gridworld-50,50,100000,4,9.62,7541.0,1.0
653,gridworldpartial_transfer,DRQN-ReLU-Gridworld-50,50,100000,1,9.48,7321.0,0.9988623435722412
654,gridworldpartial_transfer,DRQN-ReLU-Gridworld-50,50,100000,2,9.3,7553.0,1.0
655,gridworldpartial_transfer,DRQN-ReLU-Gridworld-55,55,100000,3,8.280000000000001,5569.0,0.9987373737373736
656,gridworldpartial_transfer,DRQN-ReLU-Gridworld-55,55,100000,0,9.84,6705.0,1.0
657,gridworldpartial_transfer,DRQN-ReLU-Gridworld-55,55,100000,4,9.74,6870.0,1.0
658,gridworldpartial_transfer,DRQN-ReLU-Gridworld-55,55,100000,1,9.72,6429.0,0.9973509933774836
659,gridworldpartial_transfer,DRQN-ReLU-Gridworld-55,55,100000,2,9.82,6988.0,1.0
660,gridworldpartial_transfer,DRQN-ReLU-Gridworld-60,60,100000,0,9.12,5126.0,1.0
661,gridworldpartial_transfer,DRQN-ReLU-Gridworld-60,60,100000,3,9.17,5143.0,0.9951845906902088
662,gridworldpartial_transfer,DRQN-ReLU-Gridworld-60,60,100000,1,3.62,705.0,0.8540145985401459
663,gridworldpartial_transfer,DRQN-ReLU-Gridworld-60,60,100000,4,8.370000000000001,4784.0,0.9984939759036144
664,gridworldpartial_transfer,DRQN-ReLU-Gridworld-60,60,100000,2,7.800000000000001,4148.0,1.0
665,gridworldpartial_transfer,DRQN-ReLU-Gridworld-65,65,100000,0,9.9,6323.0,1.0
666,gridworldpartial_transfer,DRQN-ReLU-Gridworld-65,65,100000,3,3.61,838.0,0.9027355623100304
667,gridworldpartial_transfer,DRQN-ReLU-Gridworld-65,65,100000,4,9.71,6236.0,1.0
668,gridworldpartial_transfer,DRQN-ReLU-Gridworld-65,65,100000,1,9.77,6432.0,0.9986928104575163
669,gridworldpartial_transfer,DRQN-ReLU-Gridworld-65,65,100000,2,9.87,6453.0,1.0
670,gridworldpartial_transfer,DRQN-ReLU-Gridworld-70,70,100000,3,9.75,7754.0,1.0
671,gridworldpartial_transfer,DRQN-ReLU-Gridworld-70,70,100000,0,9.83,8008.0,1.0
672,gridworldpartial_transfer,DRQN-ReLU-Gridworld-70,70,100000,1,9.46,7388.0,0.9978021978021978
673,gridworldpartial_transfer,DRQN-ReLU-Gridworld-70,70,100000,4,9.21,7283.0,1.0
674,gridworldpartial_transfer,DRQN-ReLU-Gridworld-70,70,100000,2,9.92,8356.0,1.0
675,gridworldpartial_transfer,DRQN-ReLU-Gridworld-75,75,100000,3,7.140000000000001,3294.0,0.9950657894736842
676,gridworldpartial_transfer,DRQN-ReLU-Gridworld-75,75,100000,0,9.08,4644.0,0.995049504950495
677,gridworldpartial_transfer,DRQN-ReLU-Gridworld-75,75,100000,1,7.479999999999999,3572.0,1.0
678,gridworldpartial_transfer,DRQN-ReLU-Gridworld-75,75,100000,4,8.41,3686.0,0.9982046678635548
679,gridworldpartial_transfer,DRQN-ReLU-Gridworld-75,75,100000,2,9.44,5016.0,0.9984447900466564
680,gridworldpartial_transfer,DRQN-ReLU-Gridworld-80,80,100000,3,8.84,5206.0,1.0
681,gridworldpartial_transfer,DRQN-ReLU-Gridworld-80,80,100000,0,9.7,5686.0,1.0
682,gridworldpartial_transfer,DRQN-ReLU-Gridworld-80,80,100000,4,7.7,4015.0,1.0
683,gridworldpartial_transfer,DRQN-ReLU-Gridworld-80,80,100000,1,9.28,5102.0,0.997179125528914
684,gridworldpartial_transfer,DRQN-ReLU-Gridworld-80,80,100000,2,9.85,6086.0,1.0
685,gridworldpartial_transfer,DRQN-ReLU-Gridworld-85,85,100000,0,8.54,2364.0,0.9312714776632304
686,gridworldpartial_transfer,DRQN-ReLU-Gridworld-85,85,100000,3,6.210000000000001,1787.0,0.992084432717678
687,gridworldpartial_transfer,DRQN-ReLU-Gridworld-85,85,100000,4,6.52,1741.0,0.9895561357702348
688,gridworldpartial_transfer,DRQN-ReLU-Gridworld-85,85,100000,1,8.42,2200.0,0.9450171821305842
689,gridworldpartial_transfer,DRQN-ReLU-Gridworld-85,85,100000,2,6.34,2166.0,0.9852216748768472
690,gridworldpartial_transfer,DRQN-ReLU-Gridworld-90,90,100000,0,9.29,6768.0,1.0
691,gridworldpartial_transfer,DRQN-ReLU-Gridworld-90,90,100000,3,9.57,7145.0,1.0
692,gridworldpartial_transfer,DRQN-ReLU-Gridworld-90,90,100000,1,9.49,6919.0,0.9988399071925754
693,gridworldpartial_transfer,DRQN-ReLU-Gridworld-90,90,100000,4,9.62,6708.0,1.0
694,gridworldpartial_transfer,DRQN-ReLU-Gridworld-90,90,100000,2,9.82,7240.0,0.9988623435722412
695,gridworldpartial_transfer,DRQN-ReLU-Gridworld-95,95,100000,0,9.44,4590.0,0.9982788296041308
696,gridworldpartial_transfer,DRQN-ReLU-Gridworld-95,95,100000,3,8.02,3792.0,1.0
697,gridworldpartial_transfer,DRQN-ReLU-Gridworld-95,95,100000,4,8.879999999999999,4242.0,1.0
698,gridworldpartial_transfer,DRQN-ReLU-Gridworld-95,95,100000,1,9.31,4313.0,0.9981949458483754
699,gridworldpartial_transfer,DRQN-ReLU-Gridworld-95,95,100000,2,8.64,4318.0,1.0
700,gridworldpartial_scratch,DQN-ReLU-Gridworld-125,125,100000,3,1.09,122.0,0.1610169491525423
701,gridworldpartial_scratch,DQN-ReLU-Gridworld-125,125,100000,0,1.11,119.0,0.074074074074074
702,gridworldpartial_scratch,DQN-ReLU-Gridworld-125,125,100000,4,1.32,148.0,0.1009174311926605
703,gridworldpartial_scratch,DQN-ReLU-Gridworld-125,125,100000,1,1.2100000000000002,137.0,0.1081081081081081
704,gridworldpartial_scratch,DQN-ReLU-Gridworld-125,125,100000,2,1.34,155.0,0.1848739495798319
705,gridworldpartial_scratch,DQN-FTA-Gridworld-0,0,100000,0,6.3100000000000005,1136.0,0.6524064171122995
706,gridworldpartial_scratch,DQN-FTA-Gridworld-0,0,100000,3,6.14,1201.0,0.7115384615384616
707,gridworldpartial_scratch,DQN-FTA-Gridworld-0,0,100000,4,5.45,1020.0,0.7069767441860465
708,gridworldpartial_scratch,DQN-FTA-Gridworld-0,0,100000,1,6.26,1152.0,0.7038834951456311
709,gridworldpartial_scratch,DQN-FTA-Gridworld-0,0,100000,2,6.77,1375.0,0.7544642857142857
710,gridworldpartial_scratch,DQN-ReLU-Gridworld-120,120,100000,0,8.03,2829.0,0.9840848806366048
711,gridworldpartial_scratch,DQN-ReLU-Gridworld-120,120,100000,3,8.83,3151.0,0.979328165374677
712,gridworldpartial_scratch,DQN-ReLU-Gridworld-120,120,100000,4,9.11,3364.0,0.9567567567567568
713,gridworldpartial_scratch,DQN-ReLU-Gridworld-120,120,100000,1,8.75,3043.0,0.9842105263157894
714,gridworldpartial_scratch,DQN-ReLU-Gridworld-120,120,100000,2,9.590000000000002,3374.0,0.967654986522911
715,gridworldpartial_scratch,DQN-FTA-Gridworld-10,10,100000,3,6.1000000000000005,1153.0,0.7047619047619048
716,gridworldpartial_scratch,DQN-FTA-Gridworld-10,10,100000,0,6.390000000000001,1228.0,0.695
717,gridworldpartial_scratch,DQN-FTA-Gridworld-10,10,100000,4,5.869999999999999,1126.0,0.7387387387387387
718,gridworldpartial_scratch,DQN-FTA-Gridworld-10,10,100000,1,6.48,1241.0,0.7272727272727273
719,gridworldpartial_scratch,DQN-FTA-Gridworld-10,10,100000,2,6.460000000000001,1315.0,0.7009803921568627
720,gridworldpartial_scratch,DQN-ReLU-Gridworld-130,130,100000,3,9.03,4874.0,0.9879518072289156
721,gridworldpartial_scratch,DQN-ReLU-Gridworld-130,130,100000,0,9.75,5301.0,0.9920255183413078
722,gridworldpartial_scratch,DQN-ReLU-Gridworld-130,130,100000,4,9.87,5401.0,0.9916943521594684
723,gridworldpartial_scratch,DQN-ReLU-Gridworld-130,130,100000,1,9.49,4925.0,0.9950576606260296
724,gridworldpartial_scratch,DQN-ReLU-Gridworld-130,130,100000,2,9.89,5366.0,0.9934747145187602
725,gridworldpartial_scratch,DQN-FTA-Gridworld-100,100,100000,3,2.4400000000000004,289.0,0.1578947368421052
726,gridworldpartial_scratch,DQN-FTA-Gridworld-100,100,100000,0,2.53,324.0,0.2954545454545454
727,gridworldpartial_scratch,DQN-FTA-Gridworld-100,100,100000,4,2.9200000000000004,371.0,0.2166666666666666
728,gridworldpartial_scratch,DQN-FTA-Gridworld-100,100,100000,1,2.4799999999999995,323.0,0.2520325203252032
729,gridworldpartial_scratch,DQN-FTA-Gridworld-100,100,100000,2,2.18,263.0,0.2520325203252032
730,gridworldpartial_scratch,DQN-ReLU-Gridworld-135,135,100000,0,8.1,3787.0,0.9905838041431262
731,gridworldpartial_scratch,DQN-ReLU-Gridworld-135,135,100000,3,8.92,4179.0,0.9844357976653696
732,gridworldpartial_scratch,DQN-ReLU-Gridworld-135,135,100000,4,8.959999999999999,4127.0,0.9668737060041408
733,gridworldpartial_scratch,DQN-ReLU-Gridworld-135,135,100000,1,8.07,3727.0,0.9866156787762906
734,gridworldpartial_scratch,DQN-ReLU-Gridworld-135,135,100000,2,9.71,4389.0,0.988527724665392
735,gridworldpartial_scratch,DQN-FTA-Gridworld-105,105,100000,3,8.879999999999999,2707.0,0.9726775956284152
736,gridworldpartial_scratch,DQN-FTA-Gridworld-105,105,100000,0,9.29,2957.0,0.9710144927536232
737,gridworldpartial_scratch,DQN-FTA-Gridworld-105,105,100000,1,8.64,2754.0,0.9886685552407932
738,gridworldpartial_scratch,DQN-FTA-Gridworld-105,105,100000,4,9.14,3072.0,0.9894459102902374
739,gridworldpartial_scratch,DQN-FTA-Gridworld-105,105,100000,2,9.32,2880.0,0.97134670487106
740,gridworldpartial_scratch,DQN-ReLU-Gridworld-155,155,100000,0,3.86,521.0,0.4191176470588235
741,gridworldpartial_scratch,DQN-ReLU-Gridworld-155,155,100000,3,3.85,503.0,0.296
742,gridworldpartial_scratch,DQN-ReLU-Gridworld-155,155,100000,4,3.67,495.0,0.4142857142857143
743,gridworldpartial_scratch,DQN-ReLU-Gridworld-155,155,100000,1,3.59,467.0,0.3560606060606061
744,gridworldpartial_scratch,DQN-ReLU-Gridworld-155,155,100000,2,5.0200000000000005,766.0,0.3615384615384615
745,gridworldpartial_scratch,DQN-FTA-Gridworld-110,110,100000,3,9.87,5984.0,0.99002849002849
746,gridworldpartial_scratch,DQN-FTA-Gridworld-110,110,100000,0,9.52,5669.0,0.9943502824858758
747,gridworldpartial_scratch,DQN-FTA-Gridworld-110,110,100000,4,9.91,5891.0,0.9873417721518988
748,gridworldpartial_scratch,DQN-FTA-Gridworld-110,110,100000,1,9.25,5683.0,0.9841017488076312
749,gridworldpartial_scratch,DQN-FTA-Gridworld-110,110,100000,2,9.89,6007.0,0.9825174825174824
750,gridworldpartial_scratch,DQN-ReLU-Gridworld-160,160,100000,3,8.520000000000001,3958.0,0.9810246679316889
751,gridworldpartial_scratch,DQN-ReLU-Gridworld-160,160,100000,0,8.110000000000001,3860.0,0.9882583170254404
752,gridworldpartial_scratch,DQN-ReLU-Gridworld-160,160,100000,1,9.15,4404.0,0.992467043314501
753,gridworldpartial_scratch,DQN-ReLU-Gridworld-160,160,100000,4,8.93,4159.0,0.9783889980353636
754,gridworldpartial_scratch,DQN-ReLU-Gridworld-160,160,100000,2,9.010000000000002,4329.0,0.987012987012987
755,gridworldpartial_scratch,DQN-FTA-Gridworld-115,115,100000,3,2.35,283.0,0.211864406779661
756,gridworldpartial_scratch,DQN-FTA-Gridworld-115,115,100000,0,2.65,317.0,0.3284671532846715
757,gridworldpartial_scratch,DQN-FTA-Gridworld-115,115,100000,1,2.5700000000000003,313.0,0.3181818181818182
758,gridworldpartial_scratch,DQN-FTA-Gridworld-115,115,100000,4,2.6500000000000004,333.0,0.2357723577235772
759,gridworldpartial_scratch,DQN-FTA-Gridworld-115,115,100000,2,2.62,309.0,0.211864406779661
760,gridworldpartial_scratch,DQN-ReLU-Gridworld-165,165,100000,0,5.83,1034.0,0.6854460093896714
761,gridworldpartial_scratch,DQN-ReLU-Gridworld-165,165,100000,3,6.36,1215.0,0.7104072398190046
762,gridworldpartial_scratch,DQN-ReLU-Gridworld-165,165,100000,1,6.51,1261.0,0.7047619047619048
763,gridworldpartial_scratch,DQN-ReLU-Gridworld-165,165,100000,4,5.12,900.0,0.7115384615384616
764,gridworldpartial_scratch,DQN-ReLU-Gridworld-165,165,100000,2,5.67,1077.0,0.6510416666666666
765,gridworldpartial_scratch,DQN-FTA-Gridworld-120,120,100000,3,9.06,2890.0,0.9864864864864864
766,gridworldpartial_scratch,DQN-FTA-Gridworld-120,120,100000,0,9.3,3068.0,0.9806629834254144
767,gridworldpartial_scratch,DQN-FTA-Gridworld-120,120,100000,4,8.63,2896.0,0.9671232876712328
768,gridworldpartial_scratch,DQN-FTA-Gridworld-120,120,100000,1,8.950000000000001,2954.0,0.967828418230563
769,gridworldpartial_scratch,DQN-FTA-Gridworld-120,120,100000,2,9.29,3096.0,0.9894179894179894
770,gridworldpartial_scratch,DQN-ReLU-Gridworld-170,170,100000,0,3.6,471.0,0.3923076923076923
771,gridworldpartial_scratch,DQN-ReLU-Gridworld-170,170,100000,3,4.99,730.0,0.4765100671140939
772,gridworldpartial_scratch,DQN-ReLU-Gridworld-170,170,100000,4,4.8,861.0,0.3533834586466165
773,gridworldpartial_scratch,DQN-ReLU-Gridworld-170,170,100000,1,4.260000000000001,598.0,0.48
774,gridworldpartial_scratch,DQN-ReLU-Gridworld-170,170,100000,2,2.83,350.0,0.2436974789915966
775,gridworldpartial_scratch,DQN-FTA-Gridworld-125,125,100000,0,1.11,114.0,0.091743119266055
776,gridworldpartial_scratch,DQN-FTA-Gridworld-125,125,100000,3,1.18,129.0,0.1578947368421052
777,gridworldpartial_scratch,DQN-FTA-Gridworld-125,125,100000,4,1.11,117.0,0.0754716981132075
778,gridworldpartial_scratch,DQN-FTA-Gridworld-125,125,100000,1,1.29,140.0,0.1261261261261261
779,gridworldpartial_scratch,DQN-FTA-Gridworld-125,125,100000,2,1.13,133.0,0.0925925925925925
780,gridworldpartial_scratch,DQN-ReLU-Gridworld-20,20,100000,0,5.08,947.0,0.6456310679611651
781,gridworldpartial_scratch,DQN-ReLU-Gridworld-20,20,100000,3,6.22,1414.0,0.6970954356846473
782,gridworldpartial_scratch,DQN-ReLU-Gridworld-20,20,100000,4,6.86,1459.0,0.6919831223628692
783,gridworldpartial_scratch,DQN-ReLU-Gridworld-20,20,100000,1,5.45,1041.0,0.7431906614785992
784,gridworldpartial_scratch,DQN-ReLU-Gridworld-20,20,100000,2,6.22,1340.0,0.670995670995671
785,gridworldpartial_scratch,DQN-FTA-Gridworld-130,130,100000,3,9.88,5073.0,0.9946808510638298
786,gridworldpartial_scratch,DQN-FTA-Gridworld-130,130,100000,0,9.88,5050.0,0.9915966386554622
787,gridworldpartial_scratch,DQN-FTA-Gridworld-130,130,100000,4,9.27,5004.0,0.9918831168831168
788,gridworldpartial_scratch,DQN-FTA-Gridworld-130,130,100000,1,9.05,4425.0,0.9842829076620824
789,gridworldpartial_scratch,DQN-FTA-Gridworld-130,130,100000,2,9.9,5175.0,0.9931506849315068
790,gridworldpartial_scratch,DQN-ReLU-Gridworld-25,25,100000,3,6.970000000000001,1683.0,0.73828125
791,gridworldpartial_scratch,DQN-ReLU-Gridworld-25,25,100000,0,6.24,1443.0,0.7
792,gridworldpartial_scratch,DQN-ReLU-Gridworld-25,25,100000,4,6.489999999999999,1460.0,0.6973684210526315
793,gridworldpartial_scratch,DQN-ReLU-Gridworld-25,25,100000,1,6.76,1549.0,0.7276422764227642
794,gridworldpartial_scratch,DQN-ReLU-Gridworld-25,25,100000,2,6.88,1549.0,0.6798245614035088
795,gridworldpartial_scratch,DQN-FTA-Gridworld-135,135,100000,0,9.18,4066.0,0.9860834990059644
796,gridworldpartial_scratch,DQN-FTA-Gridworld-135,135,100000,3,8.940000000000001,3851.0,0.9898373983739838
797,gridworldpartial_scratch,DQN-FTA-Gridworld-135,135,100000,4,8.79,3817.0,0.9858870967741936
798,gridworldpartial_scratch,DQN-FTA-Gridworld-135,135,100000,1,9.02,3966.0,0.9812108559498957
799,gridworldpartial_scratch,DQN-FTA-Gridworld-135,135,100000,2,8.33,3617.0,0.9918367346938776
800,gridworldpartial_scratch,DQN-ReLU-Gridworld-30,30,100000,3,5.93,1315.0,0.7100840336134454
801,gridworldpartial_scratch,DQN-ReLU-Gridworld-30,30,100000,0,6.94,1500.0,0.6826086956521739
802,gridworldpartial_scratch,DQN-ReLU-Gridworld-30,30,100000,4,6.9,1456.0,0.6893617021276596
803,gridworldpartial_scratch,DQN-ReLU-Gridworld-30,30,100000,1,6.489999999999999,1446.0,0.6866952789699571
804,gridworldpartial_scratch,DQN-ReLU-Gridworld-30,30,100000,2,7.050000000000001,1755.0,0.7349397590361446
805,gridworldpartial_scratch,DQN-FTA-Gridworld-140,140,100000,3,9.92,5710.0,0.9970544918998528
806,gridworldpartial_scratch,DQN-FTA-Gridworld-140,140,100000,0,9.58,5388.0,0.9904761904761904
807,gridworldpartial_scratch,DQN-FTA-Gridworld-140,140,100000,4,9.86,5402.0,0.987719298245614
808,gridworldpartial_scratch,DQN-FTA-Gridworld-140,140,100000,1,8.93,4291.0,0.981203007518797
809,gridworldpartial_scratch,DQN-FTA-Gridworld-140,140,100000,2,9.75,5360.0,0.993388429752066
810,gridworldpartial_scratch,DQN-ReLU-Gridworld-35,35,100000,0,6.68,1302.0,0.6414141414141414
811,gridworldpartial_scratch,DQN-ReLU-Gridworld-35,35,100000,3,6.709999999999999,1344.0,0.7027027027027027
812,gridworldpartial_scratch,DQN-ReLU-Gridworld-35,35,100000,4,6.489999999999999,1234.0,0.6901408450704225
813,gridworldpartial_scratch,DQN-ReLU-Gridworld-35,35,100000,1,6.81,1393.0,0.6585365853658537
814,gridworldpartial_scratch,DQN-ReLU-Gridworld-35,35,100000,2,6.470000000000001,1386.0,0.6568627450980392
815,gridworldpartial_scratch,DQN-FTA-Gridworld-145,145,100000,0,9.35,4645.0,0.9911190053285968
816,gridworldpartial_scratch,DQN-FTA-Gridworld-145,145,100000,3,9.34,4432.0,0.9913344887348352
817,gridworldpartial_scratch,DQN-FTA-Gridworld-145,145,100000,1,9.38,4718.0,0.9929453262786596
818,gridworldpartial_scratch,DQN-FTA-Gridworld-145,145,100000,4,9.29,4795.0,0.9896551724137932
819,gridworldpartial_scratch,DQN-FTA-Gridworld-145,145,100000,2,9.47,4861.0,0.9874776386404294
820,gridworldpartial_scratch,DQN-ReLU-Gridworld-40,40,100000,0,9.56,5132.0,0.9839743589743588
821,gridworldpartial_scratch,DQN-ReLU-Gridworld-40,40,100000,3,8.040000000000001,4091.0,0.9787234042553192
822,gridworldpartial_scratch,DQN-ReLU-Gridworld-40,40,100000,1,8.95,4842.0,0.979381443298969
823,gridworldpartial_scratch,DQN-ReLU-Gridworld-40,40,100000,4,9.68,5419.0,0.9921135646687698
824,gridworldpartial_scratch,DQN-ReLU-Gridworld-40,40,100000,2,9.61,5196.0,0.982200647249191
825,gridworldpartial_scratch,DQN-FTA-Gridworld-15,15,100000,3,6.699999999999999,1413.0,0.6869158878504673
826,gridworldpartial_scratch,DQN-FTA-Gridworld-15,15,100000,0,6.58,1403.0,0.7037037037037037
827,gridworldpartial_scratch,DQN-FTA-Gridworld-15,15,100000,4,6.08,1180.0,0.6896551724137931
828,gridworldpartial_scratch,DQN-FTA-Gridworld-15,15,100000,1,6.64,1381.0,0.6828193832599119
829,gridworldpartial_scratch,DQN-FTA-Gridworld-15,15,100000,2,6.82,1449.0,0.7088607594936709
830,gridworldpartial_scratch,DQN-ReLU-Gridworld-45,45,100000,0,9.05,3485.0,0.9453681710213776
831,gridworldpartial_scratch,DQN-ReLU-Gridworld-45,45,100000,3,1.4600000000000002,161.0,0.1111111111111111
832,gridworldpartial_scratch,DQN-ReLU-Gridworld-45,45,100000,4,8.83,3563.0,0.9360189573459716
833,gridworldpartial_scratch,DQN-ReLU-Gridworld-45,45,100000,1,8.8,3316.0,0.9539170506912442
834,gridworldpartial_scratch,DQN-ReLU-Gridworld-45,45,100000,2,8.84,3321.0,0.9393939393939394
835,gridworldpartial_scratch,DQN-FTA-Gridworld-150,150,100000,0,9.17,3824.0,0.9843400447427292
836,gridworldpartial_scratch,DQN-FTA-Gridworld-150,150,100000,3,8.81,3481.0,0.97423887587822
837,gridworldpartial_scratch,DQN-FTA-Gridworld-150,150,100000,4,7.069999999999999,3026.0,0.9853556485355648
838,gridworldpartial_scratch,DQN-FTA-Gridworld-150,150,100000,1,9.22,3874.0,0.9869281045751634
839,gridworldpartial_scratch,DQN-FTA-Gridworld-150,150,100000,2,9.47,3817.0,0.9868995633187772
840,gridworldpartial_scratch,DQN-ReLU-Gridworld-5,5,100000,3,5.95,1160.0,0.6898148148148148
841,gridworldpartial_scratch,DQN-ReLU-Gridworld-5,5,100000,0,6.92,1601.0,0.7364016736401674
842,gridworldpartial_scratch,DQN-ReLU-Gridworld-5,5,100000,4,6.869999999999999,1476.0,0.6936936936936937
843,gridworldpartial_scratch,DQN-ReLU-Gridworld-5,5,100000,1,6.67,1386.0,0.6729857819905213
844,gridworldpartial_scratch,DQN-ReLU-Gridworld-5,5,100000,2,7.29,1566.0,0.6904761904761905
845,gridworldpartial_scratch,DQN-FTA-Gridworld-155,155,100000,0,4.03,548.0,0.2649572649572649
846,gridworldpartial_scratch,DQN-FTA-Gridworld-155,155,100000,3,4.58,616.0,0.4761904761904761
847,gridworldpartial_scratch,DQN-FTA-Gridworld-155,155,100000,1,4.48,593.0,0.4411764705882353
848,gridworldpartial_scratch,DQN-FTA-Gridworld-155,155,100000,4,4.2,555.0,0.4338235294117647
849,gridworldpartial_scratch,DQN-FTA-Gridworld-155,155,100000,2,3.81,502.0,0.4814814814814814
850,gridworldpartial_scratch,DQN-ReLU-Gridworld-50,50,100000,3,1.03,109.0,0.0576923076923076
851,gridworldpartial_scratch,DQN-ReLU-Gridworld-50,50,100000,0,9.9,6578.0,0.989855072463768
852,gridworldpartial_scratch,DQN-ReLU-Gridworld-50,50,100000,1,8.9,5614.0,0.98463687150838
853,gridworldpartial_scratch,DQN-ReLU-Gridworld-50,50,100000,4,9.86,6417.0,0.9944521497919556
854,gridworldpartial_scratch,DQN-ReLU-Gridworld-50,50,100000,2,9.45,5909.0,0.984375
855,gridworldpartial_scratch,DQN-FTA-Gridworld-160,160,100000,3,9.29,4257.0,0.9843444227005872
856,gridworldpartial_scratch,DQN-FTA-Gridworld-160,160,100000,0,9.22,4302.0,0.9903288201160542
857,gridworldpartial_scratch,DQN-FTA-Gridworld-160,160,100000,4,8.55,3986.0,0.9823529411764704
858,gridworldpartial_scratch,DQN-FTA-Gridworld-160,160,100000,1,9.49,4397.0,0.99625468164794
859,gridworldpartial_scratch,DQN-FTA-Gridworld-160,160,100000,2,9.76,4396.0,0.9844660194174756
860,gridworldpartial_scratch,DQN-ReLU-Gridworld-55,55,100000,0,9.15,5589.0,0.9878419452887538
861,gridworldpartial_scratch,DQN-ReLU-Gridworld-55,55,100000,3,9.77,5825.0,0.9884393063583816
862,gridworldpartial_scratch,DQN-ReLU-Gridworld-55,55,100000,1,9.89,6179.0,0.9912790697674418
863,gridworldpartial_scratch,DQN-ReLU-Gridworld-55,55,100000,4,9.33,5791.0,0.9864864864864864
864,gridworldpartial_scratch,DQN-ReLU-Gridworld-55,55,100000,2,9.85,5868.0,0.9850299401197604
865,gridworldpartial_scratch,DQN-FTA-Gridworld-165,165,100000,0,4.92,708.0,0.5838509316770186
866,gridworldpartial_scratch,DQN-FTA-Gridworld-165,165,100000,3,4.54,668.0,0.4829931972789115
867,gridworldpartial_scratch,DQN-FTA-Gridworld-165,165,100000,4,4.96,791.0,0.6324324324324324
868,gridworldpartial_scratch,DQN-FTA-Gridworld-165,165,100000,1,5.08,771.0,0.5892857142857143
869,gridworldpartial_scratch,DQN-FTA-Gridworld-165,165,100000,2,4.9,720.0,0.65
870,gridworldpartial_scratch,DQN-ReLU-Gridworld-60,60,100000,0,8.92,4994.0,0.9890453834115804
871,gridworldpartial_scratch,DQN-ReLU-Gridworld-60,60,100000,3,8.93,5148.0,0.9900497512437813
872,gridworldpartial_scratch,DQN-ReLU-Gridworld-60,60,100000,1,8.08,4318.0,0.988013698630137
873,gridworldpartial_scratch,DQN-ReLU-Gridworld-60,60,100000,4,9.48,5175.0,0.9919614147909968
874,gridworldpartial_scratch,DQN-ReLU-Gridworld-60,60,100000,2,8.879999999999999,4852.0,0.9903846153846154
875,gridworldpartial_scratch,DQN-FTA-Gridworld-170,170,100000,0,5.06,892.0,0.8764044943820225
876,gridworldpartial_scratch,DQN-FTA-Gridworld-170,170,100000,3,3.8,544.0,0.1946902654867256
877,gridworldpartial_scratch,DQN-FTA-Gridworld-170,170,100000,4,4.74,641.0,0.6086956521739131
878,gridworldpartial_scratch,DQN-FTA-Gridworld-170,170,100000,1,4.21,585.0,0.3925925925925926
879,gridworldpartial_scratch,DQN-FTA-Gridworld-170,170,100000,2,3.0200000000000005,409.0,0.7417582417582418
880,gridworldpartial_scratch,DQN-ReLU-Gridworld-65,65,100000,3,9.76,6071.0,0.9940828402366864
881,gridworldpartial_scratch,DQN-ReLU-Gridworld-65,65,100000,0,9.91,6478.0,0.990909090909091
882,gridworldpartial_scratch,DQN-ReLU-Gridworld-65,65,100000,1,9.41,5974.0,0.9869565217391304
883,gridworldpartial_scratch,DQN-ReLU-Gridworld-65,65,100000,4,9.8,6199.0,0.9928774928774928
884,gridworldpartial_scratch,DQN-ReLU-Gridworld-65,65,100000,2,9.49,6093.0,0.992548435171386
885,gridworldpartial_scratch,DQN-FTA-Gridworld-20,20,100000,3,6.640000000000001,1455.0,0.7071129707112971
886,gridworldpartial_scratch,DQN-FTA-Gridworld-20,20,100000,0,7.15,1526.0,0.7124463519313304
887,gridworldpartial_scratch,DQN-FTA-Gridworld-20,20,100000,4,6.85,1452.0,0.6682242990654206
888,gridworldpartial_scratch,DQN-FTA-Gridworld-20,20,100000,1,7.04,1492.0,0.6798245614035088
889,gridworldpartial_scratch,DQN-FTA-Gridworld-20,20,100000,2,7.029999999999999,1489.0,0.6509433962264151
890,gridworldpartial_scratch,DQN-ReLU-Gridworld-70,70,100000,0,9.9,6750.0,0.992248062015504
891,gridworldpartial_scratch,DQN-ReLU-Gridworld-70,70,100000,3,9.85,6890.0,0.9868766404199476
892,gridworldpartial_scratch,DQN-ReLU-Gridworld-70,70,100000,1,9.6,6340.0,0.9819193324061196
893,gridworldpartial_scratch,DQN-ReLU-Gridworld-70,70,100000,4,9.92,7043.0,0.993523316062176
894,gridworldpartial_scratch,DQN-ReLU-Gridworld-70,70,100000,2,9.91,7062.0,0.990979381443299
895,gridworldpartial_scratch,DQN-FTA-Gridworld-25,25,100000,3,7.029999999999999,1463.0,0.6880733944954128
896,gridworldpartial_scratch,DQN-FTA-Gridworld-25,25,100000,0,6.819999999999999,1479.0,0.7068965517241379
897,gridworldpartial_scratch,DQN-FTA-Gridworld-25,25,100000,1,6.81,1434.0,0.6744186046511628
898,gridworldpartial_scratch,DQN-FTA-Gridworld-25,25,100000,4,6.739999999999999,1370.0,0.7217391304347827
899,gridworldpartial_scratch,DQN-FTA-Gridworld-25,25,100000,2,6.62,1374.0,0.6650717703349283
900,gridworldpartial_scratch,DQN-ReLU-Gridworld-75,75,100000,3,9.88,5276.0,0.9916247906197656
901,gridworldpartial_scratch,DQN-ReLU-Gridworld-75,75,100000,0,9.66,5011.0,0.993322203672788
902,gridworldpartial_scratch,DQN-ReLU-Gridworld-75,75,100000,1,8.96,4522.0,0.9927140255009108
903,gridworldpartial_scratch,DQN-ReLU-Gridworld-75,75,100000,4,9.21,4971.0,0.9919224555735056
904,gridworldpartial_scratch,DQN-ReLU-Gridworld-75,75,100000,2,8.290000000000001,4573.0,0.9844020797227035
905,gridworldpartial_scratch,DQN-FTA-Gridworld-30,30,100000,3,6.84,1402.0,0.7012987012987013
906,gridworldpartial_scratch,DQN-FTA-Gridworld-30,30,100000,0,6.779999999999999,1394.0,0.7142857142857143
907,gridworldpartial_scratch,DQN-FTA-Gridworld-30,30,100000,1,6.499999999999999,1354.0,0.6745283018867925
908,gridworldpartial_scratch,DQN-FTA-Gridworld-30,30,100000,4,6.5600000000000005,1381.0,0.6346153846153846
909,gridworldpartial_scratch,DQN-FTA-Gridworld-30,30,100000,2,7.02,1471.0,0.6568627450980392
910,gridworldpartial_scratch,DQN-ReLU-Gridworld-80,80,100000,3,9.92,6132.0,0.992354740061162
911,gridworldpartial_scratch,DQN-ReLU-Gridworld-80,80,100000,0,9.91,6090.0,0.9936708860759492
912,gridworldpartial_scratch,DQN-ReLU-Gridworld-80,80,100000,1,9.27,5556.0,0.985096870342772
913,gridworldpartial_scratch,DQN-ReLU-Gridworld-80,80,100000,4,9.91,6261.0,0.9958391123439668
914,gridworldpartial_scratch,DQN-ReLU-Gridworld-80,80,100000,2,9.94,6265.0,0.9908536585365854
915,gridworldpartial_scratch,DQN-FTA-Gridworld-35,35,100000,3,7.03,1387.0,0.6952380952380952
916,gridworldpartial_scratch,DQN-FTA-Gridworld-35,35,100000,0,6.13,1265.0,0.6268656716417911
917,gridworldpartial_scratch,DQN-FTA-Gridworld-35,35,100000,1,6.42,1287.0,0.66
918,gridworldpartial_scratch,DQN-FTA-Gridworld-35,35,100000,4,6.6,1313.0,0.6898148148148148
919,gridworldpartial_scratch,DQN-FTA-Gridworld-35,35,100000,2,6.65,1346.0,0.6551724137931034
920,gridworldpartial_scratch,DQN-ReLU-Gridworld-85,85,100000,3,4.91,927.0,0.6490384615384616
921,gridworldpartial_scratch,DQN-ReLU-Gridworld-85,85,100000,0,4.26,796.0,0.3260869565217391
922,gridworldpartial_scratch,DQN-ReLU-Gridworld-85,85,100000,1,1.28,144.0,0.2195121951219512
923,gridworldpartial_scratch,DQN-ReLU-Gridworld-85,85,100000,4,3.05,391.0,0.2846153846153846
924,gridworldpartial_scratch,DQN-ReLU-Gridworld-85,85,100000,2,2.24,275.0,0.25
925,gridworldpartial_scratch,DQN-FTA-Gridworld-40,40,100000,3,9.79,4801.0,0.9697508896797152
926,gridworldpartial_scratch,DQN-FTA-Gridworld-40,40,100000,0,9.489999999999998,4665.0,0.9760479041916168
927,gridworldpartial_scratch,DQN-FTA-Gridworld-40,40,100000,1,9.63,4809.0,0.9773584905660376
928,gridworldpartial_scratch,DQN-FTA-Gridworld-40,40,100000,4,9.53,4738.0,0.9775086505190312
929,gridworldpartial_scratch,DQN-FTA-Gridworld-40,40,100000,2,9.44,4555.0,0.9728682170542636
930,gridworldpartial_scratch,DQN-ReLU-Gridworld-90,90,100000,3,9.91,6258.0,0.99163179916318
931,gridworldpartial_scratch,DQN-ReLU-Gridworld-90,90,100000,0,9.85,6279.0,0.9862174578866768
932,gridworldpartial_scratch,DQN-ReLU-Gridworld-90,90,100000,1,9.18,5939.0,0.9874651810584958
933,gridworldpartial_scratch,DQN-ReLU-Gridworld-90,90,100000,4,9.89,6131.0,0.98989898989899
934,gridworldpartial_scratch,DQN-ReLU-Gridworld-90,90,100000,2,9.9,6307.0,0.9884057971014492
935,gridworldpartial_scratch,DQN-FTA-Gridworld-45,45,100000,3,9.090000000000002,3095.0,0.9504950495049505
936,gridworldpartial_scratch,DQN-FTA-Gridworld-45,45,100000,0,9.23,3394.0,0.9385749385749386
937,gridworldpartial_scratch,DQN-FTA-Gridworld-45,45,100000,1,8.87,3184.0,0.938118811881188
938,gridworldpartial_scratch,DQN-FTA-Gridworld-45,45,100000,4,8.24,3123.0,0.925
939,gridworldpartial_scratch,DQN-FTA-Gridworld-45,45,100000,2,8.77,3014.0,0.9232613908872902
940,gridworldpartial_scratch,DQN-ReLU-Gridworld-95,95,100000,0,9.85,4831.0,0.9889908256880734
941,gridworldpartial_scratch,DQN-ReLU-Gridworld-95,95,100000,3,9.85,4938.0,0.9908759124087592
942,gridworldpartial_scratch,DQN-ReLU-Gridworld-95,95,100000,1,8.93,4337.0,0.9945155393053016
943,gridworldpartial_scratch,DQN-ReLU-Gridworld-95,95,100000,4,9.79,4972.0,0.9857651245551602
944,gridworldpartial_scratch,DQN-ReLU-Gridworld-95,95,100000,2,9.95,5045.0,0.9929824561403509
945,gridworldpartial_scratch,DQN-FTA-Gridworld-5,5,100000,3,6.36,1275.0,0.6878048780487804
946,gridworldpartial_scratch,DQN-FTA-Gridworld-5,5,100000,0,6.7,1329.0,0.6616161616161617
947,gridworldpartial_scratch,DQN-FTA-Gridworld-5,5,100000,4,6.44,1213.0,0.7129629629629629
948,gridworldpartial_scratch,DQN-FTA-Gridworld-5,5,100000,1,6.48,1290.0,0.6933962264150944
949,gridworldpartial_scratch,DQN-FTA-Gridworld-5,5,100000,2,6.19,1305.0,0.7033492822966507
950,gridworldpartial_scratch,DRQN-FTA-Gridworld-0,0,100000,3,6.199999999999999,1793.0,1.0
951,gridworldpartial_scratch,DRQN-FTA-Gridworld-0,0,100000,0,7.3,2337.0,1.0
952,gridworldpartial_scratch,DRQN-FTA-Gridworld-0,0,100000,4,6.18,2028.0,1.0
953,gridworldpartial_scratch,DRQN-FTA-Gridworld-0,0,100000,1,8.15,2656.0,0.9923469387755102
954,gridworldpartial_scratch,DRQN-FTA-Gridworld-0,0,100000,2,7.96,2653.0,1.0
955,gridworldpartial_scratch,DQN-FTA-Gridworld-50,50,100000,0,9.85,6282.0,0.9930167597765364
956,gridworldpartial_scratch,DQN-FTA-Gridworld-50,50,100000,3,9.26,5887.0,0.997248968363136
957,gridworldpartial_scratch,DQN-FTA-Gridworld-50,50,100000,4,9.86,6452.0,0.9930651872399444
958,gridworldpartial_scratch,DQN-FTA-Gridworld-50,50,100000,1,9.62,6208.0,0.9958847736625516
959,gridworldpartial_scratch,DQN-FTA-Gridworld-50,50,100000,2,9.69,5975.0,0.9930167597765364
960,gridworldpartial_scratch,DRQN-FTA-Gridworld-10,10,100000,3,8.07,2776.0,0.9976580796252928
961,gridworldpartial_scratch,DRQN-FTA-Gridworld-10,10,100000,0,8.56,2855.0,1.0
962,gridworldpartial_scratch,DRQN-FTA-Gridworld-10,10,100000,4,7.86,2630.0,0.9952718676122932
963,gridworldpartial_scratch,DRQN-FTA-Gridworld-10,10,100000,1,7.91,2668.0,1.0
964,gridworldpartial_scratch,DRQN-FTA-Gridworld-10,10,100000,2,8.25,2714.0,0.9951219512195122
965,gridworldpartial_scratch,DQN-FTA-Gridworld-55,55,100000,3,9.52,5332.0,0.9844020797227035
966,gridworldpartial_scratch,DQN-FTA-Gridworld-55,55,100000,0,9.36,5355.0,0.9860031104199068
967,gridworldpartial_scratch,DQN-FTA-Gridworld-55,55,100000,1,9.73,5237.0,0.9855072463768116
968,gridworldpartial_scratch,DQN-FTA-Gridworld-55,55,100000,4,9.84,5731.0,0.9879518072289156
969,gridworldpartial_scratch,DQN-FTA-Gridworld-55,55,100000,2,9.85,5538.0,0.9868852459016394
970,gridworldpartial_scratch,DRQN-FTA-Gridworld-100,100,100000,3,7.439999999999999,2881.0,0.9845132743362832
971,gridworldpartial_scratch,DRQN-FTA-Gridworld-100,100,100000,0,8.77,3478.0,1.0
972,gridworldpartial_scratch,DRQN-FTA-Gridworld-100,100,100000,1,8.03,2713.0,0.9769820971867008
973,gridworldpartial_scratch,DRQN-FTA-Gridworld-100,100,100000,4,9.22,3689.0,0.9977827050997784
974,gridworldpartial_scratch,DRQN-FTA-Gridworld-100,100,100000,2,7.890000000000001,2820.0,0.9976905311778292
975,gridworldpartial_scratch,DQN-FTA-Gridworld-60,60,100000,0,9.07,5014.0,0.986644407345576
976,gridworldpartial_scratch,DQN-FTA-Gridworld-60,60,100000,3,6.09,2019.0,0.9811676082862524
977,gridworldpartial_scratch,DQN-FTA-Gridworld-60,60,100000,4,9.43,5199.0,0.9917627677100496
978,gridworldpartial_scratch,DQN-FTA-Gridworld-60,60,100000,1,9.23,4814.0,0.988034188034188
979,gridworldpartial_scratch,DQN-FTA-Gridworld-60,60,100000,2,8.99,4800.0,0.9901477832512317
980,gridworldpartial_scratch,DRQN-FTA-Gridworld-105,105,100000,0,9.16,3744.0,0.9938650306748468
981,gridworldpartial_scratch,DRQN-FTA-Gridworld-105,105,100000,3,8.9,3604.0,1.0
982,gridworldpartial_scratch,DRQN-FTA-Gridworld-105,105,100000,1,9.14,3637.0,0.997867803837953
983,gridworldpartial_scratch,DRQN-FTA-Gridworld-105,105,100000,4,8.879999999999999,3528.0,0.9979035639412998
984,gridworldpartial_scratch,DRQN-FTA-Gridworld-105,105,100000,2,9.27,3715.0,1.0
985,gridworldpartial_scratch,DQN-FTA-Gridworld-65,65,100000,3,9.36,5805.0,0.9864457831325302
986,gridworldpartial_scratch,DQN-FTA-Gridworld-65,65,100000,0,9.93,5993.0,0.9861538461538462
987,gridworldpartial_scratch,DQN-FTA-Gridworld-65,65,100000,1,9.95,5830.0,0.9914407988587732
988,gridworldpartial_scratch,DQN-FTA-Gridworld-65,65,100000,4,9.88,5974.0,0.98125
989,gridworldpartial_scratch,DQN-FTA-Gridworld-65,65,100000,2,9.11,5868.0,0.9882869692532944
990,gridworldpartial_scratch,DRQN-FTA-Gridworld-110,110,100000,0,9.54,7128.0,1.0
991,gridworldpartial_scratch,DRQN-FTA-Gridworld-110,110,100000,3,9.57,7038.0,1.0
992,gridworldpartial_scratch,DRQN-FTA-Gridworld-110,110,100000,1,9.3,7102.0,1.0
993,gridworldpartial_scratch,DRQN-FTA-Gridworld-110,110,100000,4,8.82,6603.0,1.0
994,gridworldpartial_scratch,DRQN-FTA-Gridworld-110,110,100000,2,9.74,6977.0,1.0
995,gridworldpartial_scratch,DQN-FTA-Gridworld-70,70,100000,0,9.89,6693.0,0.9893048128342246
996,gridworldpartial_scratch,DQN-FTA-Gridworld-70,70,100000,3,9.9,6454.0,0.9919893190921228
997,gridworldpartial_scratch,DQN-FTA-Gridworld-70,70,100000,4,9.52,6545.0,0.9892328398384926
998,gridworldpartial_scratch,DQN-FTA-Gridworld-70,70,100000,1,9.29,6527.0,0.99468791500664
999,gridworldpartial_scratch,DQN-FTA-Gridworld-70,70,100000,2,9.91,6688.0,0.9909326424870466
1000,gridworldpartial_scratch,DRQN-FTA-Gridworld-115,115,100000,3,7.33,2638.0,1.0
1001,gridworldpartial_scratch,DRQN-FTA-Gridworld-115,115,100000,0,9.15,3318.0,0.9976359338061466
1002,gridworldpartial_scratch,DRQN-FTA-Gridworld-115,115,100000,1,8.48,3142.0,1.0
1003,gridworldpartial_scratch,DRQN-FTA-Gridworld-115,115,100000,4,8.36,3055.0,1.0
1004,gridworldpartial_scratch,DRQN-FTA-Gridworld-115,115,100000,2,9.15,3167.0,0.9975186104218362
1005,gridworldpartial_scratch,DQN-FTA-Gridworld-75,75,100000,3,9.06,4666.0,0.9929701230228472
1006,gridworldpartial_scratch,DQN-FTA-Gridworld-75,75,100000,0,9.91,5008.0,0.9896729776247848
1007,gridworldpartial_scratch,DQN-FTA-Gridworld-75,75,100000,1,9.11,4685.0,0.9873646209386282
1008,gridworldpartial_scratch,DQN-FTA-Gridworld-75,75,100000,4,9.01,4803.0,0.994915254237288
1009,gridworldpartial_scratch,DQN-FTA-Gridworld-75,75,100000,2,9.25,4898.0,0.9917355371900828
1010,gridworldpartial_scratch,DRQN-FTA-Gridworld-120,120,100000,3,9.34,3544.0,0.9881516587677726
1011,gridworldpartial_scratch,DRQN-FTA-Gridworld-120,120,100000,0,9.15,3594.0,0.9857142857142858
1012,gridworldpartial_scratch,DRQN-FTA-Gridworld-120,120,100000,1,9.34,3645.0,1.0
1013,gridworldpartial_scratch,DRQN-FTA-Gridworld-120,120,100000,4,9.64,3914.0,0.9930394431554525
1014,gridworldpartial_scratch,DRQN-FTA-Gridworld-120,120,100000,2,8.52,3204.0,0.9930232558139536
1015,gridworldpartial_scratch,DQN-FTA-Gridworld-80,80,100000,3,9.89,5923.0,0.996969696969697
1016,gridworldpartial_scratch,DQN-FTA-Gridworld-80,80,100000,0,9.95,5899.0,0.9860248447204968
1017,gridworldpartial_scratch,DQN-FTA-Gridworld-80,80,100000,1,9.86,5725.0,0.9906832298136646
1018,gridworldpartial_scratch,DQN-FTA-Gridworld-80,80,100000,4,9.93,6022.0,0.982200647249191
1019,gridworldpartial_scratch,DQN-FTA-Gridworld-80,80,100000,2,9.9,5945.0,0.992283950617284
1020,gridworldpartial_scratch,DRQN-FTA-Gridworld-125,125,100000,3,8.54,3608.0,1.0
1021,gridworldpartial_scratch,DRQN-FTA-Gridworld-125,125,100000,0,8.67,3918.0,1.0
1022,gridworldpartial_scratch,DRQN-FTA-Gridworld-125,125,100000,4,5.659999999999999,1487.0,0.9861111111111112
1023,gridworldpartial_scratch,DRQN-FTA-Gridworld-125,125,100000,1,8.16,3042.0,0.964824120603015
1024,gridworldpartial_scratch,DRQN-FTA-Gridworld-125,125,100000,2,8.120000000000001,3374.0,0.9942196531791908
1025,gridworldpartial_scratch,DQN-FTA-Gridworld-85,85,100000,3,2.22,271.0,0.1896551724137931
1026,gridworldpartial_scratch,DQN-FTA-Gridworld-85,85,100000,0,2.41,319.0,0.2619047619047619
1027,gridworldpartial_scratch,DQN-FTA-Gridworld-85,85,100000,1,2.3,298.0,0.3037037037037037
1028,gridworldpartial_scratch,DQN-FTA-Gridworld-85,85,100000,4,2.650000000000001,340.0,0.2539682539682539
1029,gridworldpartial_scratch,DQN-FTA-Gridworld-85,85,100000,2,2.55,311.0,0.25
1030,gridworldpartial_scratch,DRQN-FTA-Gridworld-130,130,100000,3,9.69,5422.0,1.0
1031,gridworldpartial_scratch,DRQN-FTA-Gridworld-130,130,100000,0,9.42,5471.0,1.0
1032,gridworldpartial_scratch,DRQN-FTA-Gridworld-130,130,100000,1,9.6,5410.0,1.0
1033,gridworldpartial_scratch,DRQN-FTA-Gridworld-130,130,100000,4,9.16,5547.0,0.9984202211690364
1034,gridworldpartial_scratch,DRQN-FTA-Gridworld-130,130,100000,2,9.65,5414.0,1.0
1035,gridworldpartial_scratch,DQN-FTA-Gridworld-90,90,100000,3,9.72,5946.0,0.9986225895316804
1036,gridworldpartial_scratch,DQN-FTA-Gridworld-90,90,100000,0,9.44,5961.0,0.997229916897507
1037,gridworldpartial_scratch,DQN-FTA-Gridworld-90,90,100000,4,9.15,5833.0,0.9957386363636364
1038,gridworldpartial_scratch,DQN-FTA-Gridworld-90,90,100000,1,9.19,5701.0,0.9863842662632376
1039,gridworldpartial_scratch,DQN-FTA-Gridworld-90,90,100000,2,9.85,5998.0,0.9957567185289956
1040,gridworldpartial_scratch,DRQN-FTA-Gridworld-135,135,100000,0,9.09,4643.0,1.0
1041,gridworldpartial_scratch,DRQN-FTA-Gridworld-135,135,100000,3,8.99,4517.0,1.0
1042,gridworldpartial_scratch,DRQN-FTA-Gridworld-135,135,100000,1,8.530000000000001,4278.0,1.0
1043,gridworldpartial_scratch,DRQN-FTA-Gridworld-135,135,100000,4,9.39,5016.0,1.0
1044,gridworldpartial_scratch,DRQN-FTA-Gridworld-135,135,100000,2,8.780000000000001,4249.0,1.0
1045,gridworldpartial_scratch,DQN-FTA-Gridworld-95,95,100000,3,9.69,4643.0,0.9844660194174756
1046,gridworldpartial_scratch,DQN-FTA-Gridworld-95,95,100000,0,9.76,4720.0,0.9909255898366606
1047,gridworldpartial_scratch,DQN-FTA-Gridworld-95,95,100000,4,9.23,4765.0,0.993103448275862
1048,gridworldpartial_scratch,DQN-FTA-Gridworld-95,95,100000,1,9.92,4686.0,0.9907063197026024
1049,gridworldpartial_scratch,DQN-FTA-Gridworld-95,95,100000,2,9.2,4594.0,0.9930675909878682
1050,gridworldpartial_scratch,DRQN-FTA-Gridworld-140,140,100000,0,9.5,6391.0,1.0
1051,gridworldpartial_scratch,DRQN-FTA-Gridworld-140,140,100000,3,9.55,6159.0,1.0
1052,gridworldpartial_scratch,DRQN-FTA-Gridworld-140,140,100000,1,9.13,6244.0,1.0
1053,gridworldpartial_scratch,DRQN-FTA-Gridworld-140,140,100000,4,9.33,6223.0,1.0
1054,gridworldpartial_scratch,DRQN-FTA-Gridworld-140,140,100000,2,9.5,6369.0,1.0
1055,gridworldpartial_scratch,DQN-ReLU-Gridworld-0,0,100000,3,5.31,1044.0,0.7083333333333334
1056,gridworldpartial_scratch,DQN-ReLU-Gridworld-0,0,100000,0,6.31,1263.0,0.7109004739336493
1057,gridworldpartial_scratch,DQN-ReLU-Gridworld-0,0,100000,1,5.55,1047.0,0.6981132075471698
1058,gridworldpartial_scratch,DQN-ReLU-Gridworld-0,0,100000,4,6.290000000000001,1277.0,0.7142857142857143
1059,gridworldpartial_scratch,DQN-ReLU-Gridworld-0,0,100000,2,6.6000000000000005,1338.0,0.6798029556650246
1060,gridworldpartial_scratch,DRQN-FTA-Gridworld-145,145,100000,3,9.17,5300.0,1.0
1061,gridworldpartial_scratch,DRQN-FTA-Gridworld-145,145,100000,0,9.27,5367.0,0.9985250737463128
1062,gridworldpartial_scratch,DRQN-FTA-Gridworld-145,145,100000,4,7.75,3386.0,0.9985272459499264
1063,gridworldpartial_scratch,DRQN-FTA-Gridworld-145,145,100000,1,9.55,5470.0,0.9984276729559748
1064,gridworldpartial_scratch,DRQN-FTA-Gridworld-145,145,100000,2,9.35,5498.0,1.0
1065,gridworldpartial_scratch,DQN-ReLU-Gridworld-10,10,100000,3,5.659999999999999,1191.0,0.6682926829268293
1066,gridworldpartial_scratch,DQN-ReLU-Gridworld-10,10,100000,0,5.9,1232.0,0.6761904761904762
1067,gridworldpartial_scratch,DQN-ReLU-Gridworld-10,10,100000,1,6.949999999999999,1500.0,0.7336244541484717
1068,gridworldpartial_scratch,DQN-ReLU-Gridworld-10,10,100000,4,6.329999999999999,1312.0,0.6857142857142857
1069,gridworldpartial_scratch,DQN-ReLU-Gridworld-10,10,100000,2,5.49,1080.0,0.6948356807511737
1070,gridworldpartial_scratch,DRQN-FTA-Gridworld-15,15,100000,0,6.51,2208.0,0.9961977186311788
1071,gridworldpartial_scratch,DRQN-FTA-Gridworld-15,15,100000,3,9.06,4075.0,0.992337164750958
1072,gridworldpartial_scratch,DRQN-FTA-Gridworld-15,15,100000,1,8.62,3539.0,1.0
1073,gridworldpartial_scratch,DRQN-FTA-Gridworld-15,15,100000,4,8.46,3415.0,0.9764453961456104
1074,gridworldpartial_scratch,DRQN-FTA-Gridworld-15,15,100000,2,8.39,3201.0,0.9964912280701754
1075,gridworldpartial_scratch,DQN-ReLU-Gridworld-100,100,100000,0,4.13,728.0,0.3088235294117647
1076,gridworldpartial_scratch,DQN-ReLU-Gridworld-100,100,100000,3,2.76,355.0,0.3285714285714285
1077,gridworldpartial_scratch,DQN-ReLU-Gridworld-100,100,100000,4,2.89,385.0,0.2677165354330709
1078,gridworldpartial_scratch,DQN-ReLU-Gridworld-100,100,100000,1,2.46,318.0,0.2803030303030303
1079,gridworldpartial_scratch,DQN-ReLU-Gridworld-100,100,100000,2,3.1500000000000004,423.0,0.2692307692307692
1080,gridworldpartial_scratch,DRQN-FTA-Gridworld-150,150,100000,0,8.370000000000001,3880.0,1.0
1081,gridworldpartial_scratch,DRQN-FTA-Gridworld-150,150,100000,3,8.85,4240.0,0.9982668977469672
1082,gridworldpartial_scratch,DRQN-FTA-Gridworld-150,150,100000,1,8.629999999999999,4089.0,1.0
1083,gridworldpartial_scratch,DRQN-FTA-Gridworld-150,150,100000,4,8.39,3896.0,0.9981684981684982
1084,gridworldpartial_scratch,DRQN-FTA-Gridworld-150,150,100000,2,8.7,3812.0,0.9962264150943396
1085,gridworldpartial_scratch,DQN-ReLU-Gridworld-105,105,100000,0,9.6,3252.0,0.9680232558139537
1086,gridworldpartial_scratch,DQN-ReLU-Gridworld-105,105,100000,3,8.48,2847.0,0.9899749373433584
1087,gridworldpartial_scratch,DQN-ReLU-Gridworld-105,105,100000,1,7.970000000000001,2600.0,0.9782608695652174
1088,gridworldpartial_scratch,DQN-ReLU-Gridworld-105,105,100000,4,9.579999999999998,3323.0,0.9742857142857144
1089,gridworldpartial_scratch,DQN-ReLU-Gridworld-105,105,100000,2,9.13,3092.0,0.9696969696969696
1090,gridworldpartial_scratch,DRQN-FTA-Gridworld-155,155,100000,3,7.99,2863.0,0.9854721549636803
1091,gridworldpartial_scratch,DRQN-FTA-Gridworld-155,155,100000,0,8.48,3452.0,1.0
1092,gridworldpartial_scratch,DRQN-FTA-Gridworld-155,155,100000,1,8.85,3570.0,0.9936440677966102
1093,gridworldpartial_scratch,DRQN-FTA-Gridworld-155,155,100000,4,3.71,563.0,0.782608695652174
1094,gridworldpartial_scratch,DRQN-FTA-Gridworld-155,155,100000,2,8.36,3130.0,0.9978494623655914
1095,gridworldpartial_scratch,DQN-ReLU-Gridworld-110,110,100000,0,9.83,6060.0,0.9873015873015872
1096,gridworldpartial_scratch,DQN-ReLU-Gridworld-110,110,100000,3,9.89,6296.0,0.9803625377643505
1097,gridworldpartial_scratch,DQN-ReLU-Gridworld-110,110,100000,1,9.84,6151.0,0.9945205479452056
1098,gridworldpartial_scratch,DQN-ReLU-Gridworld-110,110,100000,4,9.05,5875.0,0.99163179916318
1099,gridworldpartial_scratch,DQN-ReLU-Gridworld-110,110,100000,2,9.91,6528.0,0.9914772727272728
1100,gridworldpartial_scratch,DRQN-FTA-Gridworld-160,160,100000,3,8.46,4482.0,1.0
1101,gridworldpartial_scratch,DRQN-FTA-Gridworld-160,160,100000,0,9.24,4999.0,1.0
1102,gridworldpartial_scratch,DRQN-FTA-Gridworld-160,160,100000,1,8.719999999999999,4746.0,1.0
1103,gridworldpartial_scratch,DRQN-FTA-Gridworld-160,160,100000,4,8.89,4993.0,0.9984276729559748
1104,gridworldpartial_scratch,DRQN-FTA-Gridworld-160,160,100000,2,9.35,5185.0,0.9984709480122324
1105,gridworldpartial_scratch,DQN-ReLU-Gridworld-115,115,100000,0,3.42,509.0,0.2539682539682539
1106,gridworldpartial_scratch,DQN-ReLU-Gridworld-115,115,100000,3,2.56,306.0,0.2704918032786885
1107,gridworldpartial_scratch,DQN-ReLU-Gridworld-115,115,100000,4,2.62,333.0,0.2598425196850393
1108,gridworldpartial_scratch,DQN-ReLU-Gridworld-115,115,100000,1,2.8400000000000003,381.0,0.2539682539682539
1109,gridworldpartial_scratch,DQN-ReLU-Gridworld-115,115,100000,2,6.36,1253.0,0.6746411483253588
1110,gridworldpartial_scratch,DQN-ReLU-Gridworld-140,140,100000,3,9.42,5429.0,0.995475113122172
1111,gridworldpartial_scratch,DQN-ReLU-Gridworld-140,140,100000,0,9.45,5388.0,0.988095238095238
1112,gridworldpartial_scratch,DQN-ReLU-Gridworld-140,140,100000,1,9.68,5659.0,0.9924812030075189
1113,gridworldpartial_scratch,DQN-ReLU-Gridworld-140,140,100000,4,9.56,5437.0,0.9906832298136646
1114,gridworldpartial_scratch,DQN-ReLU-Gridworld-140,140,100000,2,9.81,5627.0,0.9876923076923076
1115,gridworldpartial_scratch,DRQN-FTA-Gridworld-165,165,100000,0,9.0,3992.0,1.0
1116,gridworldpartial_scratch,DRQN-FTA-Gridworld-165,165,100000,3,8.25,3484.0,1.0
1117,gridworldpartial_scratch,DRQN-FTA-Gridworld-165,165,100000,1,9.03,3963.0,1.0
1118,gridworldpartial_scratch,DRQN-FTA-Gridworld-165,165,100000,4,8.49,3773.0,1.0
1119,gridworldpartial_scratch,DRQN-FTA-Gridworld-165,165,100000,2,9.24,4100.0,1.0
1120,gridworldpartial_scratch,DQN-ReLU-Gridworld-145,145,100000,3,9.71,5225.0,0.989778534923339
1121,gridworldpartial_scratch,DQN-ReLU-Gridworld-145,145,100000,0,9.28,4793.0,0.9875444839857652
1122,gridworldpartial_scratch,DQN-ReLU-Gridworld-145,145,100000,4,8.129999999999999,4138.0,0.9833641404805916
1123,gridworldpartial_scratch,DQN-ReLU-Gridworld-145,145,100000,1,9.39,4983.0,0.9831365935919056
1124,gridworldpartial_scratch,DQN-ReLU-Gridworld-145,145,100000,2,9.12,4801.0,0.991150442477876
1125,gridworldpartial_scratch,DRQN-FTA-Gridworld-170,170,100000,0,8.97,3572.0,0.9978070175438596
1126,gridworldpartial_scratch,DRQN-FTA-Gridworld-170,170,100000,3,8.879999999999999,3432.0,1.0
1127,gridworldpartial_scratch,DRQN-FTA-Gridworld-170,170,100000,1,8.77,3685.0,0.9959514170040484
1128,gridworldpartial_scratch,DRQN-FTA-Gridworld-170,170,100000,4,7.97,3317.0,1.0
1129,gridworldpartial_scratch,DRQN-FTA-Gridworld-170,170,100000,2,8.88,3391.0,0.9957446808510638
1130,gridworldpartial_scratch,DQN-ReLU-Gridworld-15,15,100000,0,5.949999999999999,1208.0,0.6744186046511628
1131,gridworldpartial_scratch,DQN-ReLU-Gridworld-15,15,100000,3,7.15,1564.0,0.6864406779661016
1132,gridworldpartial_scratch,DQN-ReLU-Gridworld-15,15,100000,4,7.07,1539.0,0.7184873949579832
1133,gridworldpartial_scratch,DQN-ReLU-Gridworld-15,15,100000,1,6.130000000000001,1271.0,0.6621004566210046
1134,gridworldpartial_scratch,DQN-ReLU-Gridworld-15,15,100000,2,6.46,1527.0,0.6768558951965066
1135,gridworldpartial_scratch,DRQN-FTA-Gridworld-20,20,100000,3,8.969999999999999,4580.0,1.0
1136,gridworldpartial_scratch,DRQN-FTA-Gridworld-20,20,100000,0,9.04,4566.0,0.9984615384615384
1137,gridworldpartial_scratch,DRQN-FTA-Gridworld-20,20,100000,1,9.22,4963.0,1.0
1138,gridworldpartial_scratch,DRQN-FTA-Gridworld-20,20,100000,4,8.42,4644.0,0.9985401459854014
1139,gridworldpartial_scratch,DRQN-FTA-Gridworld-20,20,100000,2,8.94,4593.0,1.0
1140,gridworldpartial_scratch,DQN-ReLU-Gridworld-150,150,100000,0,9.23,3855.0,0.9875518672199172
1141,gridworldpartial_scratch,DQN-ReLU-Gridworld-150,150,100000,3,8.02,3050.0,0.9821029082774048
1142,gridworldpartial_scratch,DQN-ReLU-Gridworld-150,150,100000,1,9.68,4088.0,0.9916666666666668
1143,gridworldpartial_scratch,DQN-ReLU-Gridworld-150,150,100000,4,9.15,4020.0,0.9801762114537445
1144,gridworldpartial_scratch,DQN-ReLU-Gridworld-150,150,100000,2,9.44,3981.0,0.975877192982456
1145,gridworldpartial_scratch,DRQN-FTA-Gridworld-25,25,100000,0,6.459999999999999,1836.0,0.9777777777777776
1146,gridworldpartial_scratch,DRQN-FTA-Gridworld-25,25,100000,3,8.54,3648.0,0.9980916030534353
1147,gridworldpartial_scratch,DRQN-FTA-Gridworld-25,25,100000,4,9.33,3944.0,0.9962962962962963
1148,gridworldpartial_scratch,DRQN-FTA-Gridworld-25,25,100000,1,8.89,4089.0,0.99815157116451
1149,gridworldpartial_scratch,DRQN-FTA-Gridworld-25,25,100000,2,9.34,4007.0,0.9982300884955752
1150,gridworldpartial_scratch,DRQN-FTA-Gridworld-30,30,100000,3,9.08,4362.0,0.9946140035906644
1151,gridworldpartial_scratch,DRQN-FTA-Gridworld-30,30,100000,0,9.19,4186.0,0.9982142857142856
1152,gridworldpartial_scratch,DRQN-FTA-Gridworld-30,30,100000,1,7.46,2741.0,0.9963570127504554
1153,gridworldpartial_scratch,DRQN-FTA-Gridworld-30,30,100000,4,8.86,4373.0,1.0
1154,gridworldpartial_scratch,DRQN-FTA-Gridworld-30,30,100000,2,9.14,4328.0,0.9945255474452556
1155,gridworldpartial_scratch,DRQN-FTA-Gridworld-35,35,100000,3,9.18,4418.0,1.0
1156,gridworldpartial_scratch,DRQN-FTA-Gridworld-35,35,100000,0,9.23,4669.0,1.0
1157,gridworldpartial_scratch,DRQN-FTA-Gridworld-35,35,100000,4,9.39,4993.0,1.0
1158,gridworldpartial_scratch,DRQN-FTA-Gridworld-35,35,100000,1,9.46,4777.0,1.0
1159,gridworldpartial_scratch,DRQN-FTA-Gridworld-35,35,100000,2,9.22,4518.0,1.0
1160,gridworldpartial_scratch,DRQN-FTA-Gridworld-40,40,100000,3,9.54,6448.0,1.0
1161,gridworldpartial_scratch,DRQN-FTA-Gridworld-40,40,100000,0,9.53,6584.0,1.0
1162,gridworldpartial_scratch,DRQN-FTA-Gridworld-40,40,100000,1,9.63,6876.0,1.0
1163,gridworldpartial_scratch,DRQN-FTA-Gridworld-40,40,100000,4,9.09,6815.0,1.0
1164,gridworldpartial_scratch,DRQN-FTA-Gridworld-40,40,100000,2,9.66,6821.0,1.0
1165,gridworldpartial_scratch,DRQN-FTA-Gridworld-45,45,100000,0,9.35,5349.0,1.0
1166,gridworldpartial_scratch,DRQN-FTA-Gridworld-45,45,100000,3,9.29,5114.0,1.0
1167,gridworldpartial_scratch,DRQN-FTA-Gridworld-45,45,100000,1,9.44,5336.0,0.9984423676012462
1168,gridworldpartial_scratch,DRQN-FTA-Gridworld-45,45,100000,4,9.51,5560.0,1.0
1169,gridworldpartial_scratch,DRQN-FTA-Gridworld-45,45,100000,2,9.28,5111.0,0.99851411589896
1170,gridworldpartial_scratch,DRQN-FTA-Gridworld-5,5,100000,0,8.7,3389.0,0.997946611909651
1171,gridworldpartial_scratch,DRQN-FTA-Gridworld-5,5,100000,3,7.81,2939.0,1.0
1172,gridworldpartial_scratch,DRQN-FTA-Gridworld-5,5,100000,4,8.68,3331.0,1.0
1173,gridworldpartial_scratch,DRQN-FTA-Gridworld-5,5,100000,1,8.08,3062.0,0.9979123173277662
1174,gridworldpartial_scratch,DRQN-FTA-Gridworld-5,5,100000,2,8.780000000000001,3301.0,1.0
1175,gridworldpartial_scratch,DRQN-FTA-Gridworld-50,50,100000,0,9.81,7659.0,1.0
1176,gridworldpartial_scratch,DRQN-FTA-Gridworld-50,50,100000,3,9.62,7392.0,1.0
1177,gridworldpartial_scratch,DRQN-FTA-Gridworld-50,50,100000,1,9.27,7299.0,1.0
1178,gridworldpartial_scratch,DRQN-FTA-Gridworld-50,50,100000,4,9.28,7580.0,1.0
1179,gridworldpartial_scratch,DRQN-FTA-Gridworld-50,50,100000,2,9.87,7611.0,1.0
1180,gridworldpartial_scratch,DRQN-FTA-Gridworld-55,55,100000,0,9.85,6971.0,1.0
1181,gridworldpartial_scratch,DRQN-FTA-Gridworld-55,55,100000,3,8.870000000000001,6105.0,1.0
1182,gridworldpartial_scratch,DRQN-FTA-Gridworld-55,55,100000,4,9.36,6911.0,1.0
1183,gridworldpartial_scratch,DRQN-FTA-Gridworld-55,55,100000,1,9.57,6826.0,1.0
1184,gridworldpartial_scratch,DRQN-FTA-Gridworld-55,55,100000,2,9.91,7001.0,1.0
1185,gridworldpartial_scratch,DRQN-FTA-Gridworld-60,60,100000,0,9.39,5741.0,1.0
1186,gridworldpartial_scratch,DRQN-FTA-Gridworld-60,60,100000,3,8.43,4963.0,1.0
1187,gridworldpartial_scratch,DRQN-FTA-Gridworld-60,60,100000,4,9.25,5810.0,1.0
1188,gridworldpartial_scratch,DRQN-FTA-Gridworld-60,60,100000,1,9.07,5462.0,1.0
1189,gridworldpartial_scratch,DRQN-FTA-Gridworld-60,60,100000,2,8.91,5197.0,1.0
1190,gridworldpartial_scratch,DRQN-FTA-Gridworld-65,65,100000,0,7.45,5038.0,1.0
1191,gridworldpartial_scratch,DRQN-FTA-Gridworld-65,65,100000,3,8.98,5987.0,1.0
1192,gridworldpartial_scratch,DRQN-FTA-Gridworld-65,65,100000,1,8.18,5471.0,1.0
1193,gridworldpartial_scratch,DRQN-FTA-Gridworld-65,65,100000,4,9.3,6433.0,1.0
1194,gridworldpartial_scratch,DRQN-FTA-Gridworld-65,65,100000,2,9.2,6159.0,1.0
1195,gridworldpartial_scratch,DRQN-FTA-Gridworld-70,70,100000,0,9.78,8270.0,1.0
1196,gridworldpartial_scratch,DRQN-FTA-Gridworld-70,70,100000,3,9.88,8102.0,1.0
1197,gridworldpartial_scratch,DRQN-FTA-Gridworld-70,70,100000,4,9.65,8165.0,1.0
1198,gridworldpartial_scratch,DRQN-FTA-Gridworld-70,70,100000,1,9.74,8308.0,0.9989484752891692
1199,gridworldpartial_scratch,DRQN-FTA-Gridworld-70,70,100000,2,9.48,8207.0,1.0
1200,gridworldpartial_scratch,DRQN-FTA-Gridworld-75,75,100000,0,9.26,5487.0,1.0
1201,gridworldpartial_scratch,DRQN-FTA-Gridworld-75,75,100000,3,9.25,5134.0,0.9948979591836736
1202,gridworldpartial_scratch,DRQN-FTA-Gridworld-75,75,100000,1,9.24,5254.0,1.0
1203,gridworldpartial_scratch,DRQN-FTA-Gridworld-75,75,100000,4,9.24,5219.0,1.0
1204,gridworldpartial_scratch,DRQN-FTA-Gridworld-75,75,100000,2,9.93,5451.0,0.9984591679506932
1205,gridworldpartial_scratch,DRQN-FTA-Gridworld-80,80,100000,0,9.84,6316.0,1.0
1206,gridworldpartial_scratch,DRQN-FTA-Gridworld-80,80,100000,3,9.53,6022.0,1.0
1207,gridworldpartial_scratch,DRQN-FTA-Gridworld-80,80,100000,1,9.58,6248.0,1.0
1208,gridworldpartial_scratch,DRQN-FTA-Gridworld-80,80,100000,4,9.55,6000.0,0.9971949509116408
1209,gridworldpartial_scratch,DRQN-FTA-Gridworld-80,80,100000,2,9.84,6318.0,0.9985693848354792
1210,gridworldpartial_scratch,DRQN-FTA-Gridworld-85,85,100000,0,9.23,3967.0,0.9979296066252588
1211,gridworldpartial_scratch,DRQN-FTA-Gridworld-85,85,100000,3,7.970000000000001,3132.0,0.9919028340080972
1212,gridworldpartial_scratch,DRQN-FTA-Gridworld-85,85,100000,1,8.530000000000001,3580.0,0.9979879275653925
1213,gridworldpartial_scratch,DRQN-FTA-Gridworld-85,85,100000,4,1.41,151.0,0.25
1214,gridworldpartial_scratch,DRQN-FTA-Gridworld-85,85,100000,2,9.25,3895.0,0.997983870967742
1215,gridworldpartial_scratch,DRQN-FTA-Gridworld-90,90,100000,0,9.72,7322.0,1.0
1216,gridworldpartial_scratch,DRQN-FTA-Gridworld-90,90,100000,3,9.7,7212.0,0.9988532110091743
1217,gridworldpartial_scratch,DRQN-FTA-Gridworld-90,90,100000,4,8.99,6747.0,1.0
1218,gridworldpartial_scratch,DRQN-FTA-Gridworld-90,90,100000,1,9.52,7349.0,1.0
1219,gridworldpartial_scratch,DRQN-FTA-Gridworld-90,90,100000,2,9.82,7451.0,1.0
1220,gridworldpartial_scratch,DRQN-FTA-Gridworld-95,95,100000,3,9.01,4671.0,1.0
1221,gridworldpartial_scratch,DRQN-FTA-Gridworld-95,95,100000,0,9.73,5160.0,1.0
1222,gridworldpartial_scratch,DRQN-FTA-Gridworld-95,95,100000,1,9.29,4801.0,0.998371335504886
1223,gridworldpartial_scratch,DRQN-FTA-Gridworld-95,95,100000,4,9.79,5242.0,0.9967479674796748
1224,gridworldpartial_scratch,DRQN-FTA-Gridworld-95,95,100000,2,9.78,5223.0,0.9983948635634028
1225,gridworldpartial_scratch,DRQN-ReLU-Gridworld-0,0,100000,0,7.98,2888.0,0.9976303317535544
1226,gridworldpartial_scratch,DRQN-ReLU-Gridworld-0,0,100000,3,7.08,2538.0,1.0
1227,gridworldpartial_scratch,DRQN-ReLU-Gridworld-0,0,100000,4,8.59,3024.0,0.9952038369304556
1228,gridworldpartial_scratch,DRQN-ReLU-Gridworld-0,0,100000,1,7.29,2432.0,0.9953161592505856
1229,gridworldpartial_scratch,DRQN-ReLU-Gridworld-0,0,100000,2,8.42,3045.0,0.9953051643192488
1230,gridworldpartial_scratch,DRQN-ReLU-Gridworld-10,10,100000,3,8.24,3011.0,0.9977578475336324
1231,gridworldpartial_scratch,DRQN-ReLU-Gridworld-10,10,100000,0,8.530000000000001,3257.0,1.0
1232,gridworldpartial_scratch,DRQN-ReLU-Gridworld-10,10,100000,4,8.48,3222.0,1.0
1233,gridworldpartial_scratch,DRQN-ReLU-Gridworld-10,10,100000,1,8.7,3358.0,1.0
1234,gridworldpartial_scratch,DRQN-ReLU-Gridworld-10,10,100000,2,9.12,3357.0,1.0
1235,gridworldpartial_scratch,DRQN-ReLU-Gridworld-100,100,100000,0,8.79,3761.0,1.0
1236,gridworldpartial_scratch,DRQN-ReLU-Gridworld-100,100,100000,3,8.129999999999999,3261.0,0.9959758551307848
1237,gridworldpartial_scratch,DRQN-ReLU-Gridworld-100,100,100000,1,9.23,3900.0,1.0
1238,gridworldpartial_scratch,DRQN-ReLU-Gridworld-100,100,100000,4,9.06,3797.0,1.0
1239,gridworldpartial_scratch,DRQN-ReLU-Gridworld-100,100,100000,2,8.49,3685.0,1.0
1240,gridworldpartial_scratch,DRQN-ReLU-Gridworld-105,105,100000,0,9.87,4254.0,0.997867803837953
1241,gridworldpartial_scratch,DRQN-ReLU-Gridworld-105,105,100000,3,8.99,3782.0,0.9979166666666668
1242,gridworldpartial_scratch,DRQN-ReLU-Gridworld-105,105,100000,4,8.4,3348.0,0.9937369519832986
1243,gridworldpartial_scratch,DRQN-ReLU-Gridworld-105,105,100000,1,9.25,3963.0,1.0
1244,gridworldpartial_scratch,DRQN-ReLU-Gridworld-105,105,100000,2,9.14,3893.0,1.0
1245,gridworldpartial_scratch,DRQN-ReLU-Gridworld-110,110,100000,3,9.6,7676.0,1.0
1246,gridworldpartial_scratch,DRQN-ReLU-Gridworld-110,110,100000,0,9.82,7737.0,1.0
1247,gridworldpartial_scratch,DRQN-ReLU-Gridworld-110,110,100000,1,9.5,7565.0,1.0
1248,gridworldpartial_scratch,DRQN-ReLU-Gridworld-110,110,100000,4,9.57,7531.0,1.0
1249,gridworldpartial_scratch,DRQN-ReLU-Gridworld-110,110,100000,2,8.66,6677.0,1.0
1250,gridworldpartial_scratch,DRQN-ReLU-Gridworld-115,115,100000,3,8.26,2935.0,0.9953271028037384
1251,gridworldpartial_scratch,DRQN-ReLU-Gridworld-115,115,100000,0,7.56,2862.0,0.995505617977528
1252,gridworldpartial_scratch,DRQN-ReLU-Gridworld-115,115,100000,1,7.9,2943.0,0.9955156950672646
1253,gridworldpartial_scratch,DRQN-ReLU-Gridworld-115,115,100000,4,8.09,3018.0,1.0
1254,gridworldpartial_scratch,DRQN-ReLU-Gridworld-115,115,100000,2,5.35,1727.0,0.9977220956719818
1255,gridworldpartial_scratch,DRQN-ReLU-Gridworld-120,120,100000,3,9.18,3928.0,1.0
1256,gridworldpartial_scratch,DRQN-ReLU-Gridworld-120,120,100000,0,8.620000000000001,3640.0,0.9979508196721312
1257,gridworldpartial_scratch,DRQN-ReLU-Gridworld-120,120,100000,1,9.31,3901.0,1.0
1258,gridworldpartial_scratch,DRQN-ReLU-Gridworld-120,120,100000,4,9.23,3732.0,0.9978586723768736
1259,gridworldpartial_scratch,DRQN-ReLU-Gridworld-120,120,100000,2,9.56,4010.0,1.0
1260,gridworldpartial_scratch,DRQN-ReLU-Gridworld-125,125,100000,3,8.55,3997.0,0.9963570127504554
1261,gridworldpartial_scratch,DRQN-ReLU-Gridworld-125,125,100000,0,8.66,4275.0,1.0
1262,gridworldpartial_scratch,DRQN-ReLU-Gridworld-125,125,100000,4,7.73,3772.0,0.9981785063752276
1263,gridworldpartial_scratch,DRQN-ReLU-Gridworld-125,125,100000,1,8.82,4336.0,1.0
1264,gridworldpartial_scratch,DRQN-ReLU-Gridworld-125,125,100000,2,8.83,4225.0,0.9982142857142856
1265,gridworldpartial_scratch,DRQN-ReLU-Gridworld-130,130,100000,3,8.91,5172.0,1.0
1266,gridworldpartial_scratch,DRQN-ReLU-Gridworld-130,130,100000,0,9.94,5904.0,0.9984615384615384
1267,gridworldpartial_scratch,DRQN-ReLU-Gridworld-130,130,100000,1,9.09,5283.0,1.0
1268,gridworldpartial_scratch,DRQN-ReLU-Gridworld-130,130,100000,4,9.61,5848.0,1.0
1269,gridworldpartial_scratch,DRQN-ReLU-Gridworld-130,130,100000,2,9.55,5667.0,1.0
1270,gridworldpartial_scratch,DRQN-ReLU-Gridworld-135,135,100000,3,8.91,4985.0,1.0
1271,gridworldpartial_scratch,DRQN-ReLU-Gridworld-135,135,100000,0,8.08,4174.0,1.0
1272,gridworldpartial_scratch,DRQN-ReLU-Gridworld-135,135,100000,4,8.92,5063.0,1.0
1273,gridworldpartial_scratch,DRQN-ReLU-Gridworld-135,135,100000,1,8.78,4928.0,0.9984423676012462
1274,gridworldpartial_scratch,DRQN-ReLU-Gridworld-135,135,100000,2,8.530000000000001,4484.0,1.0
1275,gridworldpartial_scratch,DRQN-ReLU-Gridworld-140,140,100000,3,8.64,5832.0,1.0
1276,gridworldpartial_scratch,DRQN-ReLU-Gridworld-140,140,100000,0,9.27,6438.0,1.0
1277,gridworldpartial_scratch,DRQN-ReLU-Gridworld-140,140,100000,4,9.73,6837.0,1.0
1278,gridworldpartial_scratch,DRQN-ReLU-Gridworld-140,140,100000,1,9.44,6963.0,1.0
1279,gridworldpartial_scratch,DRQN-ReLU-Gridworld-140,140,100000,2,9.67,6734.0,1.0
1280,gridworldpartial_scratch,DRQN-ReLU-Gridworld-145,145,100000,0,9.42,5679.0,0.9985250737463128
1281,gridworldpartial_scratch,DRQN-ReLU-Gridworld-145,145,100000,3,8.719999999999999,5154.0,1.0
1282,gridworldpartial_scratch,DRQN-ReLU-Gridworld-145,145,100000,1,9.58,6095.0,1.0
1283,gridworldpartial_scratch,DRQN-ReLU-Gridworld-145,145,100000,4,9.7,5902.0,1.0
1284,gridworldpartial_scratch,DRQN-ReLU-Gridworld-145,145,100000,2,8.54,5050.0,1.0
1285,gridworldpartial_scratch,DRQN-ReLU-Gridworld-15,15,100000,0,8.96,4332.0,0.9965277777777778
1286,gridworldpartial_scratch,DRQN-ReLU-Gridworld-15,15,100000,3,8.39,3975.0,0.9982046678635548
1287,gridworldpartial_scratch,DRQN-ReLU-Gridworld-15,15,100000,4,9.15,4357.0,0.9983471074380166
1288,gridworldpartial_scratch,DRQN-ReLU-Gridworld-15,15,100000,1,9.53,4604.0,0.9930555555555556
1289,gridworldpartial_scratch,DRQN-ReLU-Gridworld-15,15,100000,2,9.5,4534.0,0.9964788732394366
1290,gridworldpartial_scratch,DRQN-ReLU-Gridworld-150,150,100000,0,9.25,4588.0,1.0
1291,gridworldpartial_scratch,DRQN-ReLU-Gridworld-150,150,100000,3,9.19,4492.0,1.0
1292,gridworldpartial_scratch,DRQN-ReLU-Gridworld-150,150,100000,4,9.54,4809.0,1.0
1293,gridworldpartial_scratch,DRQN-ReLU-Gridworld-150,150,100000,1,8.5,4228.0,1.0
1294,gridworldpartial_scratch,DRQN-ReLU-Gridworld-150,150,100000,2,9.19,4582.0,1.0
1295,gridworldpartial_scratch,DRQN-ReLU-Gridworld-155,155,100000,0,8.23,3557.0,1.0
1296,gridworldpartial_scratch,DRQN-ReLU-Gridworld-155,155,100000,3,8.58,3533.0,1.0
1297,gridworldpartial_scratch,DRQN-ReLU-Gridworld-155,155,100000,1,8.879999999999999,3778.0,1.0
1298,gridworldpartial_scratch,DRQN-ReLU-Gridworld-155,155,100000,4,8.2,3295.0,1.0
1299,gridworldpartial_scratch,DRQN-ReLU-Gridworld-155,155,100000,2,8.89,3713.0,1.0
1300,gridworldpartial_scratch,DRQN-ReLU-Gridworld-160,160,100000,3,9.07,4979.0,1.0
1301,gridworldpartial_scratch,DRQN-ReLU-Gridworld-160,160,100000,0,9.46,5443.0,1.0
1302,gridworldpartial_scratch,DRQN-ReLU-Gridworld-160,160,100000,1,9.48,5566.0,1.0
1303,gridworldpartial_scratch,DRQN-ReLU-Gridworld-160,160,100000,4,9.61,5487.0,1.0
1304,gridworldpartial_scratch,DRQN-ReLU-Gridworld-160,160,100000,2,9.3,5481.0,1.0
1305,gridworldpartial_scratch,DRQN-ReLU-Gridworld-165,165,100000,0,8.98,4219.0,1.0
1306,gridworldpartial_scratch,DRQN-ReLU-Gridworld-165,165,100000,3,8.95,4198.0,1.0
1307,gridworldpartial_scratch,DRQN-ReLU-Gridworld-165,165,100000,4,8.92,4414.0,1.0
1308,gridworldpartial_scratch,DRQN-ReLU-Gridworld-165,165,100000,1,8.86,4228.0,1.0
1309,gridworldpartial_scratch,DRQN-ReLU-Gridworld-165,165,100000,2,9.1,4316.0,0.9981308411214952
1310,gridworldpartial_scratch,DRQN-ReLU-Gridworld-170,170,100000,3,8.24,3384.0,1.0
1311,gridworldpartial_scratch,DRQN-ReLU-Gridworld-170,170,100000,0,8.620000000000001,3734.0,1.0
1312,gridworldpartial_scratch,DRQN-ReLU-Gridworld-170,170,100000,4,8.18,3512.0,1.0
1313,gridworldpartial_scratch,DRQN-ReLU-Gridworld-170,170,100000,1,8.85,3806.0,1.0
1314,gridworldpartial_scratch,DRQN-ReLU-Gridworld-170,170,100000,2,9.11,3945.0,1.0
1315,gridworldpartial_scratch,DRQN-ReLU-Gridworld-20,20,100000,0,9.38,5289.0,0.9985401459854014
1316,gridworldpartial_scratch,DRQN-ReLU-Gridworld-20,20,100000,3,9.04,4946.0,1.0
1317,gridworldpartial_scratch,DRQN-ReLU-Gridworld-20,20,100000,4,9.17,5261.0,1.0
1318,gridworldpartial_scratch,DRQN-ReLU-Gridworld-20,20,100000,1,9.1,5122.0,1.0
1319,gridworldpartial_scratch,DRQN-ReLU-Gridworld-20,20,100000,2,8.86,4756.0,0.9984662576687116
1320,gridworldpartial_scratch,DRQN-ReLU-Gridworld-25,25,100000,3,8.34,3684.0,1.0
1321,gridworldpartial_scratch,DRQN-ReLU-Gridworld-25,25,100000,0,8.84,3854.0,1.0
1322,gridworldpartial_scratch,DRQN-ReLU-Gridworld-25,25,100000,1,8.690000000000001,4085.0,0.9982394366197184
1323,gridworldpartial_scratch,DRQN-ReLU-Gridworld-25,25,100000,4,8.940000000000001,4043.0,1.0
1324,gridworldpartial_scratch,DRQN-ReLU-Gridworld-25,25,100000,2,8.959999999999999,4228.0,0.9947643979057592
1325,gridworldpartial_scratch,DRQN-ReLU-Gridworld-30,30,100000,3,9.04,4654.0,1.0
1326,gridworldpartial_scratch,DRQN-ReLU-Gridworld-30,30,100000,0,8.85,4633.0,0.998324958123953
1327,gridworldpartial_scratch,DRQN-ReLU-Gridworld-30,30,100000,1,8.46,3852.0,1.0
1328,gridworldpartial_scratch,DRQN-ReLU-Gridworld-30,30,100000,4,9.22,4715.0,0.9948006932409011
1329,gridworldpartial_scratch,DRQN-ReLU-Gridworld-30,30,100000,2,9.1,4540.0,1.0
1330,gridworldpartial_scratch,DRQN-ReLU-Gridworld-35,35,100000,0,9.04,4674.0,1.0
1331,gridworldpartial_scratch,DRQN-ReLU-Gridworld-35,35,100000,3,9.31,4932.0,1.0
1332,gridworldpartial_scratch,DRQN-ReLU-Gridworld-35,35,100000,4,8.99,4756.0,0.9984126984126984
1333,gridworldpartial_scratch,DRQN-ReLU-Gridworld-35,35,100000,1,9.35,4706.0,1.0
1334,gridworldpartial_scratch,DRQN-ReLU-Gridworld-35,35,100000,2,9.53,4930.0,0.9983498349834984
1335,gridworldpartial_scratch,DRQN-ReLU-Gridworld-40,40,100000,0,9.46,6980.0,1.0
1336,gridworldpartial_scratch,DRQN-ReLU-Gridworld-40,40,100000,3,9.56,6894.0,1.0
1337,gridworldpartial_scratch,DRQN-ReLU-Gridworld-40,40,100000,4,9.42,7115.0,1.0
1338,gridworldpartial_scratch,DRQN-ReLU-Gridworld-40,40,100000,1,9.92,7621.0,1.0
1339,gridworldpartial_scratch,DRQN-ReLU-Gridworld-40,40,100000,2,9.57,7337.0,1.0
1340,gridworldpartial_scratch,DRQN-ReLU-Gridworld-45,45,100000,3,8.38,4913.0,0.9985935302391
1341,gridworldpartial_scratch,DRQN-ReLU-Gridworld-45,45,100000,0,7.96,4627.0,1.0
1342,gridworldpartial_scratch,DRQN-ReLU-Gridworld-45,45,100000,4,8.66,5017.0,1.0
1343,gridworldpartial_scratch,DRQN-ReLU-Gridworld-45,45,100000,1,8.93,4849.0,1.0
1344,gridworldpartial_scratch,DRQN-ReLU-Gridworld-45,45,100000,2,9.6,5654.0,1.0
1345,gridworldpartial_scratch,DRQN-ReLU-Gridworld-5,5,100000,3,7.85,3189.0,1.0
1346,gridworldpartial_scratch,DRQN-ReLU-Gridworld-5,5,100000,0,8.89,3824.0,1.0
1347,gridworldpartial_scratch,DRQN-ReLU-Gridworld-5,5,100000,1,8.030000000000001,3206.0,1.0
1348,gridworldpartial_scratch,DRQN-ReLU-Gridworld-5,5,100000,4,8.59,3454.0,0.9979633401221996
1349,gridworldpartial_scratch,DRQN-ReLU-Gridworld-5,5,100000,2,8.83,3572.0,0.9980353634577604
1350,gridworldpartial_scratch,DRQN-ReLU-Gridworld-50,50,100000,3,9.27,7464.0,0.9989327641408752
1351,gridworldpartial_scratch,DRQN-ReLU-Gridworld-50,50,100000,0,9.96,8279.0,1.0
1352,gridworldpartial_scratch,DRQN-ReLU-Gridworld-50,50,100000,1,9.8,8095.0,1.0
1353,gridworldpartial_scratch,DRQN-ReLU-Gridworld-50,50,100000,4,9.33,7953.0,1.0
1354,gridworldpartial_scratch,DRQN-ReLU-Gridworld-50,50,100000,2,9.21,7878.0,1.0
1355,gridworldpartial_scratch,DRQN-ReLU-Gridworld-55,55,100000,3,9.06,6519.0,1.0
1356,gridworldpartial_scratch,DRQN-ReLU-Gridworld-55,55,100000,0,9.19,7059.0,1.0
1357,gridworldpartial_scratch,DRQN-ReLU-Gridworld-55,55,100000,1,9.97,7640.0,0.9987819732034104
1358,gridworldpartial_scratch,DRQN-ReLU-Gridworld-55,55,100000,4,9.45,7217.0,1.0
1359,gridworldpartial_scratch,DRQN-ReLU-Gridworld-55,55,100000,2,9.27,7000.0,1.0
1360,gridworldpartial_scratch,DRQN-ReLU-Gridworld-60,60,100000,0,9.09,5774.0,1.0
1361,gridworldpartial_scratch,DRQN-ReLU-Gridworld-60,60,100000,3,9.71,6031.0,1.0
1362,gridworldpartial_scratch,DRQN-ReLU-Gridworld-60,60,100000,4,9.16,5884.0,0.9985358711566618
1363,gridworldpartial_scratch,DRQN-ReLU-Gridworld-60,60,100000,1,6.26,3678.0,0.998522895125554
1364,gridworldpartial_scratch,DRQN-ReLU-Gridworld-60,60,100000,2,6.69,4008.0,1.0
1365,gridworldpartial_scratch,DRQN-ReLU-Gridworld-65,65,100000,0,9.32,6490.0,1.0
1366,gridworldpartial_scratch,DRQN-ReLU-Gridworld-65,65,100000,3,9.0,6162.0,1.0
1367,gridworldpartial_scratch,DRQN-ReLU-Gridworld-65,65,100000,4,9.23,6743.0,1.0
1368,gridworldpartial_scratch,DRQN-ReLU-Gridworld-65,65,100000,1,8.280000000000001,5623.0,1.0
1369,gridworldpartial_scratch,DRQN-ReLU-Gridworld-65,65,100000,2,8.84,6177.0,1.0
1370,gridworldpartial_scratch,DRQN-ReLU-Gridworld-70,70,100000,3,9.11,7422.0,1.0
1371,gridworldpartial_scratch,DRQN-ReLU-Gridworld-70,70,100000,0,9.6,8598.0,1.0
1372,gridworldpartial_scratch,DRQN-ReLU-Gridworld-70,70,100000,1,9.58,8453.0,1.0
1373,gridworldpartial_scratch,DRQN-ReLU-Gridworld-70,70,100000,4,9.64,8570.0,1.0
1374,gridworldpartial_scratch,DRQN-ReLU-Gridworld-70,70,100000,2,9.95,8743.0,1.0
1375,gridworldpartial_scratch,DRQN-ReLU-Gridworld-75,75,100000,3,8.120000000000001,4375.0,0.9984567901234568
1376,gridworldpartial_scratch,DRQN-ReLU-Gridworld-75,75,100000,0,9.94,5924.0,1.0
1377,gridworldpartial_scratch,DRQN-ReLU-Gridworld-75,75,100000,1,9.9,6003.0,0.9984567901234568
1378,gridworldpartial_scratch,DRQN-ReLU-Gridworld-75,75,100000,4,9.86,5970.0,1.0
1379,gridworldpartial_scratch,DRQN-ReLU-Gridworld-75,75,100000,2,9.21,5647.0,1.0
1380,gridworldpartial_scratch,DRQN-ReLU-Gridworld-80,80,100000,0,9.99,6793.0,1.0
1381,gridworldpartial_scratch,DRQN-ReLU-Gridworld-80,80,100000,3,10.0,6974.0,1.0
1382,gridworldpartial_scratch,DRQN-ReLU-Gridworld-80,80,100000,1,9.39,6383.0,1.0
1383,gridworldpartial_scratch,DRQN-ReLU-Gridworld-80,80,100000,4,9.47,6688.0,1.0
1384,gridworldpartial_scratch,DRQN-ReLU-Gridworld-80,80,100000,2,9.21,6387.0,1.0
1385,gridworldpartial_scratch,DRQN-ReLU-Gridworld-85,85,100000,0,8.5,3834.0,1.0
1386,gridworldpartial_scratch,DRQN-ReLU-Gridworld-85,85,100000,3,9.24,4333.0,1.0
1387,gridworldpartial_scratch,DRQN-ReLU-Gridworld-85,85,100000,4,8.79,4151.0,1.0
1388,gridworldpartial_scratch,DRQN-ReLU-Gridworld-85,85,100000,1,7.66,3442.0,0.9960552268244576
1389,gridworldpartial_scratch,DRQN-ReLU-Gridworld-85,85,100000,2,8.7,4029.0,0.9980988593155894
1390,gridworldpartial_scratch,DRQN-ReLU-Gridworld-90,90,100000,0,8.68,5835.0,0.9988851727982164
1391,gridworldpartial_scratch,DRQN-ReLU-Gridworld-90,90,100000,3,9.27,7330.0,1.0
1392,gridworldpartial_scratch,DRQN-ReLU-Gridworld-90,90,100000,1,9.75,7882.0,1.0
1393,gridworldpartial_scratch,DRQN-ReLU-Gridworld-90,90,100000,4,9.82,7970.0,1.0
1394,gridworldpartial_scratch,DRQN-ReLU-Gridworld-90,90,100000,2,9.87,7736.0,1.0
1395,gridworldpartial_scratch,DRQN-ReLU-Gridworld-95,95,100000,3,9.09,5054.0,1.0
1396,gridworldpartial_scratch,DRQN-ReLU-Gridworld-95,95,100000,0,9.49,5457.0,1.0
1397,gridworldpartial_scratch,DRQN-ReLU-Gridworld-95,95,100000,4,9.43,5327.0,0.9983766233766234
1398,gridworldpartial_scratch,DRQN-ReLU-Gridworld-95,95,100000,1,8.19,4103.0,1.0
1399,gridworldpartial_scratch,DRQN-ReLU-Gridworld-95,95,100000,2,9.04,5137.0,1.0
