,Environment,Algorithm,X,Y,Low,High
0,A2,TMaze-DRQN-fta-use-all-steps-2-16,"[     0    300    600    900   1200   1500   1800   2100   2400   2700
   3000   3300   3600   3900   4200   4500   4800   5100   5400   5700
   6000   6300   6600   6900   7200   7500   7800   8100   8400   8700
   9000   9300   9600   9900  10200  10500  10800  11100  11400  11700
  12000  12300  12600  12900  13200  13500  13800  14100  14400  14700
  15000  15300  15600  15900  16200  16500  16800  17100  17400  17700
  18000  18300  18600  18900  19200  19500  19800  20100  20400  20700
  21000  21300  21600  21900  22200  22500  22800  23100  23400  23700
  24000  24300  24600  24900  25200  25500  25800  26100  26400  26700
  27000  27300  27600  27900  28200  28500  28800  29100  29400  29700
  30000  30300  30600  30900  31200  31500  31800  32100  32400  32700
  33000  33300  33600  33900  34200  34500  34800  35100  35400  35700
  36000  36300  36600  36900  37200  37500  37800  38100  38400  38700
  39000  39300  39600  39900  40200  40500  40800  41100  41400  41700
  42000  42300  42600  42900  43200  43500  43800  44100  44400  44700
  45000  45300  45600  45900  46200  46500  46800  47100  47400  47700
  48000  48300  48600  48900  49200  49500  49800  50100  50400  50700
  51000  51300  51600  51900  52200  52500  52800  53100  53400  53700
  54000  54300  54600  54900  55200  55500  55800  56100  56400  56700
  57000  57300  57600  57900  58200  58500  58800  59100  59400  59700
  60000  60300  60600  60900  61200  61500  61800  62100  62400  62700
  63000  63300  63600  63900  64200  64500  64800  65100  65400  65700
  66000  66300  66600  66900  67200  67500  67800  68100  68400  68700
  69000  69300  69600  69900  70200  70500  70800  71100  71400  71700
  72000  72300  72600  72900  73200  73500  73800  74100  74400  74700
  75000  75300  75600  75900  76200  76500  76800  77100  77400  77700
  78000  78300  78600  78900  79200  79500  79800  80100  80400  80700
  81000  81300  81600  81900  82200  82500  82800  83100  83400  83700
  84000  84300  84600  84900  85200  85500  85800  86100  86400  86700
  87000  87300  87600  87900  88200  88500  88800  89100  89400  89700
  90000  90300  90600  90900  91200  91500  91800  92100  92400  92700
  93000  93300  93600  93900  94200  94500  94800  95100  95400  95700
  96000  96300  96600  96900  97200  97500  97800  98100  98400  98700
  99000  99300  99600  99900 100200 100500 100800 101100 101400 101700
 102000 102300 102600 102900 103200 103500 103800 104100 104400 104700
 105000 105300 105600 105900 106200 106500 106800 107100 107400 107700
 108000 108300 108600 108900 109200 109500 109800 110100 110400 110700
 111000 111300 111600 111900 112200 112500 112800 113100 113400 113700
 114000 114300 114600 114900 115200 115500 115800 116100 116400 116700
 117000 117300 117600 117900 118200 118500 118800 119100 119400 119700
 120000 120300 120600 120900 121200 121500 121800 122100 122400 122700
 123000 123300 123600 123900 124200 124500 124800 125100 125400 125700
 126000 126300 126600 126900 127200 127500 127800 128100 128400 128700
 129000 129300 129600 129900 130200 130500 130800 131100 131400 131700
 132000 132300 132600 132900 133200 133500 133800 134100 134400 134700
 135000 135300 135600 135900 136200 136500 136800 137100 137400 137700
 138000 138300 138600 138900 139200 139500 139800 140100 140400 140700
 141000 141300 141600 141900 142200 142500 142800 143100 143400 143700
 144000 144300 144600 144900 145200 145500 145800 146100 146400 146700
 147000 147300 147600 147900 148200 148500 148800 149100 149400 149700
 150000 150300 150600 150900 151200 151500 151800 152100 152400 152700
 153000 153300 153600 153900 154200 154500 154800 155100 155400 155700
 156000 156300 156600 156900 157200 157500 157800 158100 158400 158700
 159000 159300 159600 159900 160200 160500 160800 161100 161400 161700
 162000 162300 162600 162900 163200 163500 163800 164100 164400 164700
 165000 165300 165600 165900 166200 166500 166800 167100 167400 167700
 168000 168300 168600 168900 169200 169500 169800 170100 170400 170700
 171000 171300 171600 171900 172200 172500 172800 173100 173400 173700
 174000 174300 174600 174900 175200 175500 175800 176100 176400 176700
 177000 177300 177600 177900 178200 178500 178800 179100 179400 179700
 180000 180300 180600 180900 181200 181500 181800 182100 182400 182700
 183000 183300 183600 183900 184200 184500 184800 185100 185400 185700
 186000 186300 186600 186900 187200 187500 187800 188100 188400 188700
 189000 189300 189600 189900 190200 190500 190800 191100 191400 191700
 192000 192300 192600 192900 193200 193500 193800 194100 194400 194700
 195000 195300 195600 195900 196200 196500 196800 197100 197400 197700
 198000 198300 198600 198900 199200 199500 199800 200100 200400 200700
 201000 201300 201600 201900 202200 202500 202800 203100 203400 203700
 204000 204300 204600 204900 205200 205500 205800 206100 206400 206700
 207000 207300 207600 207900 208200 208500 208800 209100 209400 209700
 210000 210300 210600 210900 211200 211500 211800 212100 212400 212700
 213000 213300 213600 213900 214200 214500 214800 215100 215400 215700
 216000 216300 216600 216900 217200 217500 217800 218100 218400 218700
 219000 219300 219600 219900 220200 220500 220800 221100 221400 221700
 222000 222300 222600 222900 223200 223500 223800 224100 224400 224700
 225000 225300 225600 225900 226200 226500 226800 227100 227400 227700
 228000 228300 228600 228900 229200 229500 229800 230100 230400 230700
 231000 231300 231600 231900 232200 232500 232800 233100 233400 233700
 234000 234300 234600 234900 235200 235500 235800 236100 236400 236700
 237000 237300 237600 237900 238200 238500 238800 239100 239400 239700
 240000 240300 240600 240900 241200 241500 241800 242100 242400 242700
 243000 243300 243600 243900 244200 244500 244800 245100 245400 245700
 246000 246300 246600 246900 247200 247500 247800 248100 248400 248700
 249000 249300 249600 249900 250200 250500 250800 251100 251400 251700
 252000 252300 252600 252900 253200 253500 253800 254100 254400 254700
 255000 255300 255600 255900 256200 256500 256800 257100 257400 257700
 258000 258300 258600 258900 259200 259500 259800 260100 260400 260700
 261000 261300 261600 261900 262200 262500 262800 263100 263400 263700
 264000 264300 264600 264900 265200 265500 265800 266100 266400 266700
 267000 267300 267600 267900 268200 268500 268800 269100 269400 269700
 270000 270300 270600 270900 271200 271500 271800 272100 272400 272700
 273000 273300 273600 273900 274200 274500 274800 275100 275400 275700
 276000 276300 276600 276900 277200 277500 277800 278100 278400 278700
 279000 279300 279600 279900 280200 280500 280800 281100 281400 281700
 282000 282300 282600 282900 283200 283500 283800 284100 284400 284700
 285000 285300 285600 285900 286200 286500 286800 287100 287400 287700
 288000 288300 288600 288900 289200 289500 289800 290100 290400 290700
 291000 291300 291600 291900 292200 292500 292800 293100 293400 293700
 294000 294300 294600 294900 295200 295500 295800 296100 296400 296700
 297000 297300 297600 297900 298200 298500 298800 299100 299400 299700]","[-6.108 -7.312 -5.404 -4.168 -2.212 -1.892 -1.848 -0.852 -0.136  1.132
  1.548  0.032  1.56   1.08   1.436  1.192  1.504  1.904  2.052  1.384
  2.168  2.276  2.408  1.764  2.224  2.34   2.428  1.7    2.44   2.312
  2.184  2.436  2.248  1.892  2.432  1.936  1.452  1.952  2.04   2.28
  2.216  2.036  2.256  1.76   2.36   2.324  2.4    2.388  2.424  2.304
  2.236  2.484  2.512  2.18   2.38   1.892  2.372  2.504  2.02   1.876
  2.492  2.46   2.188  1.876  2.3    2.444  2.096  2.256  2.472  2.48
  2.436  2.468  2.464  1.928  1.884  2.276  2.256  2.436  2.128  2.096
  2.048  2.392  2.276  2.136  2.364  1.952  2.464  2.16   2.296  2.216
  2.264  2.32   2.068  2.42   2.464  2.424  2.12   2.436  2.124  1.884
  1.78   2.132  2.424  2.408  2.14   1.964  2.184  2.204  2.144  2.14
  2.112  2.06   2.236  1.988  1.932  1.912  2.356  1.976  2.304  2.392
  2.196  1.952  2.352  2.38   2.184  2.196  2.372  2.048  2.108  2.22
  2.248  2.184  2.012  1.928  2.348  2.428  2.432  1.484  2.028  2.192
  1.708  2.004  2.008  2.36   2.356  2.188  2.176  2.196  2.448  2.004
  2.004  2.308  1.896  2.452  2.316  2.056  1.948  2.316  2.036  1.856
  1.588  2.3    2.336  2.36   2.3    2.224  1.964  2.172  2.076  2.348
  2.192  2.336  2.312  2.192  2.18   2.264  2.352  2.368  2.164  1.82
  2.116  2.3    2.32   2.3    2.14   2.176  2.264  2.332  2.204  2.12
  2.228  2.276  1.62   2.272  1.852  2.14   2.124  2.232  2.068  2.12
  1.984  2.02   2.28   2.356  1.708  2.288  2.068  2.208  2.428  2.432
  2.288  1.88   2.224  2.264  2.236  2.148  2.016  1.664  2.304  2.352
  2.236  2.26   2.172  2.12   2.164  2.288  2.244  2.14   2.364  2.164
  2.236  2.352  2.284  2.248  2.396  2.324  1.86   1.768  2.308  2.02
  2.156  1.704  2.396  2.332  2.036  2.364  2.384  2.364  1.964  2.384
  2.304  1.532  2.372  2.02   2.392  2.388  2.124  2.196  2.192  1.844
  2.18   1.672  2.348  2.112  2.2    1.832  2.176  1.976  1.764  2.368
  2.172  2.108  2.36   2.372  2.4    2.332  2.22   2.164  2.132  2.412
  2.008  2.18   1.82   2.372  2.228  1.436  2.064  2.148  2.396  2.084
  2.172  1.92   2.136  2.348  2.452  1.624  2.288  2.     2.364  2.248
  2.2    2.176  2.32   2.356  2.116  2.352  2.34   2.172  1.976  2.392
  2.292  2.1    2.044  2.176  1.88   2.216  2.296  1.768  2.424  2.4
  2.212  2.38   2.232  2.14   2.428  2.072  1.868  2.212  2.028  2.284
  1.904  2.34   2.352  1.86   2.224  2.268  2.168  2.216  2.328  2.092
  2.224  1.568  1.984  2.32   2.084  1.804  2.092  2.3    2.02   2.1
  2.2    1.964  2.008  2.316  2.016  2.06   1.92   1.7    1.696  2.196
  1.968  2.112  2.312  1.996  2.3    2.36   1.9    1.976  2.28   2.36
  2.26   2.304  2.252  2.396  2.212  2.132  2.276  2.228  2.256  2.188
  2.2    2.296  2.224  1.836  1.908  2.316  2.096  2.208  2.024  2.152
  2.228  2.3    2.168  2.236  1.732  1.876  2.4    2.144  2.32   2.268
  2.088  1.804  2.14   2.032  2.404  2.436  2.3    1.696  2.28   2.344
  2.136  2.092  2.38   1.488  2.016  2.32   2.284  2.308  2.364  2.384
  1.74   2.38   2.424  2.212  2.512  2.364  2.408  2.     2.304  2.308
  2.336  2.38   2.424  2.472  2.132  2.148  2.236  1.864  2.316  2.44
  2.2    2.444  2.332  2.312  2.216  2.352  2.12   1.956  2.168  2.324
  2.024  2.176  2.048  2.376  2.124  1.728  2.344  1.884  2.188  2.204
  2.408  2.348  2.296  2.372  2.1    2.396  1.96   2.236  2.236  2.476
  2.2    1.852  1.672  2.408  2.348  1.964  2.5    2.34   2.024  1.6
  1.524  2.148  2.152  2.376  2.312  2.328  2.14   2.408  2.22   2.376
  2.04   2.388  2.116  2.484  2.02   2.28   2.34   2.276  2.024  2.376
  1.856  2.084  2.192  2.14   2.356  1.82   2.036  2.292  2.296  2.112
  2.448  2.104  2.068  1.88   2.064  2.148  2.076  2.4    2.22   2.408
  1.812  2.42   1.892  2.284  2.012  2.296  2.192  2.212  2.032  2.004
  2.252  1.86   2.364  2.216  1.98   1.896  2.076  2.156  2.076  2.088
  2.42   1.712  2.332  2.484  2.4    2.284  2.1    2.316  1.876  2.108
  2.056  1.852  2.292  2.364  2.392  2.04   2.164  2.488  2.432  2.324
  2.3    1.832  2.176  2.48   2.244  2.508  2.376  2.404  2.336  2.384
  2.228  2.152  2.232  2.28   2.376  2.284  2.164  2.512  2.312  2.184
  2.308  1.792  2.02   2.352  1.948  2.184  2.412  2.288  2.356  2.164
  2.2    2.396  2.22   2.456  2.432  2.32   2.36   2.464  1.656  2.16
  2.44   2.204  1.996  2.224  2.372  2.008  2.232  2.24   2.328  2.168
  2.368  2.316  1.98   2.384  2.352  2.016  2.332  2.184  1.968  2.048
  2.256  2.148  2.368  2.348  2.212  2.064  2.356  2.036  2.388  2.148
  2.004  1.676  2.116  2.244  2.376  2.192  2.064  1.952  2.364  2.164
  2.044  2.332  2.     2.212  2.292  2.312  1.54   1.96   2.148  2.384
  2.008  1.66   2.3    2.348  2.14   2.296  2.236  2.008  2.096  1.876
  2.336  1.984  2.3    2.024  2.128  2.3    2.064  1.984  2.24   2.3
  1.748  2.276  2.344  1.9    2.08   1.932  1.872  2.176  2.044  2.148
  2.392  1.9    2.348  2.308  2.348  2.184  2.092  2.1    2.432  2.048
  2.296  2.392  1.776  2.192  1.888  1.996  2.148  1.872  2.128  2.
  1.888  2.064  2.332  2.12   2.016  2.112  2.068  2.016  1.776  2.36
  2.228  2.34   1.904  2.096  2.312  2.448  2.392  2.184  2.112  2.3
  2.304  2.172  2.044  2.164  2.296  2.324  2.256  1.672  2.228  1.976
  2.404  1.772  2.352  1.836  2.396  2.188  2.252  2.268  2.056  2.124
  2.424  1.404  1.792  2.024  2.188  1.964  2.1    2.384  2.148  2.404
  2.184  2.276  1.928  2.068  2.384  2.352  2.228  2.292  2.144  2.252
  1.416  2.288  2.072  2.272  2.316  2.112  2.152  1.952  2.316  1.9
  2.16   1.996  2.304  2.224  1.308  1.936  1.528  2.232  2.072  1.832
  2.16   2.108  2.088  2.36   2.348  2.312  2.328  2.292  1.732  2.052
  2.12   2.24   2.372  1.548  2.232  2.38   2.324  1.996  2.076  2.256
  1.524  2.1    2.076  1.612  2.288  2.2    2.068  2.288  2.348  2.064
  2.38   2.112  2.328  1.84   2.212  2.048  2.212  2.252  2.248  2.136
  2.348  2.4    2.148  2.38   2.104  2.232  2.108  1.872  2.36   1.652
  1.968  2.296  2.244  2.24   1.992  2.304  2.236  2.244  2.392  2.136
  2.232  2.092  1.912  2.416  2.372  2.032  1.828  2.172  2.456  1.832
  1.948  2.292  2.12   1.692  1.46   2.076  1.944  2.036  1.96   2.3
  2.16   2.212  2.224  2.132  2.284  2.164  1.8    2.076  2.38   1.844
  2.124  2.332  2.404  2.164  2.12   2.016  1.936  2.396  2.32   2.076
  2.308  2.052  2.06   2.296  2.316  2.136  1.968  2.316  2.344  2.392
  2.328  2.196  2.248  1.94   2.224  2.4    2.256  2.212  2.304  2.272
  2.084  2.168  2.396  1.76   2.28   2.456  1.744  1.876  1.888  2.412
  2.028  2.352  1.628  2.032  1.696  1.988  2.14   2.22   2.3    2.416
  2.34   2.3    2.336  2.32   2.104  1.94   2.036  2.484  2.416  2.424
  2.348  2.108  2.148  2.12   2.252  2.236  1.748  2.3    2.284  2.112
  2.26   2.368  2.276  2.2    2.156  2.128  2.4    2.088  2.372  2.144
  2.188  2.22   2.276  2.296  2.328  2.388  2.352  2.332  2.088  1.956
  1.928  2.364  2.172  2.188  1.836  2.24   2.344  1.888  2.268  2.056
  1.884  2.024  1.9    2.184  2.276  1.872  2.08   2.044  2.288  1.872
  2.224  2.264  2.328  1.916  1.936  2.168  2.412  2.252  2.276  2.136
  2.308  2.088  2.316  2.404  2.288  2.192  1.584  2.396  2.296  2.38 ]","[-7.8081 -8.68   -7.284  -6.3761 -4.088  -3.688  -3.636  -2.416  -1.5041
  0.12    0.808  -1.3041  0.4759  0.12    0.62    0.28    0.728   1.176
  1.66    0.18    1.72    1.9     2.168   1.024   2.02    2.172   2.248
  0.436   2.3     2.184   1.728   2.2599  2.116   1.292   2.304   1.268
  0.2     1.276   1.5559  2.028   1.688   1.444   2.032   1.036   2.24
  1.8     2.08    2.168   2.272   1.8     1.7     2.36    2.396   1.664
  2.232   1.216   2.256   2.38    1.4     1.216   2.384   2.316   1.772
  0.796   1.824   2.308   1.6     1.752   2.356   2.368   2.248   2.352
  2.34    1.2399  1.3319  2.092   2.032   2.332   1.572   1.72    1.4399
  2.304   2.116   1.644   2.232   1.332   2.344   1.704   1.82    1.72
  2.072   2.172   1.476   2.304   2.304   2.236   1.304   2.28    1.632
  1.268   0.7479  1.708   2.284   2.244   1.62    1.368   1.692   1.756
  1.6     1.66    1.668   1.4079  1.772   1.472   1.312   1.308   2.092
  1.344   2.148   2.304   1.692   1.284   2.112   2.244   1.996   1.924
  2.264   1.432   1.64    2.064   1.808   1.692   1.552   1.296   2.144
  2.288   2.3     0.2359  1.532   1.72    0.96    1.3879  1.452   2.236
  2.208   1.648   1.712   2.004   2.34    1.504   1.3999  2.092   1.1839
  2.272   2.148   1.5759  1.352   2.152   1.408   1.148   0.7519  2.164
  2.2     2.176   2.144   1.792   1.416   1.672   1.58    2.104   1.9
  2.216   2.16    1.7639  1.72    2.152   2.236   2.196   1.72    1.056
  1.632   2.12    2.064   2.2     1.716   2.032   2.044   2.2     2.068
  1.6479  2.048   2.128   0.8919  1.796   1.1799  1.704   1.624   1.76
  1.472   1.64    1.348   1.548   2.128   2.196   0.952   2.008   1.42
  1.8     2.292   2.34    2.072   1.304   2.064   2.116   2.02    1.712
  1.336   0.9     2.128   2.228   1.784   1.8159  1.688   1.684   1.704
  2.188   1.948   1.516   2.236   1.884   1.764   2.188   2.168   1.816
  2.244   2.204   1.164   1.132   1.9959  1.58    1.732   0.988   2.268
  2.196   1.584   2.24    2.268   2.264   1.432   2.26    1.824   0.3079
  2.232   1.368   2.256   2.248   1.592   1.72    1.612   1.26    1.68
  0.972   2.196   1.852   1.72    1.116   1.7     1.376   1.176   2.228
  1.892   1.632   2.192   2.24    2.216   2.2079  2.0559  1.672   1.704
  2.284   1.5199  1.728   1.0719  2.28    1.716   0.196   1.768   1.684
  2.276   1.632   1.712   1.3679  1.696   2.2039  2.348   0.856   2.068
  1.396   2.22    2.0559  1.752   1.6959  2.176   2.2     1.628   2.188
  2.18    1.624   1.38    2.272   2.12    1.896   1.42    1.708   1.268
  2.036   2.068   1.0279  2.312   2.276   2.052   2.26    2.088   1.6919
  2.248   1.62    1.256   2.032   1.444   2.08    1.316   2.184   2.228
  1.252   1.68    2.14    1.676   1.996   2.1639  1.604   1.74    0.452
  1.46    2.06    1.6879  1.1919  1.624   2.1     1.368   1.492   2.02
  1.484   1.404   1.88    1.404   1.572   0.86    1.088   0.584   1.68
  1.396   1.6639  2.136   1.368   2.18    2.232   1.3     1.38    1.824
  2.2079  2.092   2.1     1.78    2.308   1.716   1.664   2.176   1.74
  2.084   1.8     1.744   2.036   1.768   0.752   0.86    2.176   1.652
  1.7639  1.572   1.716   2.056   2.184   1.7     1.812   0.564   1.212
  2.3     1.632   2.212   2.108   1.608   1.18    1.664   1.604   2.292
  2.332   2.14    0.9599  1.808   2.1199  1.6399  1.616   2.244  -0.032
  1.48    2.124   2.156   2.192   2.264   2.248   0.864   2.252   2.328
  2.0279  2.412   2.18    2.292   1.36    2.18    2.172   2.108   2.184
  2.328   2.372   1.652   1.628   2.008   1.124   2.028   2.324   1.696
  2.34    2.232   2.156   1.764   2.22    1.804   1.392   1.648   2.22
  1.4     1.6639  1.5559  2.272   1.644   0.892   2.192   1.272   1.704
  1.68    2.248   2.24    2.124   2.24    1.556   2.252   1.38    1.76
  2.084   2.344   1.7439  1.176   0.928   2.304   2.228   1.284   2.348
  2.184   1.3959  0.3559  0.352   1.9359  1.66    2.22    2.176   2.172
  1.712   2.3     1.752   2.22    1.472   2.252   1.612   2.34    1.536
  2.024   2.22    2.1039  1.556   2.252   1.272   1.644   1.744   1.664
  2.22    1.196   1.416   2.0759  2.172   1.656   2.344   1.648   1.596
  0.832   1.6359  1.656   1.588   2.276   2.032   2.288   1.168   2.316
  1.292   1.98    1.38    1.916   2.004   1.768   1.384   1.364   2.072
  1.24    2.276   1.82    1.472   1.244   1.6279  1.696   1.512   1.62
  2.304   1.024   2.1     2.368   2.276   2.156   1.692   2.18    1.236
  1.62    1.576   1.036   2.124   2.252   2.288   1.592   1.736   2.364
  2.304   2.108   2.212   1.188   1.728   2.384   1.792   2.42    2.244
  2.272   2.192   2.276   1.744   1.664   1.7799  2.164   2.212   2.112
  1.704   2.42    2.14    1.688   2.1399  1.116   1.544   2.22    1.308
  1.74    2.296   2.076   2.1999  1.6879  1.72    2.2759  1.792   2.376
  2.28    2.228   2.224   2.344   0.9359  1.692   2.336   1.764   1.464
  2.08    2.2319  1.472   2.028   2.084   2.172   1.672   2.176   2.168
  1.316   2.296   2.18    1.3639  2.136   1.7359  1.368   1.592   1.956
  1.664   2.2359  2.236   1.664   1.628   2.172   1.544   2.276   1.732
  1.524   0.82    1.928   1.8439  2.256   1.744   1.58    1.3959  2.236
  1.668   1.6     2.236   1.5     1.76    2.1399  2.184   0.756   1.336
  1.7     2.272   1.436   0.4759  2.176   2.244   1.684   2.168   2.044
  1.5439  1.608   1.208   2.224   1.248   2.108   1.408   1.952   2.192
  1.576   1.34    2.044   2.172   0.948   2.048   2.228   0.8759  1.628
  1.132   1.28    1.6839  1.532   1.692   2.304   0.856   2.236   2.096
  2.204   1.692   1.564   1.596   2.296   1.428   2.144   2.28    0.916
  1.752   1.044   1.384   1.648   1.276   1.664   1.504   1.268   1.596
  2.22    1.684   1.568   1.656   1.656   1.548   0.712   2.256   2.096
  2.24    1.216   1.648   2.132   2.364   2.304   1.9     1.636   2.148
  2.168   1.712   1.5479  1.728   2.1879  2.216   2.096   0.896   2.096
  1.48    2.28    1.088   2.228   1.328   2.292   1.692   2.044   2.124
  1.548   1.576   2.34    0.2719  1.1119  1.508   1.7079  1.3679  1.624
  2.292   1.6839  2.3     2.016   2.144   1.312   1.536   2.24    2.24
  1.9     2.112   1.668   2.072   0.144   2.184   1.568   2.052   2.136
  1.684   1.684   1.32    2.216   1.4079  1.716   1.54    2.176   1.78
  0.388   1.3     0.72    2.08    1.552   1.188   1.912   1.7     1.604
  2.196   2.156   2.176   2.208   2.18    1.076   1.58    1.6559  2.076
  2.276   0.772   2.068   2.28    2.124   1.432   1.6     2.116   0.512
  1.612   1.428   0.956   2.1     2.044   1.5959  2.128   2.184   1.572
  2.272   1.648   2.208   1.208   2.044   1.568   1.744   2.088   2.12
  1.704   2.192   2.288   1.66    2.252   1.596   2.056   1.664   1.236
  2.2639  0.936   1.3839  2.164   2.088   2.016   1.376   2.156   2.088
  1.776   2.244   1.676   2.076   1.612   1.332   2.344   2.24    1.564
  1.2     1.756   2.296   1.24    1.308   2.14    1.768   1.032   0.672
  1.5719  1.212   1.476   1.2959  2.192   1.684   2.044   2.068   1.712
  2.16    1.724   1.196   1.628   2.28    0.788   1.64    2.132   2.288
  1.76    1.648   1.4159  1.316   2.284   2.2     1.596   2.208   1.5
  1.592   2.132   2.1679  1.612   1.5039  2.184   2.196   2.272   2.172
  1.952   2.1199  1.28    2.08    2.292   2.02    2.      2.192   2.084
  1.612   1.744   2.2639  1.06    2.104   2.284   1.036   1.256   1.232
  2.288   1.58    2.252   0.424   1.4399  0.568   1.372   1.6479  2.032
  2.1959  2.312   2.2     2.164   2.22    2.164   1.656   1.3319  1.46
  2.368   2.324   2.312   2.072   1.672   1.672   1.664   1.784   2.056
  0.8119  2.176   2.132   1.652   2.02    2.276   2.132   1.756   1.652
  1.676   2.244   1.624   2.232   2.032   1.732   1.804   2.036   2.164
  2.184   2.28    2.212   2.184   1.556   1.308   1.44    2.244   1.72
  1.808   1.124   1.792   2.224   1.2639  2.108   1.608   1.28    1.404
  1.284   1.708   1.984   0.772   1.608   1.608   2.064   1.1599  2.08
  2.128   2.144   1.404   1.32    1.6959  2.304   2.128   2.16    1.5759
  2.196   1.6     2.2079  2.28    2.128   1.7     0.836   2.288   2.14
  2.264 ]","[-4.224  -5.7839 -3.3799 -1.9799 -0.46   -0.248  -0.2239  0.6     1.1201
  2.008   2.2001  1.296   2.312   1.9361  2.184   2.012   2.168   2.4881
  2.352   2.276   2.48    2.52    2.608   2.364   2.424   2.504   2.596
  2.536   2.572   2.42    2.456   2.604   2.376   2.364   2.548   2.4161
  2.3121  2.456   2.336   2.472   2.556   2.472   2.456   2.352   2.476
  2.644   2.616   2.58    2.572   2.624   2.632   2.608   2.624   2.528
  2.516   2.392   2.488   2.62    2.468   2.384   2.6     2.5961  2.46
  2.4961  2.592   2.572   2.436   2.552   2.584   2.588   2.604   2.588
  2.58    2.488   2.312   2.436   2.456   2.536   2.46    2.404   2.492
  2.4801  2.432   2.44    2.488   2.416   2.588   2.448   2.6     2.552
  2.436   2.452   2.46    2.532   2.616   2.584   2.588   2.584   2.424
  2.344   2.352   2.392   2.564   2.548   2.464   2.42    2.496   2.484
  2.488   2.46    2.4     2.432   2.524   2.34    2.38    2.368   2.54
  2.448   2.456   2.476   2.504   2.436   2.524   2.508   2.352   2.4
  2.48    2.492   2.388   2.368   2.52    2.512   2.3561  2.392   2.5241
  2.56    2.56    2.372   2.384   2.492   2.328   2.472   2.412   2.48
  2.504   2.532   2.448   2.36    2.56    2.336   2.436   2.496   2.428
  2.608   2.46    2.404   2.388   2.46    2.488   2.284   2.272   2.416
  2.468   2.52    2.452   2.472   2.36    2.504   2.408   2.536   2.42
  2.448   2.448   2.452   2.46    2.372   2.46    2.508   2.428   2.404
  2.404   2.46    2.504   2.3921  2.396   2.312   2.44    2.46    2.34
  2.456   2.3881  2.416   2.188   2.56    2.416   2.408   2.444   2.512
  2.492   2.436   2.44    2.352   2.42    2.504   2.312   2.5     2.532
  2.452   2.552   2.524   2.464   2.316   2.376   2.4     2.424   2.42
  2.452   2.284   2.46    2.472   2.504   2.548   2.476   2.42    2.468
  2.392   2.456   2.504   2.484   2.384   2.516   2.488   2.396   2.508
  2.532   2.448   2.36    2.296   2.512   2.324   2.46    2.292   2.508
  2.46    2.316   2.48    2.5001  2.456   2.352   2.496   2.592   2.308
  2.504   2.428   2.508   2.524   2.432   2.488   2.528   2.284   2.492
  2.232   2.484   2.34    2.5     2.412   2.46    2.404   2.196   2.488
  2.408   2.42    2.496   2.5     2.56    2.452   2.368   2.472   2.392
  2.532   2.336   2.456   2.412   2.46    2.552   2.312   2.284   2.432
  2.508   2.4     2.456   2.312   2.404   2.476   2.556   2.256   2.476
  2.444   2.5     2.416   2.48    2.512   2.46    2.5     2.416   2.496
  2.488   2.532   2.396   2.504   2.44    2.268   2.392   2.452   2.344
  2.384   2.484   2.32    2.536   2.516   2.348   2.492   2.368   2.448
  2.564   2.36    2.344   2.364   2.4561  2.444   2.352   2.472   2.468
  2.34    2.564   2.396   2.504   2.404   2.4761  2.404   2.52    2.3
  2.364   2.532   2.372   2.28    2.404   2.484   2.492   2.548   2.36
  2.308   2.4     2.584   2.456   2.42    2.504   2.18    2.372   2.528
  2.38    2.396   2.472   2.4761  2.416   2.476   2.364   2.432   2.556
  2.504   2.404   2.48    2.528   2.48    2.528   2.448   2.376   2.512
  2.404   2.468   2.488   2.52    2.508   2.432   2.48    2.452   2.396
  2.5     2.3     2.428   2.384   2.42    2.464   2.5     2.484   2.368
  2.504   2.488   2.424   2.424   2.38    2.268   2.448   2.336   2.52
  2.536   2.432   2.304   2.552   2.52    2.444   2.4     2.512   2.528
  2.344   2.492   2.4     2.424   2.46    2.504   2.352   2.5     2.516
  2.368   2.616   2.516   2.52    2.448   2.424   2.4361  2.528   2.5361
  2.528   2.564   2.468   2.472   2.428   2.472   2.496   2.552   2.5161
  2.54    2.432   2.444   2.492   2.468   2.38    2.372   2.48    2.424
  2.496   2.496   2.376   2.472   2.436   2.324   2.496   2.3321  2.496
  2.54    2.544   2.456   2.436   2.508   2.452   2.536   2.384   2.508
  2.372   2.604   2.484   2.348   2.284   2.512   2.468   2.468   2.616
  2.48    2.5     2.38    2.26    2.344   2.468   2.516   2.432   2.468
  2.432   2.512   2.536   2.508   2.452   2.516   2.436   2.604   2.356
  2.484   2.46    2.432   2.328   2.488   2.296   2.368   2.48    2.456
  2.48    2.312   2.492   2.492   2.416   2.436   2.552   2.412   2.4001
  2.452   2.328   2.448   2.38    2.516   2.364   2.524   2.284   2.52
  2.34    2.512   2.48    2.54    2.36    2.488   2.396   2.468   2.404
  2.344   2.464   2.456   2.344   2.368   2.372   2.464   2.436   2.38
  2.524   2.288   2.516   2.596   2.524   2.4     2.348   2.444   2.332
  2.42    2.38    2.312   2.452   2.468   2.496   2.352   2.432   2.596
  2.548   2.492   2.396   2.316   2.448   2.576   2.524   2.592   2.504
  2.528   2.46    2.484   2.528   2.456   2.504   2.396   2.512   2.416
  2.436   2.604   2.456   2.484   2.444   2.344   2.368   2.468   2.42
  2.472   2.532   2.456   2.504   2.444   2.508   2.516   2.476   2.54
  2.556   2.416   2.476   2.58    2.24    2.456   2.536   2.472   2.392
  2.352   2.504   2.336   2.412   2.368   2.456   2.464   2.528   2.444
  2.448   2.468   2.508   2.484   2.504   2.452   2.404   2.336   2.456
  2.444   2.488   2.456   2.5521  2.356   2.504   2.352   2.5     2.408
  2.328   2.38    2.284   2.536   2.4881  2.452   2.372   2.376   2.484
  2.484   2.336   2.432   2.344   2.472   2.436   2.428   2.156   2.416
  2.42    2.488   2.436   2.384   2.428   2.452   2.404   2.42    2.396
  2.296   2.428   2.376   2.436   2.504   2.464   2.468   2.276   2.404
  2.388   2.44    2.392   2.416   2.248   2.448   2.456   2.448   2.372
  2.484   2.308   2.488   2.4     2.432   2.492   2.468   2.456   2.468
  2.476   2.492   2.4     2.444   2.548   2.492   2.44    2.496   2.364
  2.464   2.448   2.448   2.468   2.32    2.408   2.332   2.3721  2.38
  2.44    2.404   2.312   2.3921  2.352   2.312   2.36    2.46    2.348
  2.424   2.4     2.38    2.476   2.536   2.476   2.416   2.408   2.432
  2.42    2.436   2.396   2.432   2.404   2.416   2.392   2.288   2.356
  2.3361  2.52    2.308   2.468   2.22    2.496   2.476   2.432   2.4
  2.368   2.448   2.504   2.116   2.3     2.364   2.468   2.416   2.388
  2.476   2.436   2.516   2.328   2.404   2.4     2.416   2.516   2.468
  2.464   2.444   2.42    2.408   2.3601  2.384   2.4     2.432   2.472
  2.384   2.436   2.424   2.42    2.288   2.424   2.32    2.428   2.512
  2.1081  2.392   2.172   2.36    2.432   2.292   2.384   2.4     2.3921
  2.504   2.512   2.44    2.448   2.4     2.272   2.32    2.408   2.388
  2.468   2.188   2.372   2.468   2.492   2.4     2.388   2.392   2.3121
  2.408   2.536   2.152   2.452   2.34    2.372   2.428   2.48    2.38
  2.488   2.42    2.44    2.32    2.372   2.344   2.492   2.4     2.352
  2.4161  2.484   2.512   2.452   2.504   2.412   2.384   2.4     2.34
  2.456   2.252   2.404   2.416   2.388   2.424   2.4241  2.44    2.368
  2.524   2.516   2.428   2.368   2.412   2.348   2.492   2.492   2.356
  2.292   2.444   2.604   2.276   2.424   2.424   2.36    2.24    2.1041
  2.408   2.376   2.404   2.436   2.4     2.472   2.368   2.352   2.408
  2.404   2.44    2.26    2.356   2.476   2.424   2.428   2.504   2.528
  2.408   2.408   2.444   2.38    2.5     2.44    2.376   2.404   2.396
  2.36    2.428   2.444   2.456   2.264   2.444   2.46    2.504   2.468
  2.376   2.36    2.416   2.368   2.508   2.444   2.388   2.412   2.436
  2.38    2.436   2.516   2.38    2.428   2.584   2.252   2.316   2.368
  2.532   2.316   2.456   2.364   2.476   2.368   2.436   2.4401  2.356
  2.392   2.52    2.468   2.428   2.452   2.4601  2.384   2.384   2.464
  2.596   2.512   2.532   2.536   2.364   2.444   2.432   2.5361  2.392
  2.372   2.412   2.424   2.42    2.424   2.464   2.412   2.456   2.484
  2.4     2.54    2.38    2.508   2.252   2.468   2.468   2.448   2.416
  2.46    2.5     2.48    2.464   2.44    2.424   2.272   2.48    2.448
  2.444   2.376   2.5081  2.464   2.352   2.408   2.348   2.332   2.46
  2.34    2.476   2.5     2.488   2.356   2.352   2.468   2.392   2.356
  2.388   2.492   2.292   2.388   2.46    2.508   2.368   2.376   2.496
  2.412   2.404   2.428   2.528   2.436   2.524   2.184   2.504   2.44
  2.496 ]"
1,A2,TMaze-DQN,"[     0    300    600    900   1200   1500   1800   2100   2400   2700
   3000   3300   3600   3900   4200   4500   4800   5100   5400   5700
   6000   6300   6600   6900   7200   7500   7800   8100   8400   8700
   9000   9300   9600   9900  10200  10500  10800  11100  11400  11700
  12000  12300  12600  12900  13200  13500  13800  14100  14400  14700
  15000  15300  15600  15900  16200  16500  16800  17100  17400  17700
  18000  18300  18600  18900  19200  19500  19800  20100  20400  20700
  21000  21300  21600  21900  22200  22500  22800  23100  23400  23700
  24000  24300  24600  24900  25200  25500  25800  26100  26400  26700
  27000  27300  27600  27900  28200  28500  28800  29100  29400  29700
  30000  30300  30600  30900  31200  31500  31800  32100  32400  32700
  33000  33300  33600  33900  34200  34500  34800  35100  35400  35700
  36000  36300  36600  36900  37200  37500  37800  38100  38400  38700
  39000  39300  39600  39900  40200  40500  40800  41100  41400  41700
  42000  42300  42600  42900  43200  43500  43800  44100  44400  44700
  45000  45300  45600  45900  46200  46500  46800  47100  47400  47700
  48000  48300  48600  48900  49200  49500  49800  50100  50400  50700
  51000  51300  51600  51900  52200  52500  52800  53100  53400  53700
  54000  54300  54600  54900  55200  55500  55800  56100  56400  56700
  57000  57300  57600  57900  58200  58500  58800  59100  59400  59700
  60000  60300  60600  60900  61200  61500  61800  62100  62400  62700
  63000  63300  63600  63900  64200  64500  64800  65100  65400  65700
  66000  66300  66600  66900  67200  67500  67800  68100  68400  68700
  69000  69300  69600  69900  70200  70500  70800  71100  71400  71700
  72000  72300  72600  72900  73200  73500  73800  74100  74400  74700
  75000  75300  75600  75900  76200  76500  76800  77100  77400  77700
  78000  78300  78600  78900  79200  79500  79800  80100  80400  80700
  81000  81300  81600  81900  82200  82500  82800  83100  83400  83700
  84000  84300  84600  84900  85200  85500  85800  86100  86400  86700
  87000  87300  87600  87900  88200  88500  88800  89100  89400  89700
  90000  90300  90600  90900  91200  91500  91800  92100  92400  92700
  93000  93300  93600  93900  94200  94500  94800  95100  95400  95700
  96000  96300  96600  96900  97200  97500  97800  98100  98400  98700
  99000  99300  99600  99900 100200 100500 100800 101100 101400 101700
 102000 102300 102600 102900 103200 103500 103800 104100 104400 104700
 105000 105300 105600 105900 106200 106500 106800 107100 107400 107700
 108000 108300 108600 108900 109200 109500 109800 110100 110400 110700
 111000 111300 111600 111900 112200 112500 112800 113100 113400 113700
 114000 114300 114600 114900 115200 115500 115800 116100 116400 116700
 117000 117300 117600 117900 118200 118500 118800 119100 119400 119700
 120000 120300 120600 120900 121200 121500 121800 122100 122400 122700
 123000 123300 123600 123900 124200 124500 124800 125100 125400 125700
 126000 126300 126600 126900 127200 127500 127800 128100 128400 128700
 129000 129300 129600 129900 130200 130500 130800 131100 131400 131700
 132000 132300 132600 132900 133200 133500 133800 134100 134400 134700
 135000 135300 135600 135900 136200 136500 136800 137100 137400 137700
 138000 138300 138600 138900 139200 139500 139800 140100 140400 140700
 141000 141300 141600 141900 142200 142500 142800 143100 143400 143700
 144000 144300 144600 144900 145200 145500 145800 146100 146400 146700
 147000 147300 147600 147900 148200 148500 148800 149100 149400 149700
 150000 150300 150600 150900 151200 151500 151800 152100 152400 152700
 153000 153300 153600 153900 154200 154500 154800 155100 155400 155700
 156000 156300 156600 156900 157200 157500 157800 158100 158400 158700
 159000 159300 159600 159900 160200 160500 160800 161100 161400 161700
 162000 162300 162600 162900 163200 163500 163800 164100 164400 164700
 165000 165300 165600 165900 166200 166500 166800 167100 167400 167700
 168000 168300 168600 168900 169200 169500 169800 170100 170400 170700
 171000 171300 171600 171900 172200 172500 172800 173100 173400 173700
 174000 174300 174600 174900 175200 175500 175800 176100 176400 176700
 177000 177300 177600 177900 178200 178500 178800 179100 179400 179700
 180000 180300 180600 180900 181200 181500 181800 182100 182400 182700
 183000 183300 183600 183900 184200 184500 184800 185100 185400 185700
 186000 186300 186600 186900 187200 187500 187800 188100 188400 188700
 189000 189300 189600 189900 190200 190500 190800 191100 191400 191700
 192000 192300 192600 192900 193200 193500 193800 194100 194400 194700
 195000 195300 195600 195900 196200 196500 196800 197100 197400 197700
 198000 198300 198600 198900 199200 199500 199800 200100 200400 200700
 201000 201300 201600 201900 202200 202500 202800 203100 203400 203700
 204000 204300 204600 204900 205200 205500 205800 206100 206400 206700
 207000 207300 207600 207900 208200 208500 208800 209100 209400 209700
 210000 210300 210600 210900 211200 211500 211800 212100 212400 212700
 213000 213300 213600 213900 214200 214500 214800 215100 215400 215700
 216000 216300 216600 216900 217200 217500 217800 218100 218400 218700
 219000 219300 219600 219900 220200 220500 220800 221100 221400 221700
 222000 222300 222600 222900 223200 223500 223800 224100 224400 224700
 225000 225300 225600 225900 226200 226500 226800 227100 227400 227700
 228000 228300 228600 228900 229200 229500 229800 230100 230400 230700
 231000 231300 231600 231900 232200 232500 232800 233100 233400 233700
 234000 234300 234600 234900 235200 235500 235800 236100 236400 236700
 237000 237300 237600 237900 238200 238500 238800 239100 239400 239700
 240000 240300 240600 240900 241200 241500 241800 242100 242400 242700
 243000 243300 243600 243900 244200 244500 244800 245100 245400 245700
 246000 246300 246600 246900 247200 247500 247800 248100 248400 248700
 249000 249300 249600 249900 250200 250500 250800 251100 251400 251700
 252000 252300 252600 252900 253200 253500 253800 254100 254400 254700
 255000 255300 255600 255900 256200 256500 256800 257100 257400 257700
 258000 258300 258600 258900 259200 259500 259800 260100 260400 260700
 261000 261300 261600 261900 262200 262500 262800 263100 263400 263700
 264000 264300 264600 264900 265200 265500 265800 266100 266400 266700
 267000 267300 267600 267900 268200 268500 268800 269100 269400 269700
 270000 270300 270600 270900 271200 271500 271800 272100 272400 272700
 273000 273300 273600 273900 274200 274500 274800 275100 275400 275700
 276000 276300 276600 276900 277200 277500 277800 278100 278400 278700
 279000 279300 279600 279900 280200 280500 280800 281100 281400 281700
 282000 282300 282600 282900 283200 283500 283800 284100 284400 284700
 285000 285300 285600 285900 286200 286500 286800 287100 287400 287700
 288000 288300 288600 288900 289200 289500 289800 290100 290400 290700
 291000 291300 291600 291900 292200 292500 292800 293100 293400 293700
 294000 294300 294600 294900 295200 295500 295800 296100 296400 296700
 297000 297300 297600 297900 298200 298500 298800 299100 299400 299700]","[-5.444e+00 -6.748e+00 -3.248e+00 -2.876e+00 -7.560e-01 -1.520e+00
 -8.120e-01 -5.920e-01 -1.156e+00 -7.360e-01  7.720e-01 -2.760e-01
  2.400e-01  2.840e-01  8.320e-01  2.960e-01  5.200e-02  6.960e-01
  6.400e-02  6.880e-01  2.440e-01  2.880e-01 -1.200e-01 -8.000e-03
  2.600e-01  4.520e-01  2.240e-01  6.800e-02 -3.520e-01  9.080e-01
  6.720e-01  9.600e-02  4.920e-01  4.000e-03  8.680e-01  2.600e-01
  6.880e-01  1.272e+00 -3.600e-02  5.200e-01  9.200e-02  8.520e-01
  6.880e-01  4.440e-01  5.040e-01  1.464e+00 -4.920e-01 -5.160e-01
  8.760e-01  8.800e-02  3.000e-01  6.680e-01  6.640e-01  5.200e-02
  8.520e-01 -1.200e-01 -3.080e-01 -3.200e-01  8.360e-01 -4.640e-01
 -1.320e-01  7.960e-01  8.720e-01  8.960e-01  8.800e-01  8.560e-01
  1.036e+00 -1.400e-01  6.800e-01  1.252e+00  8.400e-02  7.600e-02
  8.680e-01  5.000e-01  2.120e-01  4.800e-01 -3.240e-01 -5.160e-01
  9.120e-01  4.920e-01  6.000e-02  9.000e-01  4.360e-01  7.160e-01
  8.680e-01  5.080e-01  6.480e-01 -9.400e-01 -9.400e-01 -1.600e-01
  1.296e+00  1.252e+00  5.120e-01  4.960e-01 -5.240e-01  3.280e-01
  8.840e-01  5.000e-01  2.360e-01  7.600e-02  5.040e-01  4.600e-01
 -3.320e-01 -1.480e-01  8.800e-02  1.260e+00  4.400e-02 -1.640e-01
  8.000e-02  2.720e-01  2.840e-01  8.880e-01  1.160e-01  1.296e+00
  4.840e-01  6.680e-01  6.880e-01 -5.200e-01 -3.240e-01 -1.440e-01
  2.920e-01  7.200e-02  8.800e-01  9.200e-02 -3.280e-01  2.120e-01
  6.880e-01  3.080e-01  2.320e-01 -7.360e-01  2.680e-01  7.040e-01
  2.680e-01  5.120e-01  2.080e-01  9.600e-02  2.720e-01  6.520e-01
  3.080e-01  1.076e+00  1.060e+00  6.320e-01  5.040e-01 -8.400e-02
 -1.120e-01  4.240e-01  6.800e-01 -8.800e-02  5.080e-01  9.160e-01
 -1.880e-01 -1.000e-01  6.800e-02  8.240e-01  1.228e+00  4.600e-01
 -1.400e-01 -3.160e-01  1.304e+00  1.056e+00  6.880e-01  4.880e-01
  6.160e-01  2.600e-01 -3.120e-01  1.844e+00 -5.240e-01 -5.680e-01
  4.520e-01  5.200e-02  4.360e-01 -3.640e-01  6.600e-01  1.284e+00
 -9.320e-01  4.760e-01  8.600e-01  8.800e-01  7.200e-02  2.600e-01
  3.600e-02 -3.200e-01  2.920e-01  7.200e-02  4.560e-01 -1.920e-01
  6.600e-01  4.640e-01 -3.440e-01  8.400e-02  4.240e-01  4.520e-01
  5.080e-01  3.600e-02  6.640e-01  1.500e+00  1.100e+00  9.080e-01
 -3.880e-01  2.920e-01  4.440e-01 -3.520e-01  1.312e+00  4.320e-01
  1.484e+00  1.128e+00  8.920e-01  6.600e-01 -3.040e-01  1.444e+00
  2.880e-01  1.260e+00  4.480e-01  8.920e-01  4.240e-01  7.320e-01
 -3.560e-01 -1.240e-01  2.360e-01 -2.840e-01  8.840e-01  1.464e+00
  1.276e+00  4.360e-01 -1.200e-01  8.360e-01 -3.400e-01  6.840e-01
 -3.480e-01  8.880e-01  6.800e-01  5.080e-01 -1.680e-01 -9.200e-02
  8.280e-01 -5.280e-01  2.320e-01 -1.680e-01  1.320e-01  5.000e-01
  1.072e+00  4.160e-01  5.160e-01  4.520e-01  8.960e-01  4.400e-01
  2.680e-01  8.680e-01  2.680e-01  8.640e-01  1.204e+00  1.420e+00
  5.200e-02  4.440e-01  6.800e-02  1.040e+00  8.800e-01 -3.600e-01
 -1.280e-01 -5.440e-01  6.920e-01  4.800e-01  8.000e-02 -1.240e-01
 -1.240e-01  2.280e-01  6.680e-01  2.760e-01  4.800e-01 -7.440e-01
  1.040e-01  2.360e-01  2.680e-01  1.500e+00  2.760e-01  5.280e-01
  6.760e-01  2.880e-01  4.720e-01  2.840e-01  2.640e-01  6.640e-01
  2.560e-01  4.880e-01  4.960e-01  8.000e-02  4.480e-01 -4.880e-01
  6.560e-01 -1.160e-01  7.040e-01  8.640e-01  2.720e-01 -1.000e-01
  3.000e-01 -7.040e-01  4.400e-01  2.480e-01  2.360e-01  2.720e-01
  4.920e-01  5.200e-02  5.320e-01  2.680e-01 -5.280e-01  4.920e-01
 -1.400e-01 -1.200e-01  6.000e-02  6.320e-01  1.464e+00  8.760e-01
  2.840e-01  4.960e-01  2.600e-01 -7.360e-01 -1.360e-01  1.240e+00
 -3.280e-01 -4.840e-01  2.440e-01  8.880e-01  4.400e-01  4.840e-01
  1.684e+00  9.600e-02 -5.360e-01  1.264e+00  6.800e-01  1.456e+00
  9.240e-01 -1.240e-01  8.880e-01 -2.920e-01  2.640e-01  2.480e-01
  7.600e-02  6.600e-01  8.960e-01 -1.308e+00  4.240e-01 -1.400e-01
  2.520e-01  8.920e-01  7.040e-01  1.080e+00  6.480e-01 -1.000e-01
  1.160e-01  7.000e-01  4.800e-01  1.276e+00  8.160e-01  4.800e-01
 -1.480e-01  6.480e-01 -1.480e-01  1.044e+00  2.720e-01  8.320e-01
  5.040e-01  4.800e-02  9.120e-01 -1.400e-01  4.320e-01  2.400e-01
  1.000e-01  1.264e+00  2.920e-01 -1.240e-01 -5.280e-01  4.360e-01
  8.160e-01  2.520e-01  4.240e-01  4.760e-01  4.000e-01  9.200e-01
  8.120e-01 -1.440e-01  6.280e-01 -9.760e-01  1.036e+00  2.880e-01
  8.440e-01  3.600e-02  2.600e-01 -3.520e-01  5.040e-01  2.800e-01
  4.200e-01  5.600e-02 -5.000e-01  1.504e+00  6.960e-01  3.280e-01
 -4.120e-01  8.840e-01  8.400e-02  5.120e-01  2.920e-01 -7.840e-01
  6.000e-02 -3.280e-01 -3.440e-01  9.600e-02  5.880e-01  1.484e+00
  2.400e-01  4.400e-02  1.000e-01  1.060e+00  4.720e-01  6.560e-01
  1.060e+00 -3.880e-01  8.000e-02  6.760e-01  4.720e-01  3.080e-01
  9.000e-01 -1.360e-01  2.600e-01  1.300e+00  7.200e-02  4.920e-01
  2.800e-01  4.600e-01  6.800e-01  1.612e+00  6.120e-01  8.800e-01
  2.120e-01  1.072e+00 -5.040e-01  4.880e-01  8.440e-01  6.840e-01
  3.000e-01  2.960e-01  1.088e+00  1.288e+00 -3.240e-01  3.160e-01
  6.880e-01 -5.280e-01 -5.480e-01  3.000e-01  8.800e-01  7.000e-01
  4.600e-01 -5.360e-01 -3.280e-01  6.560e-01 -7.480e-01 -3.640e-01
 -1.240e-01 -8.400e-02 -6.280e-01  5.000e-01  3.200e-01  7.200e-02
  8.640e-01  4.760e-01  8.760e-01  9.200e-02  4.960e-01  5.040e-01
 -9.200e-02  8.320e-01 -1.720e-01  3.600e-02  2.560e-01  8.840e-01
  4.320e-01  2.840e-01  8.600e-01  8.000e-02  8.880e-01  6.560e-01
  2.760e-01  2.960e-01  6.880e-01  3.000e-01  4.920e-01  6.640e-01
  2.560e-01  2.560e-01  1.064e+00  7.400e-01  8.680e-01  6.800e-01
  1.468e+00  4.640e-01  8.680e-01 -1.400e-01  4.680e-01  1.160e-01
  9.120e-01 -1.092e+00  4.920e-01 -9.600e-02  8.400e-02  1.600e-02
 -1.360e-01  6.800e-01  4.440e-01 -1.000e-01  6.600e-01  9.600e-02
  2.480e-01  8.560e-01  9.360e-01  2.800e-01  8.400e-01  2.720e-01
  2.560e-01  2.680e-01  8.880e-01 -5.160e-01  8.600e-01  1.652e+00
  2.880e-01 -3.160e-01 -1.148e+00  7.200e-02 -5.600e-01  1.228e+00
  2.440e-01  5.040e-01  4.280e-01 -1.840e-01  4.560e-01  4.960e-01
  6.880e-01  1.436e+00  6.000e-02  6.480e-01  8.000e-02  1.312e+00
  8.440e-01  1.680e+00  9.080e-01 -5.920e-01  8.400e-01 -3.760e-01
 -1.160e-01  6.400e-02 -8.240e-01  2.760e-01 -1.680e-01  1.056e+00
 -1.840e-01  4.120e-01 -1.120e-01  1.052e+00  2.680e-01 -1.480e-01
 -1.640e-01  7.200e-02 -7.880e-01  5.080e-01  1.016e+00  1.040e-01
 -1.520e-01  1.080e-01  6.800e-01  1.028e+00  1.256e+00  7.600e-02
  2.880e-01  6.640e-01 -1.520e-01  2.680e-01 -9.200e-01 -1.720e-01
  8.400e-02 -5.040e-01  8.720e-01  6.800e-01  8.760e-01  6.600e-01
 -3.480e-01 -3.480e-01  1.688e+00 -1.344e+00 -1.320e-01 -1.600e-01
  6.000e-02  4.920e-01  1.068e+00  6.720e-01  1.260e+00  1.060e+00
  1.256e+00  2.560e-01  8.880e-01  3.480e-01  3.000e-01  3.000e-01
 -1.480e-01  1.308e+00 -1.400e-01  2.360e-01  1.240e-01  7.960e-01
  2.240e-01  2.360e-01  9.040e-01  2.800e-01  8.920e-01  2.480e-01
  4.480e-01 -3.360e-01  6.800e-02  1.076e+00  2.720e-01  1.120e-01
  1.000e-01  4.480e-01 -1.000e-01  6.640e-01  8.520e-01  3.000e-01
  5.040e-01  2.520e-01  4.800e-02  4.760e-01 -1.080e-01  4.720e-01
  8.760e-01  1.000e-01  5.080e-01  6.480e-01  4.920e-01  6.800e-02
  2.280e-01  2.480e-01  2.800e-02 -3.560e-01  2.840e-01  1.000e-01
  7.200e-02  4.400e-01  1.300e+00 -1.600e-01  4.560e-01  2.400e-01
  2.960e-01 -1.560e-01  1.048e+00  3.360e-01  3.040e-01  7.920e-01
  2.800e-02  2.960e-01  6.480e-01 -1.360e-01  4.600e-01  4.400e-01
 -1.560e-01 -1.720e-01  2.120e-01  1.060e+00  4.680e-01 -1.240e-01
 -7.480e-01 -9.560e-01  4.400e-01  6.800e-01  6.680e-01  4.800e-02
  9.000e-01  5.160e-01  1.384e+00  4.800e-02  5.000e-01  6.480e-01
 -1.120e-01 -1.520e-01  5.600e-02 -2.920e-01 -1.600e-01  7.280e-01
  6.960e-01  6.960e-01 -3.240e-01  1.084e+00  4.720e-01  2.680e-01
 -1.080e-01  4.800e-02  6.000e-02 -1.320e-01  2.440e-01 -5.400e-01
  2.440e-01  1.276e+00  6.920e-01  6.920e-01  4.800e-01  2.680e-01
  3.080e-01  2.320e-01  4.400e-01  6.440e-01 -5.120e-01  2.400e-01
 -1.360e-01  4.920e-01  8.960e-01  8.800e-01  2.720e-01  7.600e-02
  1.472e+00 -1.480e-01 -5.120e-01  2.680e-01  8.480e-01  2.480e-01
  3.960e-01  2.640e-01  6.640e-01  8.840e-01  6.240e-01 -3.520e-01
  4.560e-01 -5.400e-01  2.960e-01  8.800e-01  1.304e+00  6.760e-01
  2.760e-01  6.920e-01 -2.960e-01  1.040e-01  8.000e-02  1.512e+00
  2.800e-01  2.800e-01  8.400e-01  6.440e-01  7.000e-01 -7.320e-01
  6.680e-01  3.120e-01  9.200e-02  1.212e+00  4.880e-01  8.600e-01
  2.520e-01  7.120e-01  2.280e-01 -8.800e-02  1.088e+00 -3.120e-01
  6.440e-01  5.080e-01  2.920e-01  2.640e-01 -1.480e-01  6.000e-02
 -7.560e-01  3.680e-01  2.440e-01 -8.720e-01  1.320e+00  6.600e-01
  4.480e-01  1.292e+00  9.040e-01  1.284e+00  2.520e-01 -1.000e-01
  7.600e-02  8.600e-01  3.000e-01  1.088e+00 -3.160e-01  8.760e-01
  4.760e-01  1.048e+00  9.240e-01  4.800e-01  2.560e-01  8.760e-01
  1.060e+00  8.400e-01  4.800e-02  5.800e-01 -4.000e-03  4.960e-01
  4.400e-02  4.400e-02  6.840e-01  4.800e-01  6.920e-01  2.960e-01
  5.600e-02  6.520e-01  6.920e-01 -1.280e-01  4.400e-02  9.040e-01
  8.720e-01  4.800e-01  4.840e-01  8.720e-01  2.680e-01  2.800e-02
  4.880e-01  8.680e-01  6.880e-01  4.560e-01  4.960e-01  4.000e-02
  4.400e-02  6.880e-01 -7.600e-01 -3.400e-01  4.000e-01 -3.360e-01
  1.276e+00 -1.040e-01  6.840e-01  5.040e-01  2.800e-01 -5.760e-01
  6.560e-01  1.160e-01  2.600e-01  2.000e-01 -3.400e-01 -3.120e-01
  4.960e-01  2.680e-01 -7.160e-01  2.000e-01  1.040e-01  7.120e-01
  2.880e-01  6.800e-02  1.048e+00  1.440e+00  4.200e-01 -3.080e-01
  5.600e-02  6.400e-02  8.560e-01  6.720e-01  9.200e-02  6.280e-01
  5.200e-02 -4.960e-01  6.800e-01 -1.240e-01  4.920e-01 -7.680e-01
  2.880e-01 -2.000e-02  6.840e-01  1.440e+00  8.680e-01  9.000e-01
  6.760e-01  2.000e-02  1.120e-01  1.020e+00  1.060e+00  9.200e-02
  6.920e-01  6.600e-01  6.120e-01  4.720e-01  7.200e-02  9.600e-02
  4.640e-01  2.440e-01  1.124e+00  5.200e-01  6.400e-01  2.720e-01
  8.760e-01 -8.400e-02  2.760e-01  1.160e-01  8.800e-02  2.560e-01
  8.800e-02 -5.400e-01  6.920e-01  1.320e-01  6.600e-01 -5.040e-01
  9.600e-02  1.328e+00  6.880e-01  6.920e-01  4.000e-01  8.400e-02
  4.480e-01 -3.280e-01  4.800e-02  6.760e-01 -3.200e-01  4.280e-01
  8.880e-01  1.200e-02  1.024e+00 -3.640e-01  1.088e+00  6.080e-01
 -7.360e-01  2.800e-01 -5.640e-01  6.920e-01 -1.400e-01 -5.280e-01
  3.000e-01 -1.320e-01  4.480e-01  3.320e-01  5.880e-01  7.600e-02
  1.200e-01 -3.800e-01  4.640e-01  2.680e-01  6.840e-01  2.720e-01
 -1.040e-01 -1.760e-01  5.600e-02  8.960e-01  2.720e-01  8.440e-01
  5.000e-01  7.120e-01  4.680e-01 -1.360e-01  6.000e-02  9.600e-02
  9.040e-01  3.200e-02  9.000e-01  1.072e+00 -8.000e-03  6.520e-01
 -4.880e-01  2.480e-01  3.360e-01  2.720e-01 -1.120e-01  2.000e-01
  4.640e-01  8.560e-01  8.400e-01  8.920e-01  4.880e-01  6.280e-01
  6.800e-02  1.052e+00  2.960e-01  2.800e-01  2.880e-01  6.800e-02
 -1.320e-01  4.400e-02  8.680e-01 -1.400e-01  8.960e-01  7.360e-01
  8.440e-01  7.200e-02  6.320e-01  8.400e-01  7.240e-01  1.252e+00
  8.160e-01  5.200e-02  6.400e-01  8.120e-01  2.800e-02  5.000e-01
  4.000e-01  1.040e-01  6.280e-01  6.640e-01  2.200e-01  2.480e-01
  6.760e-01  1.272e+00  8.760e-01  1.052e+00  6.680e-01  4.960e-01
  4.760e-01  9.600e-02  9.600e-02  1.284e+00]","[-7.49200000e+00 -8.48800000e+00 -5.17600000e+00 -4.96810000e+00
 -2.86800000e+00 -3.32000000e+00 -2.34000000e+00 -2.21600000e+00
 -2.45610000e+00 -2.04010000e+00 -5.00000000e-01 -1.15200000e+00
 -7.52100000e-01 -7.36000000e-01 -1.60000000e-01 -7.12000000e-01
 -9.44000000e-01 -2.96100000e-01 -9.24000000e-01 -3.12000000e-01
 -7.52000000e-01 -7.24000000e-01 -1.09600000e+00 -9.24100000e-01
 -7.16000000e-01 -5.60000000e-01 -7.64000000e-01 -9.20000000e-01
 -1.29210000e+00 -9.60000000e-02 -3.48000000e-01 -8.96000000e-01
 -5.00000000e-01 -9.80000000e-01 -1.08100000e-01 -7.28000000e-01
 -3.08000000e-01  2.92000000e-01 -1.25600000e+00 -4.84000000e-01
 -9.12000000e-01 -1.48000000e-01 -3.08000000e-01 -5.52000000e-01
 -4.96000000e-01  5.79900000e-01 -1.31610000e+00 -1.33200000e+00
 -1.40000000e-01 -9.20000000e-01 -7.00000000e-01 -3.08000000e-01
 -3.64100000e-01 -9.40000000e-01 -1.72000000e-01 -1.08810000e+00
 -1.30400000e+00 -1.28400000e+00 -1.64000000e-01 -1.34400000e+00
 -1.11200000e+00 -2.00000000e-01 -1.00000000e-01 -1.00000000e-01
 -9.20000000e-02 -1.40000000e-01  1.19000000e-02 -1.14400000e+00
 -3.00000000e-01  2.68000000e-01 -9.16000000e-01 -9.16000000e-01
 -1.44000000e-01 -4.96000000e-01 -8.16000000e-01 -4.92000000e-01
 -1.30400000e+00 -1.40000000e+00 -8.00000000e-02 -4.96000000e-01
 -9.56000000e-01 -1.04000000e-01 -5.76000000e-01 -2.80000000e-01
 -1.24000000e-01 -4.96000000e-01 -3.40000000e-01 -1.74800000e+00
 -1.76000000e+00 -1.15600000e+00  2.80000000e-01  2.72000000e-01
 -4.84000000e-01 -5.04100000e-01 -1.44800000e+00 -6.84000000e-01
 -1.24000000e-01 -4.96000000e-01 -7.48000000e-01 -9.24000000e-01
 -5.04000000e-01 -5.44000000e-01 -1.32000000e+00 -1.15200000e+00
 -9.04000000e-01  2.72000000e-01 -9.76000000e-01 -1.12410000e+00
 -9.24000000e-01 -7.12000000e-01 -7.16000000e-01 -1.08000000e-01
 -8.80000000e-01  2.84000000e-01 -5.16000000e-01 -3.28000000e-01
 -3.12000000e-01 -1.35600000e+00 -1.29200000e+00 -1.11200000e+00
 -7.08000000e-01 -9.08000000e-01 -1.12000000e-01 -9.12000000e-01
 -1.30010000e+00 -8.28000000e-01 -2.92000000e-01 -7.00000000e-01
 -7.76000000e-01 -1.53600000e+00 -7.32000000e-01 -3.00000000e-01
 -7.44000000e-01 -4.88000000e-01 -7.80000000e-01 -9.00000000e-01
 -7.08000000e-01 -3.72000000e-01 -6.80000000e-01  7.60000000e-02
  8.80000000e-02 -3.56000000e-01 -5.04000000e-01 -1.06000000e+00
 -1.10400000e+00 -5.72000000e-01 -3.16000000e-01 -1.08000000e+00
 -5.00000000e-01 -6.40000000e-02 -1.17610000e+00 -1.09200000e+00
 -9.24000000e-01 -1.80000000e-01  2.08000000e-01 -5.24000000e-01
 -1.12400000e+00 -1.28810000e+00  2.96000000e-01  6.00000000e-02
 -3.12000000e-01 -5.00000000e-01 -4.04100000e-01 -7.36000000e-01
 -1.18840000e+00  9.92000000e-01 -1.36400000e+00 -1.39600000e+00
 -5.24100000e-01 -9.52000000e-01 -5.84000000e-01 -1.35210000e+00
 -3.48000000e-01  2.88000000e-01 -1.74000000e+00 -5.48000000e-01
 -1.64000000e-01 -1.12000000e-01 -9.20000000e-01 -7.64000000e-01
 -9.60000000e-01 -1.29200000e+00 -7.00000000e-01 -9.08000000e-01
 -5.24000000e-01 -1.16400000e+00 -3.48100000e-01 -5.40000000e-01
 -1.33200000e+00 -9.36000000e-01 -5.68000000e-01 -5.48000000e-01
 -5.12000000e-01 -9.64100000e-01 -3.32000000e-01  6.59900000e-01
  7.59000000e-02 -7.60000000e-02 -1.36800000e+00 -7.08000000e-01
 -5.56000000e-01 -1.30000000e+00  3.24000000e-01 -5.76000000e-01
  5.08000000e-01  1.44000000e-01 -1.24000000e-01 -3.44100000e-01
 -1.28000000e+00  4.72000000e-01 -7.12000000e-01  2.96000000e-01
 -5.36000000e-01 -1.28000000e-01 -5.84000000e-01 -2.60000000e-01
 -1.32000000e+00 -1.11600000e+00 -7.56000000e-01 -1.26400000e+00
 -1.16100000e-01  5.00000000e-01  2.88000000e-01 -5.72000000e-01
 -1.08800000e+00 -1.80000000e-01 -1.20400000e+00 -3.12000000e-01
 -1.29220000e+00 -1.08000000e-01 -3.28000000e-01 -5.24000000e-01
 -1.16400000e+00 -1.08400000e+00 -1.80000000e-01 -1.34800000e+00
 -7.76000000e-01 -1.14000000e+00 -8.72000000e-01 -4.96000000e-01
  6.40000000e-02 -5.80100000e-01 -5.08000000e-01 -5.72000000e-01
 -1.08000000e-01 -5.72100000e-01 -7.04000000e-01 -1.28000000e-01
 -7.24000000e-01 -1.36100000e-01  1.92000000e-01  4.56000000e-01
 -9.44000000e-01 -5.48100000e-01 -9.24000000e-01  4.40000000e-02
 -1.16000000e-01 -1.33200000e+00 -1.10800000e+00 -1.36800000e+00
 -3.12000000e-01 -5.12000000e-01 -8.96000000e-01 -1.10000000e+00
 -1.10000000e+00 -7.76000000e-01 -3.32000000e-01 -7.44000000e-01
 -5.52000000e-01 -1.57200000e+00 -8.72000000e-01 -7.56000000e-01
 -7.28000000e-01  4.96000000e-01 -7.44000000e-01 -4.76000000e-01
 -3.28000000e-01 -6.88000000e-01 -5.24100000e-01 -7.04000000e-01
 -7.24000000e-01 -3.24000000e-01 -7.24000000e-01 -5.20000000e-01
 -4.96000000e-01 -9.08000000e-01 -5.52000000e-01 -1.33200000e+00
 -3.48000000e-01 -1.09200000e+00 -3.08000000e-01 -1.44000000e-01
 -6.88000000e-01 -1.09600000e+00 -6.88000000e-01 -1.52400000e+00
 -5.76100000e-01 -7.80000000e-01 -7.84000000e-01 -7.20000000e-01
 -5.12000000e-01 -9.36000000e-01 -4.80000000e-01 -7.36100000e-01
 -1.38010000e+00 -4.96000000e-01 -1.11600000e+00 -1.13600000e+00
 -9.16000000e-01 -3.48000000e-01  4.84000000e-01 -1.28000000e-01
 -7.16000000e-01 -5.00000000e-01 -7.24000000e-01 -1.56000000e+00
 -1.12400000e+00  2.84000000e-01 -1.30000000e+00 -1.33600000e+00
 -7.44000000e-01 -1.16000000e-01 -5.64000000e-01 -5.32000000e-01
  8.47900000e-01 -9.00000000e-01 -1.34800000e+00  3.00000000e-01
 -3.16000000e-01  5.08000000e-01 -7.60000000e-02 -1.10800000e+00
 -1.24000000e-01 -1.24400000e+00 -7.44000000e-01 -7.44000000e-01
 -9.24000000e-01 -3.36000000e-01 -1.12000000e-01 -1.94400000e+00
 -5.64000000e-01 -1.13600000e+00 -7.36100000e-01 -1.24000000e-01
 -3.08000000e-01  7.20000000e-02 -3.36000000e-01 -1.08000000e+00
 -9.00000000e-01 -3.00000000e-01 -5.16000000e-01  2.80000000e-01
 -1.88000000e-01 -5.44000000e-01 -1.10800000e+00 -3.12100000e-01
 -1.13200000e+00  6.80000000e-02 -7.32000000e-01 -1.88000000e-01
 -5.00000000e-01 -9.28100000e-01 -9.20000000e-02 -1.12800000e+00
 -5.48000000e-01 -7.92000000e-01 -8.88000000e-01  2.84000000e-01
 -7.04000000e-01 -1.11600000e+00 -1.38400000e+00 -5.68000000e-01
 -1.68000000e-01 -7.64000000e-01 -5.64100000e-01 -5.24000000e-01
 -5.80000000e-01 -8.00000000e-02 -1.76000000e-01 -1.13200000e+00
 -3.48000000e-01 -1.77200000e+00  1.60000000e-02 -7.08000000e-01
 -1.48000000e-01 -9.64000000e-01 -7.44100000e-01 -1.30400000e+00
 -5.12000000e-01 -7.04000000e-01 -5.88000000e-01 -9.48000000e-01
 -1.45600000e+00  5.24000000e-01 -2.92100000e-01 -6.68000000e-01
 -1.38410000e+00 -1.20000000e-01 -9.04000000e-01 -4.80000000e-01
 -7.08000000e-01 -1.61600000e+00 -9.44000000e-01 -1.25270000e+00
 -1.31200000e+00 -9.00000000e-01 -4.00000000e-01  4.88000000e-01
 -7.72000000e-01 -9.48000000e-01 -9.00000000e-01  6.80000000e-02
 -5.48000000e-01 -3.64000000e-01  5.20000000e-02 -1.36800000e+00
 -9.04000000e-01 -3.32000000e-01 -5.00000000e-01 -7.04000000e-01
 -1.08000000e-01 -1.12800000e+00 -7.40000000e-01  2.96000000e-01
 -9.32000000e-01 -4.96000000e-01 -7.20000000e-01 -5.12000000e-01
 -3.32000000e-01  7.40000000e-01 -4.08000000e-01 -1.36000000e-01
 -7.84000000e-01  8.40000000e-02 -1.34000000e+00 -5.08000000e-01
 -1.48000000e-01 -3.16000000e-01 -7.12000000e-01 -7.12000000e-01
  8.40000000e-02  3.20000000e-01 -1.30000000e+00 -6.84000000e-01
 -3.20000000e-01 -1.37600000e+00 -1.39200000e+00 -7.00000000e-01
 -1.16000000e-01 -2.92000000e-01 -5.32000000e-01 -1.35600000e+00
 -1.29200000e+00 -3.64000000e-01 -1.59200000e+00 -1.28810000e+00
 -1.12800000e+00 -1.06800000e+00 -1.48400000e+00 -5.08000000e-01
 -6.92000000e-01 -9.08000000e-01 -1.32000000e-01 -5.44000000e-01
 -1.28000000e-01 -8.92000000e-01 -4.96000000e-01 -4.84000000e-01
 -1.07600000e+00 -1.52000000e-01 -1.17200000e+00 -9.80000000e-01
 -7.28000000e-01 -1.32000000e-01 -5.72000000e-01 -7.40000000e-01
 -1.56000000e-01 -9.08100000e-01 -1.28000000e-01 -3.44000000e-01
 -7.52000000e-01 -6.92100000e-01 -3.28100000e-01 -6.96000000e-01
 -5.08000000e-01 -3.40000000e-01 -7.20000000e-01 -7.36000000e-01
  6.80000000e-02 -2.60000000e-01 -1.36000000e-01 -3.08000000e-01
  4.79900000e-01 -5.48000000e-01 -1.40000000e-01 -1.10400000e+00
 -5.16000000e-01 -8.84000000e-01 -8.00000000e-02 -1.88000000e+00
 -4.88000000e-01 -1.08000000e+00 -9.12000000e-01 -9.60000000e-01
 -1.12400000e+00 -2.96100000e-01 -5.32000000e-01 -1.08410000e+00
 -3.44000000e-01 -9.12000000e-01 -7.68000000e-01 -1.24000000e-01
 -8.40000000e-02 -7.40000000e-01 -1.64000000e-01 -7.20000000e-01
 -7.24000000e-01 -7.24000000e-01 -9.60000000e-02 -1.35200000e+00
 -1.24000000e-01  7.84000000e-01 -7.12000000e-01 -1.28800000e+00
 -1.91200000e+00 -9.16000000e-01 -1.40400000e+00  2.59900000e-01
 -7.32000000e-01 -5.04000000e-01 -5.68000000e-01 -1.18000000e+00
 -5.44000000e-01 -5.00100000e-01 -2.96100000e-01  4.60000000e-01
 -9.04000000e-01 -3.24000000e-01 -9.08000000e-01  3.20000000e-01
 -1.56000000e-01  8.36000000e-01 -1.12100000e-01 -1.42400000e+00
 -1.60000000e-01 -1.35200000e+00 -1.10000000e+00 -9.28000000e-01
 -1.67200000e+00 -7.12000000e-01 -1.14800000e+00  6.80000000e-02
 -1.15600000e+00 -6.00000000e-01 -1.10000000e+00  6.40000000e-02
 -7.12000000e-01 -1.12810000e+00 -1.16400000e+00 -9.28000000e-01
 -1.61600000e+00 -5.04000000e-01 -3.55271368e-17 -8.80000000e-01
 -1.12000000e+00 -8.96000000e-01 -3.32100000e-01  2.40000000e-02
  3.00000000e-01 -9.08000000e-01 -7.16000000e-01 -3.16000000e-01
 -1.14000000e+00 -7.32000000e-01 -1.72000000e+00 -1.17210000e+00
 -9.16000000e-01 -1.32800000e+00 -1.16000000e-01 -3.44000000e-01
 -1.20000000e-01 -3.48100000e-01 -1.30400000e+00 -1.32010000e+00
  8.32000000e-01 -1.97600000e+00 -1.09600000e+00 -1.16000000e+00
 -9.28000000e-01 -5.00000000e-01  6.80000000e-02 -3.48000000e-01
  2.60000000e-01  7.60000000e-02  2.88000000e-01 -7.40000000e-01
 -1.12000000e-01 -6.64000000e-01 -7.00000000e-01 -6.96000000e-01
 -1.11600000e+00  3.24000000e-01 -1.16400000e+00 -7.60000000e-01
 -8.80000000e-01 -2.16000000e-01 -7.56100000e-01 -7.64000000e-01
 -1.08000000e-01 -7.16000000e-01 -1.28100000e-01 -7.48000000e-01
 -5.44100000e-01 -1.30400000e+00 -9.44000000e-01  9.19000000e-02
 -7.04000000e-01 -8.76000000e-01 -9.00000000e-01 -5.20000000e-01
 -1.08000000e+00 -3.56000000e-01 -1.72000000e-01 -7.04000000e-01
 -5.08000000e-01 -7.48000000e-01 -9.52100000e-01 -5.36000000e-01
 -1.08400000e+00 -5.48000000e-01 -1.36100000e-01 -8.96000000e-01
 -5.04000000e-01 -3.48000000e-01 -5.08000000e-01 -9.24000000e-01
 -7.72100000e-01 -7.60000000e-01 -9.88000000e-01 -1.32000000e+00
 -7.44000000e-01 -8.96000000e-01 -9.32000000e-01 -5.76000000e-01
  3.04000000e-01 -1.15200000e+00 -5.44000000e-01 -7.84000000e-01
 -7.04000000e-01 -1.14810000e+00  7.20000000e-02 -6.56000000e-01
 -7.08000000e-01 -1.88000000e-01 -9.72000000e-01 -7.16000000e-01
 -3.36000000e-01 -1.12000000e+00 -5.40000000e-01 -5.64100000e-01
 -1.15600000e+00 -1.14800000e+00 -7.80000000e-01  8.00000000e-02
 -5.28000000e-01 -1.11610000e+00 -1.57600000e+00 -1.75210000e+00
 -5.88000000e-01 -3.04000000e-01 -3.44000000e-01 -9.24000000e-01
 -1.08000000e-01 -4.96000000e-01  4.20000000e-01 -9.48000000e-01
 -5.08100000e-01 -3.52000000e-01 -1.09600000e+00 -1.12800000e+00
 -9.48000000e-01 -1.24410000e+00 -1.09600000e+00 -2.64000000e-01
 -3.00000000e-01 -3.00000000e-01 -1.28400000e+00  7.60000000e-02
 -5.28000000e-01 -7.40000000e-01 -1.08400000e+00 -9.44000000e-01
 -9.36000000e-01 -1.12410000e+00 -7.32000000e-01 -1.36010000e+00
 -7.60000000e-01  2.72000000e-01 -3.12000000e-01 -3.00000000e-01
 -5.20000000e-01 -7.40000000e-01 -6.68000000e-01 -7.52000000e-01
 -5.44000000e-01 -3.48000000e-01 -1.34400000e+00 -7.40000000e-01
 -1.10810000e+00 -5.32000000e-01 -1.00000000e-01 -1.28000000e-01
 -7.16000000e-01 -9.16000000e-01  5.12000000e-01 -1.14000000e+00
 -1.34800000e+00 -7.24000000e-01 -1.36000000e-01 -7.60000000e-01
 -5.96100000e-01 -7.16000000e-01 -3.12000000e-01 -1.12000000e-01
 -3.88000000e-01 -1.31200000e+00 -5.36000000e-01 -1.39600000e+00
 -7.00000000e-01 -1.28000000e-01  3.08000000e-01 -3.28000000e-01
 -7.32000000e-01 -3.00000000e-01 -1.24800000e+00 -8.64000000e-01
 -9.40000000e-01  5.36000000e-01 -7.16000000e-01 -7.00000000e-01
 -1.60000000e-01 -3.40000000e-01 -2.76000000e-01 -1.53600000e+00
 -3.28000000e-01 -6.88000000e-01 -9.20000000e-01  2.00000000e-01
 -5.12000000e-01 -1.36000000e-01 -7.72000000e-01 -2.96000000e-01
 -7.56000000e-01 -1.08400000e+00  7.20000000e-02 -1.27600000e+00
 -3.64000000e-01 -4.84000000e-01 -7.08000000e-01 -7.28000000e-01
 -1.13600000e+00 -9.20000000e-01 -1.55600000e+00 -6.32000000e-01
 -7.28000000e-01 -1.68000000e+00  3.20000000e-01 -3.64100000e-01
 -5.32000000e-01  3.00000000e-01 -8.00000000e-02  2.84000000e-01
 -7.56000000e-01 -1.09200000e+00 -9.08000000e-01 -1.40000000e-01
 -7.08000000e-01  8.79000000e-02 -1.28000000e+00 -1.20000000e-01
 -5.44000000e-01  7.20000000e-02 -7.60000000e-02 -5.04100000e-01
 -7.44000000e-01 -1.44000000e-01  4.40000000e-02 -1.56100000e-01
 -9.28000000e-01 -4.44100000e-01 -1.01200000e+00 -5.12000000e-01
 -9.52000000e-01 -9.44000000e-01 -3.12000000e-01 -5.20000000e-01
 -3.12000000e-01 -7.12000000e-01 -9.40000000e-01 -3.68000000e-01
 -3.04000000e-01 -1.10800000e+00 -9.44000000e-01 -8.80000000e-02
 -1.36000000e-01 -5.16000000e-01 -5.12000000e-01 -1.44100000e-01
 -7.56000000e-01 -9.80000000e-01 -5.28000000e-01 -1.52000000e-01
 -3.12100000e-01 -5.52000000e-01 -5.08000000e-01 -9.40000000e-01
 -9.52000000e-01 -3.28000000e-01 -1.58800000e+00 -1.28000000e+00
 -5.72000000e-01 -1.30000000e+00  2.72000000e-01 -1.09200000e+00
 -3.28000000e-01 -4.92000000e-01 -6.96000000e-01 -1.41600000e+00
 -3.44000000e-01 -8.72000000e-01 -7.56000000e-01 -8.24000000e-01
 -1.18980000e+00 -1.27200000e+00 -5.08000000e-01 -7.08000000e-01
 -1.52000000e+00 -7.88000000e-01 -8.92000000e-01 -2.76000000e-01
 -7.16000000e-01 -9.24000000e-01  5.20000000e-02  4.36000000e-01
 -5.56000000e-01 -1.28400000e+00 -9.60000000e-01 -9.24000000e-01
 -1.52000000e-01 -3.28000000e-01 -9.08000000e-01 -4.00000000e-01
 -9.32000000e-01 -1.30800000e+00 -3.44000000e-01 -1.11200000e+00
 -5.12000000e-01 -1.58000000e+00 -7.08000000e-01 -9.80000000e-01
 -3.16000000e-01  4.44000000e-01 -1.36000000e-01 -9.20000000e-02
 -3.08000000e-01 -9.64000000e-01 -8.96000000e-01  1.60000000e-02
  6.40000000e-02 -8.96000000e-01 -3.08000000e-01 -3.36000000e-01
 -3.76000000e-01 -5.36000000e-01 -9.28000000e-01 -9.00000000e-01
 -5.40000000e-01 -7.28000000e-01  1.20000000e-01 -4.68000000e-01
 -3.32000000e-01 -7.12000000e-01 -1.04000000e-01 -1.07210000e+00
 -7.20100000e-01 -8.76000000e-01 -9.12000000e-01 -7.44000000e-01
 -9.04000000e-01 -1.37210000e+00 -3.12000000e-01 -8.52000000e-01
 -3.48000000e-01 -1.33600000e+00 -8.92000000e-01  3.40000000e-01
 -3.04000000e-01 -3.08000000e-01 -6.04100000e-01 -8.96000000e-01
 -5.76000000e-01 -1.20800000e+00 -9.28000000e-01 -3.40000000e-01
 -1.28400000e+00 -5.80100000e-01 -1.12000000e-01 -9.56000000e-01
  4.40000000e-02 -1.34400000e+00  7.20000000e-02 -4.04000000e-01
 -1.57200000e+00 -7.20000000e-01 -1.49620000e+00 -3.00000000e-01
 -1.12400000e+00 -1.48800000e+00 -7.00000000e-01 -1.13600000e+00
 -5.64000000e-01 -6.72000000e-01 -3.92000000e-01 -9.08000000e-01
 -8.68000000e-01 -1.36400000e+00 -5.20000000e-01 -7.20000000e-01
 -3.08000000e-01 -7.32000000e-01 -1.07600000e+00 -1.16800000e+00
 -9.16000000e-01 -1.08000000e-01 -7.24000000e-01 -1.76100000e-01
 -4.88000000e-01 -2.72000000e-01 -5.32000000e-01 -1.09600000e+00
 -9.32000000e-01 -9.04000000e-01 -8.80000000e-02 -9.48000000e-01
 -8.80000000e-02  6.80000000e-02 -9.92000000e-01 -3.56000000e-01
 -1.31600000e+00 -7.64000000e-01 -6.56000000e-01 -7.20000000e-01
 -1.08000000e+00 -7.72000000e-01 -5.40000000e-01 -1.36000000e-01
 -1.76000000e-01 -1.16100000e-01 -5.48000000e-01 -4.04000000e-01
 -9.16000000e-01  6.00000000e-02 -7.00000000e-01 -7.24000000e-01
 -6.96100000e-01 -9.12100000e-01 -1.08400000e+00 -9.36000000e-01
 -1.44000000e-01 -1.13600000e+00 -1.00000000e-01 -2.60000000e-01
 -1.32000000e-01 -9.16000000e-01 -3.72000000e-01 -1.48000000e-01
 -2.72000000e-01  2.72000000e-01 -1.48000000e-01 -9.32000000e-01
 -3.76000000e-01 -1.64000000e-01 -9.52000000e-01 -5.00000000e-01
 -6.28100000e-01 -8.88000000e-01 -3.56100000e-01 -3.40000000e-01
 -7.76000000e-01 -7.44000000e-01 -3.16100000e-01  2.84000000e-01
 -1.16000000e-01  4.40000000e-02 -3.32000000e-01 -4.96000000e-01
 -5.24000000e-01 -9.16000000e-01 -8.96000000e-01  2.96000000e-01]","[-3.2159 -4.7999 -1.412  -0.8879  1.132   0.18    0.536   0.844   0.0961
  0.52    1.9001  0.6641  1.228   1.3041  1.808   1.296   1.056   1.684
  1.052   1.684   1.232   1.3     0.876   0.944   1.248   1.4641  1.22
  1.076   0.632   1.8921  1.684   1.096   1.5     1.      1.832   1.26
  1.672   2.124   1.152   1.532   1.1     1.836   1.684   1.4401  1.496
  2.288   0.492   0.452   1.872   1.104   1.304   1.636   1.68    1.044
  1.8561  0.884   0.7     0.672   1.832   0.448   0.872   1.792   1.82
  1.884   1.8401  1.832   2.032   0.876   1.652   2.132   1.092   1.0801
  1.864   1.496   1.228   1.452   0.692   0.496   1.892   1.476   1.08
  1.896   1.4481  1.712   1.84    1.5081  1.632  -0.088  -0.088   0.8761
  2.156   2.096   1.508   1.5     0.46    1.348   1.884   1.5     1.22
  1.08    1.512   1.496   0.672   0.8721  1.0841  2.112   1.084   0.82
  1.092   1.264   1.28    1.88    1.128   2.148   1.476   1.672   1.68
  0.4721  0.68    0.8321  1.296   1.064   1.864   1.1081  0.668   1.2521
  1.6681  1.32    1.248   0.208   1.268   1.712   1.276   1.512   1.2
  1.104   1.264   1.668   1.3001  2.068   2.02    1.596   1.512   0.916
  0.9     1.432   1.664   0.916   1.5     1.884   0.84    0.916   1.084
  1.804   2.096   1.46    0.8481  0.684   2.176   2.0121  1.672   1.468
  1.612   1.264   0.676   2.632   0.484   0.408   1.42    1.068   1.448
  0.644   1.648   2.12   -0.072   1.5     1.876   1.856   1.072   1.288
  1.036   0.684   1.292   1.068   1.44    0.804   1.66    1.46    0.652
  1.116   1.42    1.452   1.528   1.04    1.66    2.316   2.088   1.8801
  0.612   1.3     1.444   0.632   2.144   1.444   2.312   2.092   1.896
  1.656   0.692   2.264   1.3     2.108   1.42    1.9     1.428   1.72
  0.636   0.884   1.236   0.724   1.876   2.268   2.1242  1.432   0.864
  1.82    0.652   1.676   0.66    1.884   1.672   1.52    0.836   0.916
  1.804   0.452   1.248   0.816   1.14    1.512   2.06    1.42    1.532
  1.468   1.8801  1.456   1.248   1.848   1.272   1.848   2.064   2.244
  1.064   1.436   1.08    1.96    1.868   0.652   0.856   0.42    1.688
  1.472   1.072   0.868   0.8601  1.22    1.652   1.3     1.508   0.208
  1.084   1.232   1.288   2.34    1.288   1.524   1.672   1.26    1.464
  1.288   1.264   1.652   1.248   1.496   1.496   1.0801  1.452   0.508
  1.656   0.884   1.716   1.86    1.244   0.916   1.304   0.296   1.452
  1.28    1.26    1.26    1.488   1.052   1.536   1.276   0.44    1.488
  0.86    0.908   1.072   1.588   2.28    1.868   1.292   1.476   1.252
  0.2161  0.8801  2.056   0.6801  0.532   1.24    1.888   1.436   1.504
  2.488   1.096   0.432   2.0961  1.668   2.292   1.916   0.876   1.888
  0.696   1.272   1.252   1.084   1.648   1.884  -0.492   1.4081  0.868
  1.252   1.904   1.716   1.957   1.6281  0.892   1.136   1.692   1.48
  2.112   1.796   1.496   0.836   1.616   0.856   1.944   1.276   1.82
  1.5121  1.04    1.908   0.86    1.424   1.272   1.092   2.112   1.2921
  0.876   0.476   1.428   1.7961  1.2561  1.416   1.468   1.38    1.908
  1.784   0.856   1.596  -0.02    2.004   1.288   1.804   1.052   1.268
  0.64    1.524   1.284   1.4401  1.06    0.476   2.332   1.68    1.332
  0.628   1.876   1.104   1.4881  1.296   0.1921  1.068   0.684   0.644
  1.092   1.564   2.324   1.252   1.048   1.1     1.9921  1.484   1.656
  2.04    0.636   1.06    1.672   1.448   1.324   1.896   0.872   1.264
  2.132   1.096   1.476   1.2841  1.448   1.692   2.424   1.64    1.868
  1.22    2.048   0.472   1.492   1.816   1.672   1.316   1.296   2.06
  2.184   0.68    1.32    1.688   0.46    0.404   1.304   1.848   1.676
  1.464   0.444   0.656   1.692   0.192   0.592   0.888   0.916   0.324
  1.504   1.34    1.064   1.856   1.496   1.868   1.088   1.492   1.492
  0.904   1.8     0.856   1.056   1.252   1.8761  1.42    1.3     1.868
  1.1     1.884   1.648   1.3     1.292   1.696   1.308   1.492   1.66
  1.248   1.2561  2.012   1.732   1.864   1.66    2.312   1.4681  1.8521
  0.84    1.456   1.124   1.884  -0.268   1.48    0.912   1.084   1.028
  0.884   1.664   1.416   0.908   1.652   1.116   1.264   1.7961  1.944
  1.3     1.828   1.264   1.268   1.264   1.86    0.464   1.844   2.48
  1.296   0.692  -0.32    1.072   0.404   2.116   1.228   1.496   1.42
  0.832   1.4521  1.492   1.6601  2.248   1.04    1.62    1.08    2.1641
  1.828   2.492   1.9241  0.344   1.832   0.652   0.88    1.068   0.128
  1.276   0.82    2.008   0.808   1.404   0.892   2.024   1.252   0.872
  0.856   1.084   0.176   1.512   2.      1.108   0.848   1.116   1.688
  1.984   2.088   1.0681  1.304   1.644   0.8601  1.268  -0.08    0.848
  1.084   0.496   1.856   1.6921  1.852   1.656   0.636   0.66    2.492
 -0.524   0.8561  0.844   1.052   1.484   2.036   1.692   2.096   2.012
  2.088   1.264   1.864   1.352   1.288   1.296   0.828   2.1361  0.888
  1.248   1.132   1.78    1.208   1.2401  1.9     1.284   1.9041  1.236
  1.44    0.664   1.08    2.024   1.252   1.104   1.108   1.436   0.904
  1.676   1.868   1.312   1.512   1.268   1.06    1.488   0.888   1.488
  1.876   1.124   1.52    1.648   1.488   1.068   1.228   1.26    1.052
  0.656   1.316   1.112   1.084   1.444   2.132   0.844   1.456   1.26
  1.316   0.864   1.9761  1.344   1.32    1.764   1.04    1.324   1.62
  0.872   1.456   1.432   0.852   0.82    1.2     2.02    1.468   0.876
  0.232  -0.0716  1.46    1.656   1.668   1.0281  1.904   1.532   2.216
  1.06    1.508   1.644   0.884   0.848   1.06    0.696   0.824   1.716
  1.692   1.692   0.6881  2.0521  1.46    1.28    0.884   1.044   1.068
  0.876   1.24    0.4401  1.248   2.116   1.696   1.696   1.48    1.288
  1.308   1.2281  1.428   1.62    0.492   1.22    0.856   1.516   1.876
  1.872   1.264   1.084   2.292   0.864   0.476   1.264   1.836   1.264
  1.38    1.248   1.632   1.868   1.628   0.636   1.448   0.468   1.3
  1.84    2.1441  1.68    1.308   1.684   0.688   1.084   1.1     2.328
  1.292   1.26    1.8361  1.628   1.684   0.2321  1.66    1.3121  1.104
  2.08    1.496   1.8441  1.28    1.716   1.18    0.928   2.056   0.672
  1.644   1.508   1.292   1.268   0.848   1.064   0.204   1.368   1.224
 -0.0319  2.156   1.684   1.4281  2.136   1.888   2.124   1.264   0.908
  1.072   1.8401  1.308   2.0441  0.66    1.84    1.496   2.0001  1.916
  1.472   1.256   1.888   2.036   1.824   1.052   1.592   1.024   1.492
  1.044   1.044   1.6681  1.4761  1.688   1.312   1.052   1.656   1.692
  0.86    1.048   1.884   1.876   1.488   1.48    1.888   1.3     1.032
  1.508   1.88    1.692   1.476   1.504   1.036   1.044   1.7     0.2041
  0.632   1.3761  0.652   2.14    0.908   1.684   1.5     1.264   0.42
  1.648   1.104   1.284   1.22    0.62    0.68    1.496   1.24    0.248
  1.196   1.104   1.696   1.292   1.064   2.028   2.272   1.396   0.704
  1.088   1.08    1.852   1.668   1.1     1.636   1.068   0.4801  1.688
  0.888   1.5     0.2     1.292   0.944   1.664   2.28    1.852   1.888
  1.64    1.02    1.12    2.004   2.036   1.1     1.688   1.648   1.596
  1.4841  1.084   1.092   1.464   1.228   2.1     1.508   1.608   1.248
  1.836   0.928   1.276   1.12    1.1     1.2681  1.092   0.46    1.684
  1.124   1.66    0.472   1.0881  2.148   1.668   1.68    1.424   1.068
  1.464   0.68    1.036   1.6881  0.672   1.436   1.884   0.988   1.9041
  0.648   2.068   1.6     0.2561  1.2801  0.42    1.684   0.872   0.468
  1.304   0.888   1.44    1.336   1.568   1.068   1.124   0.636   1.452
  1.26    1.676   1.276   0.888   0.8521  1.024   1.892   1.264   1.856
  1.48    1.684   1.468   0.84    1.064   1.104   1.8921  1.004   1.888
  2.028   1.      1.656   0.5     1.26    1.3321  1.2721  0.876   1.188
  1.472   1.84    1.84    1.884   1.532   1.644   1.064   2.012   1.296
  1.288   1.2721  1.048   0.844   1.032   1.86    0.868   1.876   1.732
  1.82    1.064   1.632   1.808   1.7     2.08    1.76    1.044   1.648
  1.776   1.02    1.504   1.428   1.104   1.604   1.664   1.216   1.26
  1.6601  2.112   1.852   2.028   1.6721  1.504   1.468   1.116   1.084
  2.124 ]"
2,A2,TMaze-DRQN-use-all-steps-2-16,"[     0    300    600    900   1200   1500   1800   2100   2400   2700
   3000   3300   3600   3900   4200   4500   4800   5100   5400   5700
   6000   6300   6600   6900   7200   7500   7800   8100   8400   8700
   9000   9300   9600   9900  10200  10500  10800  11100  11400  11700
  12000  12300  12600  12900  13200  13500  13800  14100  14400  14700
  15000  15300  15600  15900  16200  16500  16800  17100  17400  17700
  18000  18300  18600  18900  19200  19500  19800  20100  20400  20700
  21000  21300  21600  21900  22200  22500  22800  23100  23400  23700
  24000  24300  24600  24900  25200  25500  25800  26100  26400  26700
  27000  27300  27600  27900  28200  28500  28800  29100  29400  29700
  30000  30300  30600  30900  31200  31500  31800  32100  32400  32700
  33000  33300  33600  33900  34200  34500  34800  35100  35400  35700
  36000  36300  36600  36900  37200  37500  37800  38100  38400  38700
  39000  39300  39600  39900  40200  40500  40800  41100  41400  41700
  42000  42300  42600  42900  43200  43500  43800  44100  44400  44700
  45000  45300  45600  45900  46200  46500  46800  47100  47400  47700
  48000  48300  48600  48900  49200  49500  49800  50100  50400  50700
  51000  51300  51600  51900  52200  52500  52800  53100  53400  53700
  54000  54300  54600  54900  55200  55500  55800  56100  56400  56700
  57000  57300  57600  57900  58200  58500  58800  59100  59400  59700
  60000  60300  60600  60900  61200  61500  61800  62100  62400  62700
  63000  63300  63600  63900  64200  64500  64800  65100  65400  65700
  66000  66300  66600  66900  67200  67500  67800  68100  68400  68700
  69000  69300  69600  69900  70200  70500  70800  71100  71400  71700
  72000  72300  72600  72900  73200  73500  73800  74100  74400  74700
  75000  75300  75600  75900  76200  76500  76800  77100  77400  77700
  78000  78300  78600  78900  79200  79500  79800  80100  80400  80700
  81000  81300  81600  81900  82200  82500  82800  83100  83400  83700
  84000  84300  84600  84900  85200  85500  85800  86100  86400  86700
  87000  87300  87600  87900  88200  88500  88800  89100  89400  89700
  90000  90300  90600  90900  91200  91500  91800  92100  92400  92700
  93000  93300  93600  93900  94200  94500  94800  95100  95400  95700
  96000  96300  96600  96900  97200  97500  97800  98100  98400  98700
  99000  99300  99600  99900 100200 100500 100800 101100 101400 101700
 102000 102300 102600 102900 103200 103500 103800 104100 104400 104700
 105000 105300 105600 105900 106200 106500 106800 107100 107400 107700
 108000 108300 108600 108900 109200 109500 109800 110100 110400 110700
 111000 111300 111600 111900 112200 112500 112800 113100 113400 113700
 114000 114300 114600 114900 115200 115500 115800 116100 116400 116700
 117000 117300 117600 117900 118200 118500 118800 119100 119400 119700
 120000 120300 120600 120900 121200 121500 121800 122100 122400 122700
 123000 123300 123600 123900 124200 124500 124800 125100 125400 125700
 126000 126300 126600 126900 127200 127500 127800 128100 128400 128700
 129000 129300 129600 129900 130200 130500 130800 131100 131400 131700
 132000 132300 132600 132900 133200 133500 133800 134100 134400 134700
 135000 135300 135600 135900 136200 136500 136800 137100 137400 137700
 138000 138300 138600 138900 139200 139500 139800 140100 140400 140700
 141000 141300 141600 141900 142200 142500 142800 143100 143400 143700
 144000 144300 144600 144900 145200 145500 145800 146100 146400 146700
 147000 147300 147600 147900 148200 148500 148800 149100 149400 149700
 150000 150300 150600 150900 151200 151500 151800 152100 152400 152700
 153000 153300 153600 153900 154200 154500 154800 155100 155400 155700
 156000 156300 156600 156900 157200 157500 157800 158100 158400 158700
 159000 159300 159600 159900 160200 160500 160800 161100 161400 161700
 162000 162300 162600 162900 163200 163500 163800 164100 164400 164700
 165000 165300 165600 165900 166200 166500 166800 167100 167400 167700
 168000 168300 168600 168900 169200 169500 169800 170100 170400 170700
 171000 171300 171600 171900 172200 172500 172800 173100 173400 173700
 174000 174300 174600 174900 175200 175500 175800 176100 176400 176700
 177000 177300 177600 177900 178200 178500 178800 179100 179400 179700
 180000 180300 180600 180900 181200 181500 181800 182100 182400 182700
 183000 183300 183600 183900 184200 184500 184800 185100 185400 185700
 186000 186300 186600 186900 187200 187500 187800 188100 188400 188700
 189000 189300 189600 189900 190200 190500 190800 191100 191400 191700
 192000 192300 192600 192900 193200 193500 193800 194100 194400 194700
 195000 195300 195600 195900 196200 196500 196800 197100 197400 197700
 198000 198300 198600 198900 199200 199500 199800 200100 200400 200700
 201000 201300 201600 201900 202200 202500 202800 203100 203400 203700
 204000 204300 204600 204900 205200 205500 205800 206100 206400 206700
 207000 207300 207600 207900 208200 208500 208800 209100 209400 209700
 210000 210300 210600 210900 211200 211500 211800 212100 212400 212700
 213000 213300 213600 213900 214200 214500 214800 215100 215400 215700
 216000 216300 216600 216900 217200 217500 217800 218100 218400 218700
 219000 219300 219600 219900 220200 220500 220800 221100 221400 221700
 222000 222300 222600 222900 223200 223500 223800 224100 224400 224700
 225000 225300 225600 225900 226200 226500 226800 227100 227400 227700
 228000 228300 228600 228900 229200 229500 229800 230100 230400 230700
 231000 231300 231600 231900 232200 232500 232800 233100 233400 233700
 234000 234300 234600 234900 235200 235500 235800 236100 236400 236700
 237000 237300 237600 237900 238200 238500 238800 239100 239400 239700
 240000 240300 240600 240900 241200 241500 241800 242100 242400 242700
 243000 243300 243600 243900 244200 244500 244800 245100 245400 245700
 246000 246300 246600 246900 247200 247500 247800 248100 248400 248700
 249000 249300 249600 249900 250200 250500 250800 251100 251400 251700
 252000 252300 252600 252900 253200 253500 253800 254100 254400 254700
 255000 255300 255600 255900 256200 256500 256800 257100 257400 257700
 258000 258300 258600 258900 259200 259500 259800 260100 260400 260700
 261000 261300 261600 261900 262200 262500 262800 263100 263400 263700
 264000 264300 264600 264900 265200 265500 265800 266100 266400 266700
 267000 267300 267600 267900 268200 268500 268800 269100 269400 269700
 270000 270300 270600 270900 271200 271500 271800 272100 272400 272700
 273000 273300 273600 273900 274200 274500 274800 275100 275400 275700
 276000 276300 276600 276900 277200 277500 277800 278100 278400 278700
 279000 279300 279600 279900 280200 280500 280800 281100 281400 281700
 282000 282300 282600 282900 283200 283500 283800 284100 284400 284700
 285000 285300 285600 285900 286200 286500 286800 287100 287400 287700
 288000 288300 288600 288900 289200 289500 289800 290100 290400 290700
 291000 291300 291600 291900 292200 292500 292800 293100 293400 293700
 294000 294300 294600 294900 295200 295500 295800 296100 296400 296700
 297000 297300 297600 297900 298200 298500 298800 299100 299400 299700]","[-5.368 -5.988 -4.948 -2.832 -3.948 -1.952 -2.264 -1.288 -1.548 -0.576
  0.16  -0.192 -0.032  0.84   0.428  1.5    0.668  1.644  0.5    1.2
  1.636  1.68   1.412  1.308  1.972  1.344  1.944  1.9    1.608  1.728
  2.196  2.148  2.208  2.412  2.04   2.068  2.084  2.244  2.42   2.072
  2.124  1.76   2.136  2.396  2.452  2.14   2.312  2.32   2.28   2.228
  1.972  2.292  2.344  1.956  2.328  2.476  2.424  2.228  2.544  2.488
  2.512  2.476  2.216  2.56   2.396  2.344  2.14   2.212  2.328  2.212
  2.3    2.264  2.432  2.32   2.42   1.964  2.192  1.968  2.14   2.352
  2.512  2.476  2.372  2.348  2.108  2.22   2.204  2.352  1.968  1.312
  2.324  2.388  1.88   2.484  1.62   2.16   2.344  1.884  2.3    2.46
  2.12   2.036  2.052  2.196  2.36   1.748  2.192  2.068  2.372  2.236
  2.396  1.812  2.376  2.12   2.424  2.448  2.456  2.268  2.244  2.236
  1.944  2.108  2.208  1.464  2.248  2.32   1.92   2.396  2.056  2.264
  1.956  2.368  2.344  2.12   1.592  1.94   2.016  2.024  2.376  2.316
  2.436  2.104  2.284  1.924  2.28   2.1    1.704  2.316  2.1    2.272
  2.016  2.048  2.036  2.332  2.384  2.288  2.26   2.244  2.352  2.12
  2.192  2.408  2.312  2.448  2.36   2.34   1.916  2.224  1.636  1.708
  2.352  2.436  1.932  2.208  1.96   1.996  2.1    2.06   1.656  2.296
  2.152  2.308  2.168  2.232  2.28   2.352  2.264  2.168  2.248  2.352
  2.38   1.892  2.192  2.192  2.428  1.992  2.424  1.9    2.412  2.048
  1.712  2.276  2.108  1.916  2.42   1.912  2.38   2.192  2.376  2.428
  2.18   2.076  2.148  2.172  2.008  2.18   2.116  2.296  2.184  1.688
  2.408  2.368  1.644  2.104  2.212  1.976  2.188  2.032  2.244  2.436
  2.312  1.772  2.34   2.376  2.052  2.404  1.052  1.936  2.176  2.416
  2.356  2.088  2.344  2.252  1.792  2.2    2.168  2.108  2.38   2.228
  2.408  2.168  2.2    2.384  2.196  2.26   2.376  1.852  2.284  1.836
  1.976  1.452  2.268  2.12   2.16   1.508  2.18   2.248  2.096  2.468
  1.884  1.992  1.792  2.108  2.372  2.416  2.504  2.452  2.384  1.988
  2.44   2.244  2.14   2.332  1.96   1.852  2.028  2.36   1.332  2.132
  2.144  2.06   1.972  1.752  1.772  1.776  2.172  1.824  2.244  2.064
  1.42   2.316  2.284  1.792  1.956  2.152  2.116  2.104  2.156  2.384
  2.1    1.888  2.116  1.904  1.868  2.336  1.624  2.244  1.9    2.324
  2.088  2.008  1.972  2.184  2.304  2.076  1.976  1.852  2.224  1.92
  2.376  2.136  1.944  2.276  2.34   1.684  1.732  2.436  2.328  1.988
  1.368  2.424  2.252  2.392  1.984  2.396  2.268  1.596  2.044  2.312
  2.268  2.192  2.448  2.184  2.104  2.236  2.064  2.232  2.408  2.176
  2.     2.256  1.8    2.056  2.36   2.384  2.172  2.536  2.184  2.196
  2.328  2.208  1.636  1.96   1.936  2.212  2.024  2.36   1.656  2.496
  1.98   2.22   2.1    2.248  2.376  1.872  1.536  2.256  2.132  2.372
  2.312  2.32   1.956  1.612  2.32   1.944  2.18   2.172  1.888  2.132
  2.3    1.684  2.08   2.304  1.724  2.22   2.36   1.564  2.464  2.172
  2.148  2.324  2.196  2.456  2.292  2.344  1.992  2.184  2.428  2.476
  2.384  2.236  1.648  2.276  1.608  2.368  2.196  1.944  2.148  2.084
  2.2    2.34   2.432  2.32   1.996  2.092  2.32   1.784  2.416  1.864
  1.956  2.128  2.168  1.956  2.28   2.476  2.296  2.136  2.156  2.12
  2.388  1.452  2.144  2.3    2.36   2.388  2.2    2.348  1.692  2.504
  2.356  1.852  2.284  2.152  2.212  2.288  2.364  2.204  1.788  2.412
  1.448  2.324  1.98   2.36   2.344  1.992  2.336  2.436  2.144  2.404
  1.968  2.092  1.632  2.26   2.352  2.356  2.152  1.852  2.428  1.708
  2.192  2.184  2.408  2.356  2.012  2.384  2.272  2.24   2.248  2.272
  1.964  2.128  2.396  2.212  2.112  2.316  1.748  2.16   1.856  2.156
  2.096  1.92   2.232  1.956  1.78   2.392  2.172  2.252  2.308  1.988
  2.324  2.2    2.392  2.38   2.2    2.432  2.364  2.116  2.016  2.392
  2.144  1.792  2.072  2.004  2.324  2.148  2.292  2.4    2.016  2.256
  2.096  2.376  2.284  2.48   2.084  2.336  2.22   2.168  2.08   2.132
  1.376  2.288  2.224  2.288  2.472  2.324  1.876  2.188  2.392  2.364
  2.376  2.336  2.184  2.224  2.38   2.344  1.892  2.464  2.1    2.216
  1.94   2.2    1.964  2.028  1.864  1.856  2.356  2.416  1.984  2.26
  2.144  2.448  1.912  2.12   2.4    2.232  2.224  2.32   2.388  2.324
  2.208  2.24   2.232  2.032  1.832  2.028  2.208  2.22   1.756  2.304
  1.876  1.608  1.976  2.44   2.152  2.212  2.256  2.024  2.12   1.436
  2.224  1.72   2.088  1.804  2.376  2.184  1.972  2.368  2.304  2.356
  2.4    2.264  2.252  2.012  2.416  1.904  1.808  2.264  1.492  2.004
  2.424  1.98   2.076  2.196  1.984  2.368  2.304  2.264  1.98   2.168
  2.424  1.776  2.324  1.9    2.26   1.72   2.36   2.36   2.076  2.136
  1.696  2.476  2.336  2.396  2.416  1.916  2.18   1.476  2.368  2.232
  2.212  2.328  2.332  1.328  1.924  1.772  1.112  2.02   1.588  1.792
  1.504  2.156  2.132  2.2    1.824  2.268  2.18   2.428  2.204  2.284
  1.9    2.068  1.42   2.304  1.632  2.444  2.072  1.72   2.424  2.1
  1.872  2.524  2.076  2.212  2.256  2.372  2.     1.864  1.7    1.996
  2.152  2.26   1.844  2.364  1.356  1.96   2.152  1.724  1.992  2.212
  2.392  2.344  2.124  1.832  2.256  2.148  1.908  2.404  1.496  2.392
  2.168  2.176  1.828  2.276  1.948  1.756  1.812  2.376  1.64   1.78
  2.016  2.372  2.272  2.364  2.436  2.176  2.036  1.94   2.22   2.164
  2.384  2.332  2.392  1.856  2.16   2.528  2.184  2.268  1.992  2.396
  2.496  2.208  2.372  2.252  2.256  1.36   2.392  2.32   1.808  2.352
  1.88   2.372  2.332  2.096  2.06   2.164  1.464  2.148  2.232  2.284
  2.088  1.896  1.528  2.132  1.5    2.124  2.312  2.312  2.228  2.276
  2.316  2.228  2.16   2.112  2.192  2.14   2.32   1.952  2.16   2.348
  2.324  1.772  2.204  2.052  2.168  2.012  2.24   2.376  2.052  2.384
  2.496  2.288  2.3    1.928  2.264  2.16   2.112  2.236  2.328  2.376
  2.456  2.12   2.12   2.232  1.972  2.136  2.028  2.268  1.96   2.16
  2.216  2.156  2.372  2.14   2.18   2.276  1.872  2.436  2.196  2.06
  2.428  2.268  1.98   2.432  1.484  2.184  1.668  1.5    2.38   2.08
  2.212  1.388  1.848  1.992  2.348  2.068  2.328  2.116  2.252  1.88
  2.004  1.964  2.448  2.124  2.4    2.436  1.992  2.16   2.224  2.204
  2.28   2.184  1.912  2.52   1.904  2.412  2.072  2.22   2.308  2.184
  2.112  2.116  2.296  1.412  1.94   2.088  1.836  2.456  2.344  1.82
  1.768  1.968  2.332  2.316  2.152  2.004  2.328  2.448  2.028  2.092
  2.296  2.308  2.028  2.4    2.348  2.28   2.16   2.16   2.328  2.204
  2.272  2.28   1.536  2.1    2.412  2.212  2.184  2.172  2.148  1.944
  2.396  2.264  2.22   2.304  1.944  2.34   2.24   1.716  2.288  2.256
  2.308  1.456  2.184  2.216  2.308  1.964  2.184  2.224  2.104  2.268
  2.408  2.044  1.84   2.028  2.184  2.096  2.144  1.7    1.832  2.264
  2.228  2.3    2.388  2.288  2.396  1.92   1.976  2.196  2.296  2.42
  2.396  1.98   2.184  1.864  2.292  1.624  2.336  1.744  1.828  1.948
  2.224  2.084  1.876  2.384  1.868  2.428  2.004  1.808  2.252  1.832
  1.42   1.732  2.172  1.88   2.096  2.36   2.428  2.316  1.812  2.112
  2.256  2.356  2.428  2.056  2.44   2.36   1.76   2.244  1.908  2.312
  2.176  2.428  2.284  2.364  2.292  2.516  2.332  1.936  2.388  2.18 ]","[-6.984  -7.7361 -6.6242 -4.78   -5.896  -3.628  -4.0561 -2.728  -2.9441
 -1.904  -1.152  -1.632  -1.5761 -0.464  -0.652   0.516  -0.756   0.888
 -0.54    0.2119  0.864   0.876   0.588   0.408   1.2879  0.532   1.148
  1.236   0.812   1.024   1.7     1.836   1.7199  2.264   1.488   1.664
  1.588   2.128   2.24    1.5919  1.724   0.9759  1.66    2.252   2.312
  1.7     2.016   1.868   1.8039  1.58    1.212   1.948   1.936   1.204
  1.8479  2.312   2.2559  1.772   2.376   2.352   2.328   2.324   1.652
  2.456   2.208   1.864   1.508   1.772   1.808   1.708   1.872   1.8
  2.284   2.192   2.272   1.36    1.676   1.364   1.66    2.136   2.376
  2.312   2.244   2.2159  1.6039  1.8     1.792   2.224   1.3999  0.0199
  2.224   2.208   1.2     2.368   0.772   1.692   2.044   1.284   2.116
  2.3     1.668   1.424   1.464   1.6199  2.204   0.9839  1.648   1.536
  2.2399  1.792   2.252   0.732   2.236   1.604   2.3     2.344   2.296
  1.788   1.832   2.08    1.3     1.652   1.716   0.2     1.792   2.156
  1.26    2.272   1.468   2.108   1.384   2.24    2.252   1.612   0.752
  1.336   1.508   1.388   2.26    2.168   2.336   1.592   2.056   1.268
  2.132   1.616   0.556   2.124   1.648   2.108   1.384   1.476   1.528
  2.1479  2.236   2.144   1.772   2.024   2.228   1.616   1.756   2.256
  2.212   2.28    2.216   2.184   1.308   1.7799  0.932   0.62    2.212
  2.3     1.476   1.732   1.348   1.5     1.616   1.572   0.4359  2.164
  1.6359  2.204   1.7     1.748   1.996   2.192   1.8199  1.7199  1.788
  2.248   2.252   1.2639  1.732   1.724   2.312   1.4919  2.272   0.848
  2.256   1.432   0.504   2.148   1.64    1.2159  2.252   0.828   2.272
  1.708   2.232   2.328   1.964   1.42    1.668   1.712   1.36    1.74
  1.656   1.86    1.768   0.46    2.28    2.264   0.884   1.624   1.72
  1.408   1.736   1.4439  2.02    2.332   2.12    0.692   2.068   2.28
  1.572   2.276  -0.232   1.3239  1.936   2.288   2.2     1.624   2.184
  2.036   1.04    1.908   1.712   1.6079  2.24    1.768   2.248   1.7159
  2.004   2.264   1.92    2.092   2.3     1.316   2.172   1.24    1.28
  0.684   2.056   1.688   1.708   0.72    1.66    1.972   1.58    2.348
  0.988   1.372   0.712   1.592   2.196   2.192   2.392   2.32    2.264
  1.44    2.28    1.796   1.632   2.16    1.408   0.8     1.504   2.176
  0.0639  1.6319  1.648   1.568   1.32    0.6719  1.0679  0.68    1.728
  1.24    1.88    1.612   0.576   2.216   2.112   1.176   1.34    1.7
  1.648   1.828   1.72    2.256   1.656   1.276   1.588   1.24    1.2519
  2.164   0.832   1.808   1.296   2.18    1.668   1.344   1.208   1.7199
  2.1     1.616   1.348   1.12    1.7799  1.42    2.268   1.44    1.32
  1.808   2.172   0.476   0.888   2.356   2.172   1.512   0.42    2.336
  1.992   2.2     1.4039  2.26    2.1     0.34    1.556   2.14    1.8359
  1.9     2.344   2.      1.608   1.82    1.592   2.052   2.288   1.684
  1.372   2.072   1.12    1.436   2.192   2.184   1.756   2.432   1.744
  1.764   2.184   1.728   0.736   1.328   1.344   2.104   1.544   2.16
  0.44    2.38    0.928   1.712   1.512   2.012   2.26    0.824   0.3559
  2.056   1.5999  2.188   2.172   2.196   1.324   0.3399  2.192   1.352
  1.688   1.696   1.224   1.68    2.196   1.0719  1.56    2.104   0.908
  1.684   2.168   0.804   2.348   1.616   1.6639  2.172   1.9     2.332
  1.808   2.156   1.3919  1.764   2.316   2.376   2.256   2.044   0.4359
  2.      0.836   2.204   1.7279  1.332   1.852   1.552   1.76    2.2
  2.272   2.156   1.664   1.612   2.14    1.096   2.304   0.772   1.332
  1.652   1.684   1.292   1.828   2.376   2.188   1.648   1.728   1.68
  2.244   0.588   1.688   1.828   2.232   2.268   1.768   2.184   0.4999
  2.412   2.268   0.776   2.1399  1.708   1.74    1.816   2.236   1.712
  0.7     2.3     0.5799  1.832   1.38    2.256   2.22    1.352   2.208
  2.32    1.708   2.312   1.312   1.652   0.876   2.048   2.224   2.192
  1.672   0.7399  2.276   0.4839  1.724   1.76    2.296   2.26    1.388
  2.252   2.076   2.036   2.024   1.804   1.344   1.668   2.248   1.776
  1.648   2.168   0.66    1.664   1.176   1.688   1.584   0.872   1.74
  0.864   0.736   2.26    1.728   1.816   2.216   1.324   1.936   1.704
  2.248   2.284   1.74    2.328   2.252   1.648   1.48    2.244   1.648
  1.012   1.612   1.436   2.18    1.68    1.78    2.26    1.392   1.892
  1.596   2.284   1.804   2.324   1.668   2.1319  1.992   1.696   1.5319
  1.832   0.12    2.148   2.004   2.128   2.376   2.18    1.288   1.668
  2.144   2.216   2.196   2.164   1.6999  1.732   2.216   2.172   0.8319
  2.324   1.528   1.72    1.388   1.956   1.388   1.4639  0.824   1.12
  2.184   2.292   1.348   1.772   1.692   2.336   1.248   1.66    2.268
  2.036   1.808   2.152   2.26    2.164   1.728   1.772   1.756   1.3999
  1.044   1.4159  1.772   1.7     0.908   2.144   1.28    0.8079  1.464
  2.348   1.664   1.788   2.072   1.552   1.648   0.236   1.732   0.8639
  1.664   1.188   2.28    1.688   0.896   2.188   2.18    2.22    2.296
  2.      2.104   1.492   2.292   1.108   1.032   1.796   0.28    1.364
  2.292   1.344   1.48    1.92    1.38    2.244   2.176   1.748   0.912
  1.668   2.32    0.676   1.8439  0.856   1.804   0.548   2.208   2.26
  1.568   1.672   0.484   2.304   2.204   2.284   2.268   1.296   1.708
  0.176   2.22    1.776   1.7239  2.168   2.188   0.04    1.44    0.7159
 -0.4001  1.324   0.364   1.108   0.276   1.572   1.66    1.72    1.168
  2.136   1.7039  2.276   1.776   2.0919  0.848   1.592   0.624   2.02
  0.548   2.328   1.592   1.008   2.26    1.608   1.184   2.436   1.624
  1.756   1.7799  2.208   1.572   1.176   0.924   1.42    1.648   1.772
  1.1559  2.256  -0.14    1.364   1.66    0.492   1.4039  1.904   2.28
  2.132   1.648   1.1039  2.024   1.668   0.832   2.272   0.256   2.2559
  1.96    1.74    1.204   2.132   1.3719  0.58    1.1839  2.268   0.8399
  1.044   1.284   2.108   2.048   2.2     2.284   1.68    1.612   1.3
  1.9359  1.628   2.2359  2.148   2.22    0.9639  1.688   2.436   1.708
  2.056   1.368   2.312   2.384   1.82    2.208   1.812   1.9519  0.056
  2.136   1.7959  1.084   2.22    0.804   2.228   2.096   1.58    1.588
  1.684   0.508   1.6359  1.8199  2.088   1.4079  1.208   0.276   1.68
  0.68    1.656   1.816   2.172   1.764   2.052   1.932   1.764   1.7079
  1.652   1.764   1.672   2.168   1.3479  1.564   2.156   2.148   0.736
  1.7079  1.664   1.632   1.488   1.78    2.208   1.46    2.216   2.372
  1.836   2.172   1.26    1.8239  1.644   1.604   1.776   2.168   2.2
  2.38    1.628   1.564   1.688   1.3279  1.688   1.408   1.828   1.428
  1.7359  1.768   1.652   2.26    1.652   1.724   1.96    1.228   2.328
  1.952   1.584   2.3     2.132   1.164   2.32    0.22    1.664   0.4799
  0.7399  2.272   1.528   1.792   0.584   1.208   1.4     2.188   1.652
  2.1679  1.66    1.988   1.224   1.508   1.292   2.324   1.68    2.28
  2.348   1.34    1.676   2.076   1.752   2.14    1.756   0.816   2.436
  1.336   2.2999  1.608   1.996   2.12    1.784   1.64    1.536   2.152
  0.1759  0.884   1.556   1.072   2.284   2.216   1.072   1.0639  1.272
  2.04    2.16    1.7     1.424   2.168   2.352   1.416   1.5879  2.136
  2.108   1.276   2.272   2.168   2.16    1.716   1.668   2.208   1.752
  2.14    2.104   0.66    1.58    2.248   1.788   1.6679  1.724   1.616
  1.316   2.256   1.76    1.712   1.84    1.368   2.192   2.1     0.6319
  1.876   1.796   2.18    0.2199  1.916   1.72    2.136   1.332   1.844
  2.044   1.6     2.072   2.328   1.312   1.232   1.412   1.876   1.616
  1.672   0.992   0.756   1.812   1.776   2.168   2.228   2.156   2.248
  1.2879  1.44    1.996   2.156   2.328   2.268   1.38    1.768   1.108
  2.016   0.424   2.128   0.9759  0.772   1.34    1.68    1.592   1.256
  2.252   1.232   2.304   1.428   0.6479  2.148   0.796   0.2239  0.98
  1.692   1.256   1.644   2.252   2.348   2.184   0.7479  1.636   2.056
  2.252   2.296   1.604   2.324   2.228   1.024   2.1359  1.292   2.148
  1.7     2.344   2.068   2.224   2.164   2.416   2.22    1.24    2.28
  1.712 ]","[-3.728  -4.18   -3.324  -0.94   -1.988  -0.392  -0.572   0.036  -0.224
  0.6441  1.312   1.16    1.32    1.864   1.436   2.272   1.828   2.304
  1.476   2.052   2.3     2.324   2.088   2.084   2.484   2.056   2.52
  2.42    2.228   2.32    2.524   2.392   2.532   2.556   2.38    2.32
  2.396   2.36    2.576   2.388   2.424   2.384   2.428   2.528   2.588
  2.432   2.524   2.62    2.588   2.624   2.512   2.536   2.604   2.536
  2.632   2.632   2.576   2.532   2.696   2.604   2.656   2.62    2.6401
  2.668   2.572   2.632   2.608   2.536   2.64    2.532   2.576   2.552
  2.56    2.444   2.552   2.432   2.5281  2.408   2.488   2.544   2.632
  2.612   2.496   2.476   2.424   2.48    2.468   2.476   2.396   2.292
  2.428   2.544   2.452   2.592   2.312   2.448   2.58    2.332   2.46
  2.6     2.416   2.476   2.484   2.548   2.496   2.36    2.544   2.424
  2.5     2.532   2.544   2.452   2.512   2.452   2.544   2.556   2.588
  2.572   2.5     2.376   2.408   2.384   2.52    2.324   2.528   2.456
  2.396   2.512   2.496   2.4     2.388   2.484   2.432   2.452   2.26
  2.336   2.36    2.404   2.484   2.464   2.54    2.416   2.48    2.408
  2.42    2.408   2.344   2.488   2.388   2.428   2.476   2.464   2.392
  2.4801  2.516   2.42    2.544   2.432   2.48    2.424   2.492   2.548
  2.408   2.616   2.5     2.48    2.364   2.4841  2.236   2.356   2.48
  2.572   2.22    2.508   2.412   2.332   2.416   2.392   2.428   2.42
  2.492   2.408   2.46    2.512   2.484   2.516   2.54    2.44    2.528
  2.452   2.504   2.3521  2.468   2.468   2.544   2.376   2.56    2.472
  2.548   2.48    2.4441  2.408   2.428   2.428   2.556   2.5     2.472
  2.48    2.508   2.528   2.376   2.552   2.464   2.46    2.484   2.468
  2.4     2.572   2.452   2.428   2.524   2.468   2.24    2.4721  2.508
  2.384   2.468   2.464   2.416   2.544   2.472   2.38    2.548   2.476
  2.372   2.52    2.0121  2.408   2.388   2.54    2.496   2.356   2.492
  2.444   2.324   2.424   2.448   2.476   2.52    2.496   2.56    2.464
  2.376   2.492   2.424   2.408   2.456   2.256   2.396   2.288   2.46
  2.0961  2.464   2.4121  2.472   2.164   2.528   2.46    2.42    2.5721
  2.412   2.452   2.4     2.432   2.532   2.596   2.612   2.584   2.504
  2.328   2.584   2.544   2.444   2.484   2.356   2.432   2.408   2.52
  2.272   2.504   2.448   2.4     2.432   2.384   2.368   2.38    2.452
  2.26    2.496   2.356   2.116   2.412   2.428   2.284   2.328   2.44
  2.416   2.344   2.424   2.512   2.368   2.332   2.492   2.4     2.3401
  2.492   2.284   2.508   2.36    2.4561  2.38    2.492   2.468   2.48
  2.48    2.388   2.452   2.36    2.512   2.292   2.48    2.548   2.404
  2.556   2.496   2.444   2.4     2.516   2.468   2.328   2.132   2.512
  2.436   2.556   2.404   2.524   2.428   2.476   2.38    2.468   2.532
  2.376   2.548   2.348   2.428   2.508   2.372   2.392   2.528   2.476
  2.48    2.416   2.316   2.528   2.52    2.556   2.428   2.64    2.456
  2.468   2.456   2.516   2.3281  2.412   2.36    2.32    2.316   2.532
  2.396   2.6     2.556   2.532   2.548   2.448   2.488   2.452   2.28
  2.416   2.46    2.528   2.436   2.444   2.44    2.464   2.436   2.412
  2.496   2.476   2.376   2.42    2.408   2.18    2.468   2.476   2.388
  2.572   2.512   2.192   2.58    2.58    2.468   2.456   2.42    2.58
  2.588   2.504   2.432   2.448   2.528   2.58    2.504   2.404   2.392
  2.48    2.2281  2.516   2.488   2.404   2.384   2.476   2.484   2.46
  2.5721  2.46    2.26    2.408   2.484   2.3761  2.532   2.484   2.408
  2.456   2.476   2.432   2.56    2.572   2.4     2.44    2.44    2.384
  2.52    2.224   2.436   2.608   2.484   2.504   2.484   2.488   2.448
  2.584   2.444   2.444   2.424   2.44    2.504   2.584   2.48    2.524
  2.432   2.528   2.172   2.612   2.336   2.464   2.472   2.456   2.44
  2.548   2.404   2.5     2.444   2.372   2.26    2.44    2.472   2.508
  2.456   2.472   2.564   2.46    2.476   2.444   2.524   2.46    2.464
  2.512   2.432   2.428   2.42    2.584   2.42    2.428   2.532   2.48
  2.404   2.464   2.372   2.512   2.4081  2.456   2.448   2.496   2.54
  2.552   2.352   2.508   2.456   2.54    2.408   2.452   2.604   2.512
  2.524   2.476   2.52    2.536   2.476   2.42    2.416   2.524   2.44
  2.404   2.376   2.42    2.456   2.436   2.604   2.536   2.472   2.504
  2.436   2.472   2.572   2.62    2.348   2.5     2.416   2.48    2.44
  2.388   2.236   2.432   2.4     2.432   2.564   2.464   2.316   2.536
  2.564   2.5     2.54    2.484   2.476   2.524   2.524   2.492   2.484
  2.588   2.448   2.508   2.364   2.408   2.376   2.364   2.436   2.448
  2.512   2.536   2.468   2.58    2.432   2.564   2.416   2.416   2.516
  2.408   2.484   2.472   2.512   2.472   2.5     2.556   2.528   2.5
  2.3681  2.4721  2.48    2.532   2.356   2.46    2.336   2.264   2.36
  2.532   2.456   2.472   2.42    2.3     2.404   2.204   2.56    2.392
  2.34    2.276   2.4721  2.472   2.568   2.528   2.424   2.4801  2.496
  2.44    2.388   2.356   2.528   2.456   2.36    2.544   2.36    2.464
  2.548   2.496   2.512   2.372   2.424   2.488   2.4281  2.572   2.568
  2.484   2.528   2.408   2.62    2.468   2.548   2.46    2.488   2.46
  2.404   2.44    2.464   2.612   2.4441  2.508   2.5521  2.368   2.468
  2.436   2.5041  2.512   2.524   2.456   2.472   2.28    2.276   2.368
  2.268   2.512   2.4521  2.34    2.3     2.512   2.456   2.492   2.284
  2.396   2.472   2.576   2.48    2.456   2.492   2.38    2.104   2.488
  2.248   2.556   2.3881  2.292   2.56    2.396   2.372   2.616   2.376
  2.5     2.54    2.512   2.3041  2.4281  2.332   2.424   2.484   2.552
  2.364   2.468   2.4201  2.376   2.452   2.468   2.436   2.448   2.488
  2.524   2.476   2.428   2.46    2.456   2.492   2.528   2.396   2.52
  2.348   2.48    2.348   2.408   2.36    2.456   2.328   2.484   2.28
  2.328   2.452   2.56    2.456   2.504   2.5761  2.5001  2.344   2.428
  2.448   2.528   2.52    2.492   2.536   2.4721  2.472   2.62    2.488
  2.4401  2.46    2.488   2.6     2.44    2.516   2.504   2.464   2.316
  2.58    2.632   2.3761  2.48    2.496   2.512   2.504   2.428   2.388
  2.448   2.24    2.484   2.5     2.46    2.568   2.412   2.36    2.416
  2.18    2.424   2.62    2.444   2.508   2.464   2.568   2.524   2.46
  2.42    2.48    2.424   2.464   2.44    2.512   2.508   2.484   2.48
  2.532   2.352   2.484   2.364   2.536   2.512   2.484   2.524   2.612
  2.556   2.42    2.416   2.528   2.48    2.444   2.508   2.468   2.528
  2.528   2.44    2.532   2.544   2.4481  2.44    2.484   2.532   2.36
  2.416   2.5     2.48    2.48    2.432   2.468   2.5     2.36    2.548
  2.388   2.376   2.54    2.396   2.512   2.54    2.348   2.516   2.392
  2.128   2.492   2.408   2.476   2.08    2.324   2.428   2.492   2.356
  2.472   2.392   2.472   2.36    2.34    2.456   2.556   2.396   2.524
  2.532   2.46    2.444   2.372   2.496   2.408   2.464   2.532   2.608
  2.34    2.528   2.344   2.412   2.48    2.42    2.404   2.476   2.428
  2.288   2.504   2.484   2.348   2.596   2.464   2.384   2.336   2.44
  2.564   2.46    2.44    2.428   2.472   2.544   2.468   2.436   2.448
  2.48    2.472   2.508   2.508   2.38    2.456   2.468   2.44    2.48
  2.392   2.428   2.248   2.468   2.544   2.488   2.5     2.448   2.456
  2.392   2.524   2.576   2.52    2.584   2.368   2.484   2.372   2.344
  2.528   2.54    2.42    2.348   2.368   2.492   2.472   2.42    2.444
  2.38    2.412   2.44    2.488   2.472   2.316   2.484   2.404   2.396
  2.44    2.276   2.424   2.54    2.496   2.424   2.524   2.404   2.532
  2.4001  2.368   2.372   2.416   2.508   2.524   2.416   2.4401  2.4001
  2.512   2.384   2.492   2.364   2.404   2.388   2.544   2.396   2.336
  2.508   2.324   2.54    2.432   2.428   2.356   2.404   2.24    2.348
  2.48    2.356   2.384   2.464   2.508   2.444   2.408   2.432   2.396
  2.448   2.552   2.348   2.552   2.476   2.372   2.352   2.372   2.452
  2.488   2.512   2.468   2.472   2.404   2.624   2.448   2.456   2.5
  2.476 ]"
3,A2,TMaze-DQN-fta,"[     0    300    600    900   1200   1500   1800   2100   2400   2700
   3000   3300   3600   3900   4200   4500   4800   5100   5400   5700
   6000   6300   6600   6900   7200   7500   7800   8100   8400   8700
   9000   9300   9600   9900  10200  10500  10800  11100  11400  11700
  12000  12300  12600  12900  13200  13500  13800  14100  14400  14700
  15000  15300  15600  15900  16200  16500  16800  17100  17400  17700
  18000  18300  18600  18900  19200  19500  19800  20100  20400  20700
  21000  21300  21600  21900  22200  22500  22800  23100  23400  23700
  24000  24300  24600  24900  25200  25500  25800  26100  26400  26700
  27000  27300  27600  27900  28200  28500  28800  29100  29400  29700
  30000  30300  30600  30900  31200  31500  31800  32100  32400  32700
  33000  33300  33600  33900  34200  34500  34800  35100  35400  35700
  36000  36300  36600  36900  37200  37500  37800  38100  38400  38700
  39000  39300  39600  39900  40200  40500  40800  41100  41400  41700
  42000  42300  42600  42900  43200  43500  43800  44100  44400  44700
  45000  45300  45600  45900  46200  46500  46800  47100  47400  47700
  48000  48300  48600  48900  49200  49500  49800  50100  50400  50700
  51000  51300  51600  51900  52200  52500  52800  53100  53400  53700
  54000  54300  54600  54900  55200  55500  55800  56100  56400  56700
  57000  57300  57600  57900  58200  58500  58800  59100  59400  59700
  60000  60300  60600  60900  61200  61500  61800  62100  62400  62700
  63000  63300  63600  63900  64200  64500  64800  65100  65400  65700
  66000  66300  66600  66900  67200  67500  67800  68100  68400  68700
  69000  69300  69600  69900  70200  70500  70800  71100  71400  71700
  72000  72300  72600  72900  73200  73500  73800  74100  74400  74700
  75000  75300  75600  75900  76200  76500  76800  77100  77400  77700
  78000  78300  78600  78900  79200  79500  79800  80100  80400  80700
  81000  81300  81600  81900  82200  82500  82800  83100  83400  83700
  84000  84300  84600  84900  85200  85500  85800  86100  86400  86700
  87000  87300  87600  87900  88200  88500  88800  89100  89400  89700
  90000  90300  90600  90900  91200  91500  91800  92100  92400  92700
  93000  93300  93600  93900  94200  94500  94800  95100  95400  95700
  96000  96300  96600  96900  97200  97500  97800  98100  98400  98700
  99000  99300  99600  99900 100200 100500 100800 101100 101400 101700
 102000 102300 102600 102900 103200 103500 103800 104100 104400 104700
 105000 105300 105600 105900 106200 106500 106800 107100 107400 107700
 108000 108300 108600 108900 109200 109500 109800 110100 110400 110700
 111000 111300 111600 111900 112200 112500 112800 113100 113400 113700
 114000 114300 114600 114900 115200 115500 115800 116100 116400 116700
 117000 117300 117600 117900 118200 118500 118800 119100 119400 119700
 120000 120300 120600 120900 121200 121500 121800 122100 122400 122700
 123000 123300 123600 123900 124200 124500 124800 125100 125400 125700
 126000 126300 126600 126900 127200 127500 127800 128100 128400 128700
 129000 129300 129600 129900 130200 130500 130800 131100 131400 131700
 132000 132300 132600 132900 133200 133500 133800 134100 134400 134700
 135000 135300 135600 135900 136200 136500 136800 137100 137400 137700
 138000 138300 138600 138900 139200 139500 139800 140100 140400 140700
 141000 141300 141600 141900 142200 142500 142800 143100 143400 143700
 144000 144300 144600 144900 145200 145500 145800 146100 146400 146700
 147000 147300 147600 147900 148200 148500 148800 149100 149400 149700
 150000 150300 150600 150900 151200 151500 151800 152100 152400 152700
 153000 153300 153600 153900 154200 154500 154800 155100 155400 155700
 156000 156300 156600 156900 157200 157500 157800 158100 158400 158700
 159000 159300 159600 159900 160200 160500 160800 161100 161400 161700
 162000 162300 162600 162900 163200 163500 163800 164100 164400 164700
 165000 165300 165600 165900 166200 166500 166800 167100 167400 167700
 168000 168300 168600 168900 169200 169500 169800 170100 170400 170700
 171000 171300 171600 171900 172200 172500 172800 173100 173400 173700
 174000 174300 174600 174900 175200 175500 175800 176100 176400 176700
 177000 177300 177600 177900 178200 178500 178800 179100 179400 179700
 180000 180300 180600 180900 181200 181500 181800 182100 182400 182700
 183000 183300 183600 183900 184200 184500 184800 185100 185400 185700
 186000 186300 186600 186900 187200 187500 187800 188100 188400 188700
 189000 189300 189600 189900 190200 190500 190800 191100 191400 191700
 192000 192300 192600 192900 193200 193500 193800 194100 194400 194700
 195000 195300 195600 195900 196200 196500 196800 197100 197400 197700
 198000 198300 198600 198900 199200 199500 199800 200100 200400 200700
 201000 201300 201600 201900 202200 202500 202800 203100 203400 203700
 204000 204300 204600 204900 205200 205500 205800 206100 206400 206700
 207000 207300 207600 207900 208200 208500 208800 209100 209400 209700
 210000 210300 210600 210900 211200 211500 211800 212100 212400 212700
 213000 213300 213600 213900 214200 214500 214800 215100 215400 215700
 216000 216300 216600 216900 217200 217500 217800 218100 218400 218700
 219000 219300 219600 219900 220200 220500 220800 221100 221400 221700
 222000 222300 222600 222900 223200 223500 223800 224100 224400 224700
 225000 225300 225600 225900 226200 226500 226800 227100 227400 227700
 228000 228300 228600 228900 229200 229500 229800 230100 230400 230700
 231000 231300 231600 231900 232200 232500 232800 233100 233400 233700
 234000 234300 234600 234900 235200 235500 235800 236100 236400 236700
 237000 237300 237600 237900 238200 238500 238800 239100 239400 239700
 240000 240300 240600 240900 241200 241500 241800 242100 242400 242700
 243000 243300 243600 243900 244200 244500 244800 245100 245400 245700
 246000 246300 246600 246900 247200 247500 247800 248100 248400 248700
 249000 249300 249600 249900 250200 250500 250800 251100 251400 251700
 252000 252300 252600 252900 253200 253500 253800 254100 254400 254700
 255000 255300 255600 255900 256200 256500 256800 257100 257400 257700
 258000 258300 258600 258900 259200 259500 259800 260100 260400 260700
 261000 261300 261600 261900 262200 262500 262800 263100 263400 263700
 264000 264300 264600 264900 265200 265500 265800 266100 266400 266700
 267000 267300 267600 267900 268200 268500 268800 269100 269400 269700
 270000 270300 270600 270900 271200 271500 271800 272100 272400 272700
 273000 273300 273600 273900 274200 274500 274800 275100 275400 275700
 276000 276300 276600 276900 277200 277500 277800 278100 278400 278700
 279000 279300 279600 279900 280200 280500 280800 281100 281400 281700
 282000 282300 282600 282900 283200 283500 283800 284100 284400 284700
 285000 285300 285600 285900 286200 286500 286800 287100 287400 287700
 288000 288300 288600 288900 289200 289500 289800 290100 290400 290700
 291000 291300 291600 291900 292200 292500 292800 293100 293400 293700
 294000 294300 294600 294900 295200 295500 295800 296100 296400 296700
 297000 297300 297600 297900 298200 298500 298800 299100 299400 299700]","[-6.324e+00 -7.768e+00 -4.972e+00 -3.284e+00 -5.440e-01 -7.840e-01
  2.200e-01  1.276e+00  4.040e-01 -1.240e-01  4.480e-01  1.472e+00
  1.280e+00 -5.120e-01  8.800e-02 -5.200e-02  3.000e-01 -1.480e-01
  1.432e+00  1.120e-01  8.120e-01 -1.640e-01 -1.480e-01  4.400e-01
  3.160e-01  8.920e-01  1.304e+00  7.160e-01  2.680e-01 -1.640e-01
  1.268e+00  8.720e-01  1.104e+00  4.480e-01  2.720e-01  8.800e-01
 -3.320e-01 -7.600e-02  1.092e+00  2.040e-01  1.100e+00  4.440e-01
 -1.356e+00 -1.440e-01  4.280e-01  2.640e-01  8.560e-01  1.600e-01
  6.800e-01  2.400e-02  9.080e-01 -1.840e-01  2.520e-01  8.440e-01
  2.520e-01 -3.360e-01  6.400e-02  1.960e-01  8.360e-01  7.960e-01
  5.200e-02  4.000e-02 -1.360e-01  1.144e+00  6.760e-01  2.720e-01
  6.880e-01  4.400e-01 -1.560e-01  2.640e-01  1.436e+00  2.560e-01
  6.560e-01  2.040e-01 -4.000e-02  4.720e-01  5.000e-01  6.320e-01
  4.640e-01  1.232e+00  8.280e-01 -5.040e-01  6.400e-01 -3.880e-01
  1.428e+00  2.480e-01  2.000e-02  3.600e-02  2.960e-01 -1.440e-01
  4.440e-01 -5.720e-01  2.160e-01  7.160e-01 -3.560e-01  6.840e-01
  6.520e-01  1.072e+00 -1.760e-01  6.800e-02  4.680e-01  8.640e-01
  8.360e-01 -1.360e-01  4.880e-01  6.760e-01  8.680e-01 -3.280e-01
  4.560e-01  2.960e-01  1.060e+00 -5.520e-01  4.280e-01 -1.120e-01
  8.680e-01  3.200e-02  5.040e-01  4.880e-01  2.080e-01  5.000e-01
 -3.840e-01 -1.600e-01  4.800e-01  5.600e-02  3.000e-01  6.000e-02
  4.320e-01  6.920e-01  1.044e+00  1.040e-01 -1.800e-01  1.288e+00
  2.400e-01 -1.160e-01  1.056e+00  2.920e-01 -3.840e-01 -1.280e-01
 -4.880e-01  4.800e-02  8.800e-02 -3.600e-01  5.160e-01  7.200e-01
  1.320e-01  4.240e-01  9.000e-01  4.560e-01  2.800e-01 -1.160e-01
  1.068e+00 -1.760e-01  5.040e-01  8.760e-01  1.092e+00  8.040e-01
  4.800e-01  1.240e-01  5.200e-02  4.520e-01  5.200e-02  1.276e+00
  2.440e-01  6.680e-01  6.440e-01  1.016e+00 -1.120e-01  4.480e-01
 -5.520e-01  7.960e-01  2.200e-01  2.200e-01 -4.800e-01  6.880e-01
  4.800e-01  4.840e-01  4.360e-01  6.800e-02  5.240e-01  6.760e-01
 -1.840e-01  8.080e-01  6.880e-01  4.800e-01  6.640e-01  4.160e-01
  5.200e-02  4.840e-01 -1.600e-02  7.040e-01  9.000e-01  1.120e-01
  2.520e-01  6.760e-01  6.760e-01  2.400e-01  6.920e-01  5.240e-01
  2.840e-01 -3.960e-01  8.960e-01  2.680e-01  1.244e+00 -3.480e-01
  1.440e+00  4.640e-01  2.960e-01  6.440e-01  4.520e-01  2.560e-01
  6.240e-01 -8.960e-01 -1.720e-01  2.720e-01  6.920e-01  6.880e-01
  1.284e+00 -3.360e-01  4.840e-01  8.520e-01  6.600e-01 -3.320e-01
  4.600e-01  6.560e-01  2.640e-01  1.800e+00  8.400e-01  6.000e-01
  6.400e-02  6.000e-02 -5.080e-01  5.200e-02  8.200e-01  8.480e-01
  1.076e+00 -3.840e-01 -3.480e-01  6.000e-02 -1.400e-01  1.088e+00
 -9.200e-02  1.320e+00 -1.040e-01 -1.400e-01 -3.440e-01  2.880e-01
 -1.480e-01 -1.960e-01  6.000e-02  1.336e+00  2.480e-01  4.480e-01
  6.800e-01 -1.360e-01  4.520e-01  4.560e-01  6.720e-01  8.000e-03
  3.240e-01  1.088e+00  8.880e-01  4.960e-01  2.480e-01  2.920e-01
  2.320e-01  5.600e-02  1.104e+00  4.920e-01 -3.160e-01  2.960e-01
 -1.400e-01  6.560e-01  2.040e-01  6.640e-01  1.300e+00  8.000e-02
  6.640e-01  8.440e-01  1.200e-02  1.292e+00  8.000e-02  1.108e+00
  2.640e-01 -3.560e-01  9.240e-01  1.000e-01  4.720e-01  8.520e-01
  6.520e-01  8.760e-01 -5.240e-01  6.400e-02 -3.560e-01 -2.920e-01
 -1.560e-01  4.560e-01 -3.320e-01  6.760e-01  8.600e-01 -5.320e-01
  5.200e-02  1.052e+00  2.760e-01  6.720e-01  8.920e-01  3.040e-01
  6.800e-02  4.480e-01  1.260e+00 -1.360e-01  8.600e-01  9.080e-01
  8.400e-02  4.600e-01  2.160e-01  4.120e-01  7.080e-01  8.640e-01
  8.720e-01  1.096e+00 -1.280e-01 -1.200e-01  6.680e-01 -3.240e-01
  4.640e-01  4.800e-02  3.120e-01 -3.240e-01  6.680e-01  1.600e-02
  8.520e-01  8.000e-02  6.720e-01  2.320e-01  8.800e-01  2.920e-01
  4.880e-01  8.160e-01  4.840e-01  6.840e-01  1.068e+00 -1.800e-01
  8.600e-01  1.268e+00  4.800e-02  6.400e-01  1.096e+00 -8.600e-01
  4.960e-01  7.600e-02  1.244e+00  2.840e-01  4.640e-01 -1.080e-01
  6.600e-01  6.400e-01 -3.160e-01  1.088e+00  6.920e-01  2.280e-01
  9.200e-02  2.120e-01  2.080e-01 -1.096e+00  8.040e-01  5.040e-01
  4.880e-01 -5.200e-01 -5.320e-01 -1.560e-01 -2.800e-01  4.920e-01
  7.200e-02 -5.680e-01 -5.120e-01  6.440e-01  4.880e-01  8.720e-01
  5.280e-01 -1.800e-01  4.800e-01  6.400e-02  1.304e+00  2.760e-01
  8.560e-01 -1.120e-01  2.640e-01  6.600e-01  5.080e-01  4.520e-01
  7.840e-01  5.000e-01 -4.080e-01  2.400e-01  4.640e-01  7.120e-01
  3.600e-02  2.680e-01  8.720e-01  8.000e-02 -7.320e-01  2.960e-01
  1.208e+00  4.440e-01  2.680e-01  6.800e-01 -3.520e-01  7.040e-01
  6.960e-01  6.960e-01  2.600e-01 -9.200e-02  2.000e-01  4.240e-01
  1.100e+00  1.292e+00 -1.480e-01  8.680e-01  1.092e+00 -1.600e-01
  6.880e-01  8.600e-01 -7.360e-01  7.280e-01 -1.080e-01  1.252e+00
  6.520e-01  8.600e-01 -8.800e-02  8.960e-01 -1.400e-01 -5.600e-02
 -1.560e-01 -1.320e-01  2.480e-01  4.000e-01  1.160e-01 -1.120e-01
  6.560e-01  4.880e-01  7.000e-01 -9.200e-02  6.400e-01  5.000e-01
  1.620e+00  2.920e-01  4.000e-02  6.600e-01 -1.200e-01  8.760e-01
  6.600e-01  4.720e-01  6.520e-01  2.800e-01  1.276e+00  6.560e-01
 -6.920e-01 -4.000e-01 -1.480e-01  2.400e-01  4.760e-01 -1.120e-01
  4.360e-01  7.120e-01  1.304e+00  8.760e-01  4.400e-01  8.800e-01
 -6.000e-02  1.120e-01  4.240e-01  4.800e-02 -1.360e-01  4.640e-01
  4.440e-01  1.428e+00  4.360e-01  8.760e-01 -8.000e-02  4.800e-01
  1.076e+00  1.032e+00  6.320e-01  8.320e-01  7.080e-01  8.960e-01
  7.200e-02  7.600e-02  1.048e+00  8.320e-01  6.520e-01  1.120e-01
  1.600e-01  4.720e-01  2.000e-01  1.208e+00  2.920e-01  1.124e+00
  8.600e-01  6.640e-01 -1.000e-01  3.200e-01  1.080e-01  6.000e-02
  8.920e-01  4.400e-01  1.240e+00  1.708e+00  2.680e-01  1.056e+00
 -1.440e-01 -4.920e-01  4.280e-01 -1.160e-01 -1.760e-01  6.760e-01
 -3.360e-01  8.000e-02  4.760e-01  4.520e-01  6.840e-01  8.520e-01
  4.680e-01 -4.200e-01  6.720e-01  8.400e-01 -1.200e-01  1.000e-01
  1.412e+00  2.680e-01  6.600e-01  2.400e-01  7.200e-01  4.360e-01
  4.920e-01 -3.160e-01  7.080e-01  8.280e-01  6.040e-01  6.520e-01
  8.400e-02  6.320e-01 -2.960e-01  8.520e-01 -7.600e-01  2.760e-01
  1.084e+00  1.084e+00  9.600e-02  5.600e-02  2.560e-01  1.276e+00
  4.080e-01  6.000e-02  7.000e-01  6.840e-01  6.760e-01  9.600e-02
  8.000e-02  4.360e-01  4.600e-01  7.200e-02  4.720e-01  2.840e-01
  1.412e+00  8.800e-02  6.800e-02  1.476e+00  8.920e-01 -5.600e-01
  2.640e-01  5.240e-01  1.468e+00  4.400e-01  8.520e-01  4.920e-01
 -1.520e-01  1.080e-01  8.680e-01  8.600e-01  4.760e-01  6.040e-01
 -1.600e-01  2.840e-01 -3.400e-01  7.200e-02 -1.240e-01  6.400e-02
  6.440e-01  4.000e-03 -7.160e-01 -3.680e-01  8.320e-01 -1.480e-01
  8.960e-01  6.960e-01  8.400e-02  6.560e-01 -7.120e-01 -3.120e-01
  8.800e-01 -7.600e-01  1.476e+00 -5.520e-01 -3.320e-01  1.060e+00
  3.280e-01  2.960e-01  2.400e-02  6.400e-02  2.600e-01  8.200e-01
 -1.480e-01  6.720e-01  1.272e+00 -1.320e-01  2.000e-02  1.208e+00
  8.520e-01  1.800e-01 -5.560e-01  6.760e-01  2.840e-01  6.720e-01
  8.800e-02  8.640e-01  4.080e-01 -5.400e-01  2.800e-01  2.880e-01
 -1.160e-01  7.080e-01  6.440e-01  1.068e+00  3.160e-01  6.440e-01
  1.052e+00  2.680e-01  4.000e-02  8.560e-01  1.484e+00  8.920e-01
  6.560e-01  6.720e-01  2.920e-01  6.360e-01  4.640e-01  1.024e+00
  6.800e-01  1.120e-01  1.252e+00  2.600e-01  1.080e-01  2.360e-01
  1.044e+00  6.800e-02  4.800e-02 -1.040e-01  5.000e-01  2.560e-01
  4.920e-01  1.200e-02 -4.880e-01 -1.080e-01  6.680e-01  7.040e-01
 -1.080e-01  6.520e-01 -1.520e-01  6.480e-01  1.080e-01  4.800e-01
  8.360e-01 -4.960e-01  4.160e-01  7.040e-01  1.272e+00  1.076e+00
  6.400e-01  2.400e-01 -4.960e-01  1.096e+00  6.720e-01 -5.360e-01
  1.068e+00  1.228e+00  8.400e-02  6.800e-01  3.040e-01  6.480e-01
  4.280e-01  4.960e-01  6.520e-01  1.068e+00  8.800e-01  2.800e-02
  4.520e-01  4.600e-01  8.600e-01  9.080e-01 -7.160e-01  8.680e-01
  6.360e-01  1.276e+00  6.600e-01  8.920e-01  8.360e-01  1.008e+00
  2.440e-01  4.920e-01  2.480e-01  6.760e-01  4.440e-01  4.880e-01
  6.800e-01  3.800e-01  4.760e-01  8.600e-01 -1.120e-01  7.200e-01
 -3.680e-01  3.040e-01 -1.040e-01 -1.400e-01  1.096e+00  6.600e-01
  2.560e-01  4.560e-01  6.680e-01  4.880e-01  2.840e-01  4.320e-01
  8.920e-01  6.560e-01 -5.080e-01  1.096e+00  8.680e-01  2.920e-01
  6.960e-01 -5.040e-01  5.320e-01  1.268e+00 -3.560e-01  9.080e-01
  2.640e-01  8.800e-01  1.060e+00  5.080e-01  4.760e-01  6.280e-01
  4.720e-01  3.040e-01  3.400e-01  6.160e-01  1.492e+00  2.120e-01
  3.920e-01  8.760e-01  3.120e-01 -1.200e-01  7.200e-02  8.840e-01
  6.400e-02 -1.440e-01  8.800e-01  6.600e-01 -2.640e-01 -4.920e-01
  2.960e-01 -1.160e-01 -7.600e-01  1.064e+00  8.840e-01  6.320e-01
 -5.120e-01 -1.000e-01  8.840e-01  4.680e-01  4.720e-01  6.600e-01
 -1.320e-01  4.400e-01  1.632e+00  2.360e-01  1.008e+00 -3.240e-01
 -6.880e-01  8.000e-02  1.088e+00  3.600e-02  1.280e+00  2.160e-01
  6.880e-01 -1.240e-01  1.080e-01 -5.440e-01  5.200e-02  2.280e-01
  4.680e-01  1.064e+00  8.520e-01  2.160e-01  8.680e-01 -1.000e-01
  6.480e-01  9.200e-02  1.080e+00  2.360e-01  1.312e+00  2.000e-01
  1.080e-01  2.400e-01 -1.280e-01  4.880e-01  6.920e-01  8.520e-01
  4.800e-02  1.100e+00  2.160e-01  1.000e-01  4.600e-01  1.052e+00
  8.840e-01 -1.400e-01  8.680e-01 -3.960e-01 -8.800e-02  1.868e+00
  4.080e-01  5.200e-01  1.076e+00  1.280e+00  8.800e-02  5.160e-01
  8.640e-01  4.000e-03  3.040e-01  2.640e-01  1.128e+00  7.000e-01
  2.560e-01  1.072e+00  7.000e-01 -5.800e-01  2.560e-01  9.200e-02
  7.080e-01  3.040e-01  8.800e-02  2.720e-01 -3.000e-01  6.160e-01
  9.600e-02 -8.000e-02 -3.040e-01  6.680e-01  2.800e-01  1.064e+00
  8.920e-01 -1.080e-01  1.288e+00  1.292e+00  6.560e-01  2.560e-01
  4.680e-01  1.000e-01  1.076e+00  6.360e-01  4.840e-01  1.000e-01
  5.040e-01  4.640e-01  2.760e-01  2.440e-01  7.200e-02 -1.440e-01
 -1.560e-01  4.000e-02  8.000e-02 -1.240e-01  1.320e-01  2.640e-01
 -5.680e-01  4.800e-01  6.960e-01  9.200e-02  6.800e-02  2.480e-01
  3.160e-01  4.640e-01 -6.640e-01  6.920e-01  5.600e-02  1.060e+00
  2.640e-01  7.040e-01  4.800e-01  4.200e-01  3.040e-01  6.600e-01
  6.480e-01  2.800e-02  1.080e+00  6.320e-01  4.400e-01  1.048e+00
  2.480e-01  8.800e-01  6.240e-01  1.296e+00 -1.840e-01 -3.160e-01
  2.760e-01  4.840e-01  4.400e-02 -1.360e-01  2.520e-01 -1.480e-01
  5.880e-01 -3.680e-01  6.280e-01  5.120e-01  9.000e-01  2.600e-01
  5.120e-01  4.520e-01  2.600e-01  6.720e-01  3.120e-01  4.840e-01
 -8.080e-01  7.160e-01  2.560e-01  1.024e+00  4.200e-01  6.640e-01
  5.120e-01  3.320e-01 -1.640e-01  1.040e-01  6.800e-01  4.840e-01
  8.160e-01  3.240e-01  6.480e-01 -2.360e-01  4.240e-01  4.800e-01
  1.100e+00 -1.440e-01 -3.320e-01  6.640e-01 -3.160e-01  8.720e-01
  6.000e-02  4.640e-01  2.520e-01  8.600e-01  3.040e-01  4.400e-01
 -9.160e-01 -8.000e-02  7.200e-02  8.400e-02 -5.080e-01  2.840e-01
 -1.480e-01 -3.440e-01  6.560e-01  4.200e-01  2.480e-01  3.040e-01
  4.840e-01  9.120e-01  1.072e+00  8.520e-01  7.160e-01  4.760e-01
  1.072e+00  5.200e-02  1.092e+00 -1.400e-01  5.120e-01  9.040e-01
  2.760e-01  3.040e-01  6.880e-01  1.032e+00  1.696e+00  4.520e-01
 -3.240e-01 -6.840e-01  1.068e+00  6.320e-01 -1.160e-01  8.960e-01
  8.040e-01 -1.560e-01  1.484e+00  5.160e-01]","[-8.2160e+00 -9.0760e+00 -7.1721e+00 -5.0761e+00 -2.2080e+00 -2.3080e+00
 -7.8800e-01  2.9990e-01 -5.6810e-01 -1.1080e+00 -5.6400e-01  4.7200e-01
  3.0000e-01 -1.3680e+00 -9.0800e-01 -1.0840e+00 -7.0400e-01 -1.1280e+00
  4.8400e-01 -8.9200e-01 -2.0400e-01 -1.1280e+00 -1.1320e+00 -5.6000e-01
 -6.9200e-01 -1.2400e-01  3.0800e-01 -2.8000e-01 -7.2400e-01 -1.1640e+00
  2.9200e-01 -1.2400e-01  1.1600e-01 -5.9200e-01 -7.4800e-01 -1.2800e-01
 -1.3121e+00 -1.0680e+00  1.0000e-01 -8.0800e-01  9.2000e-02 -5.8000e-01
 -2.0000e+00 -1.1280e+00 -5.6800e-01 -7.3600e-01 -1.4800e-01 -9.1200e-01
 -3.3600e-01 -9.5610e-01 -9.2000e-02 -1.1640e+00 -7.4800e-01 -1.4400e-01
 -7.4800e-01 -1.3160e+00 -9.3600e-01 -8.1600e-01 -1.7600e-01 -2.2000e-01
 -9.2800e-01 -9.6000e-01 -1.1120e+00  2.0000e-01 -3.2400e-01 -7.2400e-01
 -3.1600e-01 -5.7200e-01 -1.1321e+00 -7.2400e-01  4.4800e-01 -7.1600e-01
 -3.5600e-01 -7.9600e-01 -1.0200e+00 -5.2000e-01 -5.0800e-01 -3.5600e-01
 -5.3600e-01  1.9600e-01 -1.8000e-01 -1.3760e+00 -3.6400e-01 -1.3560e+00
  4.7200e-01 -7.7200e-01 -9.8810e-01 -9.6800e-01 -7.0400e-01 -1.1400e+00
 -5.5200e-01 -1.5280e+00 -7.6410e-01 -2.7600e-01 -1.3160e+00 -3.3200e-01
 -3.3600e-01  8.4000e-02 -1.1520e+00 -9.2400e-01 -5.4000e-01 -1.1200e-01
 -1.3600e-01 -1.1361e+00 -5.2000e-01 -3.2800e-01 -1.4800e-01 -1.2880e+00
 -5.2400e-01 -7.0400e-01  5.2000e-02 -1.3800e+00 -5.8000e-01 -1.0880e+00
 -1.1600e-01 -9.8800e-01 -5.0000e-01 -5.1200e-01 -8.0410e-01 -4.8410e-01
 -1.3520e+00 -1.1520e+00 -5.1600e-01 -9.3210e-01 -7.2010e-01 -9.3610e-01
 -5.5200e-01 -3.0800e-01  6.3900e-02 -8.9600e-01 -1.1320e+00  3.0000e-01
 -7.8000e-01 -1.1040e+00  6.0000e-02 -7.1600e-01 -1.3720e+00 -1.1120e+00
 -1.3280e+00 -9.4000e-01 -9.0410e-01 -1.3240e+00 -4.7200e-01 -2.8000e-01
 -8.6800e-01 -5.4400e-01 -9.6000e-02 -5.4800e-01 -7.3200e-01 -1.1040e+00
  8.0000e-02 -1.1760e+00 -4.8800e-01 -1.2000e-01  1.0400e-01 -2.0000e-01
 -5.3210e-01 -8.7600e-01 -9.5200e-01 -5.4800e-01 -9.5200e-01  3.0000e-01
 -7.7200e-01 -3.4800e-01 -3.6400e-01 -2.0000e-02 -1.1040e+00 -5.4400e-01
 -1.4600e+00 -2.4400e-01 -7.6410e-01 -7.9200e-01 -1.3161e+00 -3.0800e-01
 -5.1200e-01 -5.4000e-01 -5.5610e-01 -9.2800e-01 -4.8400e-01 -3.4800e-01
 -1.1760e+00 -1.8800e-01 -3.2400e-01 -5.3210e-01 -3.4000e-01 -5.8000e-01
 -9.5200e-01 -4.9600e-01 -1.0000e+00 -3.0400e-01 -9.6000e-02 -8.8410e-01
 -7.4800e-01 -3.2800e-01 -3.1600e-01 -7.4400e-01 -3.1200e-01 -4.6800e-01
 -7.3210e-01 -1.3481e+00 -1.1200e-01 -7.1610e-01  2.8400e-01 -1.3320e+00
  4.5200e-01 -5.3600e-01 -7.0000e-01 -3.4400e-01 -5.4400e-01 -7.1600e-01
 -3.6410e-01 -1.6840e+00 -1.1840e+00 -7.2000e-01 -3.1200e-01 -3.0800e-01
  2.9200e-01 -1.3200e+00 -5.0810e-01 -1.6000e-01 -3.2800e-01 -1.2960e+00
 -5.4400e-01 -3.4800e-01 -7.4400e-01  9.9600e-01 -1.6800e-01 -4.4800e-01
 -9.5600e-01 -9.2800e-01 -1.3520e+00 -9.5200e-01 -2.0400e-01 -1.6400e-01
  9.2000e-02 -1.3520e+00 -1.2801e+00 -9.3210e-01 -1.1241e+00  9.1900e-02
 -1.0840e+00  3.3600e-01 -1.0960e+00 -1.1240e+00 -1.3280e+00 -7.0400e-01
 -1.1400e+00 -1.2040e+00 -9.6000e-01  3.3200e-01 -7.4400e-01 -5.4800e-01
 -3.1600e-01 -1.1081e+00 -5.3600e-01 -5.4400e-01 -3.4800e-01 -9.6400e-01
 -6.6800e-01  1.0000e-01 -1.0400e-01 -5.1600e-01 -7.4810e-01 -7.0800e-01
 -7.5200e-01 -9.7200e-01  1.1600e-01 -5.0800e-01 -1.2880e+00 -7.0400e-01
 -1.1240e+00 -3.4800e-01 -7.7200e-01 -3.0800e-01  3.0400e-01 -9.0800e-01
 -3.4400e-01 -1.6410e-01 -9.9200e-01  3.1590e-01 -8.9200e-01  1.0800e-01
 -7.5600e-01 -1.3280e+00 -7.6000e-02 -9.1600e-01 -5.2800e-01 -1.6000e-01
 -3.5600e-01 -1.2400e-01 -1.3601e+00 -9.1600e-01 -1.2680e+00 -1.2720e+00
 -1.1400e+00 -5.4000e-01 -1.2800e+00 -3.2800e-01 -1.2400e-01 -1.3560e+00
 -9.3600e-01  5.6000e-02 -7.4800e-01 -3.3600e-01 -1.2800e-01 -7.0000e-01
 -9.0400e-01 -5.6810e-01  2.7600e-01 -1.1200e+00 -1.2800e-01 -8.4000e-02
 -8.9200e-01 -5.4000e-01 -8.0400e-01 -5.8400e-01 -2.8000e-01 -1.2000e-01
 -1.2000e-01  1.0000e-01 -1.0880e+00 -1.0921e+00 -3.2400e-01 -1.3000e+00
 -5.1200e-01 -9.4000e-01 -6.8800e-01 -1.2800e+00 -3.3600e-01 -9.7200e-01
 -1.5210e-01 -9.0010e-01 -3.4800e-01 -7.6800e-01 -1.0400e-01 -7.1200e-01
 -5.0000e-01 -1.8410e-01 -4.9600e-01 -3.3200e-01  6.4000e-02 -1.1560e+00
 -1.5210e-01  3.0800e-01 -9.3600e-01 -3.5200e-01  9.6000e-02 -1.6640e+00
 -5.0000e-01 -9.0800e-01  2.6390e-01 -7.0400e-01 -5.2400e-01 -1.0880e+00
 -3.4810e-01 -3.5200e-01 -1.3040e+00  9.6000e-02 -3.1200e-01 -7.6800e-01
 -8.9600e-01 -7.9600e-01 -7.6000e-01 -1.8761e+00 -1.7600e-01 -4.8400e-01
 -5.1200e-01 -1.3520e+00 -1.3520e+00 -1.1400e+00 -1.2440e+00 -5.1200e-01
 -8.9200e-01 -1.4240e+00 -1.4800e+00 -3.8000e-01 -4.8400e-01 -1.2000e-01
 -4.7600e-01 -1.1200e+00 -5.3200e-01 -9.2000e-01  3.2000e-01 -7.0010e-01
 -1.4800e-01 -1.0920e+00 -7.5600e-01 -3.5200e-01 -4.8800e-01 -5.4810e-01
 -2.0800e-01 -5.0400e-01 -1.3640e+00 -7.7600e-01 -5.2000e-01 -2.9600e-01
 -9.5200e-01 -7.4400e-01 -1.2400e-01 -8.9600e-01 -1.5480e+00 -6.9600e-01
  2.4400e-01 -5.5200e-01 -7.3200e-01 -3.2400e-01 -1.3200e+00 -3.0800e-01
 -3.2000e-01 -2.9200e-01 -7.4000e-01 -1.0720e+00 -8.3200e-01 -5.9600e-01
  1.0400e-01  3.0000e-01 -1.1161e+00 -1.4800e-01  1.1200e-01 -1.1560e+00
 -3.4400e-01 -1.4400e-01 -1.5600e+00 -2.8400e-01 -1.1120e+00  2.7200e-01
 -3.6400e-01 -1.5600e-01 -1.0800e+00 -1.1200e-01 -1.1280e+00 -1.0360e+00
 -1.1440e+00 -1.1240e+00 -7.6000e-01 -5.8400e-01 -8.9200e-01 -1.0840e+00
 -3.2800e-01 -5.1600e-01 -3.1200e-01 -1.0880e+00 -3.4400e-01 -5.0800e-01
  7.6400e-01 -7.2000e-01 -9.2400e-01 -3.5200e-01 -1.1120e+00 -1.2800e-01
 -3.4800e-01 -5.3200e-01 -3.5600e-01 -7.0010e-01  2.9200e-01 -3.5200e-01
 -1.5120e+00 -1.3600e+00 -1.1120e+00 -7.4800e-01 -5.1600e-01 -1.1000e+00
 -5.6410e-01 -3.0810e-01  3.2400e-01 -1.3600e-01 -5.4000e-01 -1.2400e-01
 -1.0520e+00 -8.7200e-01 -5.5200e-01 -9.3600e-01 -1.0920e+00 -5.2010e-01
 -5.8400e-01  4.6000e-01 -5.7200e-01 -1.5600e-01 -1.0800e+00 -5.4000e-01
  8.8000e-02  3.2000e-02 -3.9210e-01 -1.8400e-01 -2.9600e-01 -1.2000e-01
 -9.2000e-01 -9.3600e-01  6.4000e-02 -1.8000e-01 -3.6400e-01 -9.0000e-01
 -8.4400e-01 -5.2400e-01 -7.9200e-01  2.2800e-01 -7.0800e-01  1.3190e-01
 -1.2800e-01 -3.3210e-01 -1.0961e+00 -6.8400e-01 -8.9600e-01 -9.3200e-01
 -1.0800e-01 -5.5600e-01  2.8400e-01  7.2390e-01 -7.3200e-01  6.4000e-02
 -1.1280e+00 -1.4400e+00 -5.4400e-01 -1.1200e+00 -1.1520e+00 -3.4400e-01
 -1.3120e+00 -9.4800e-01 -5.1200e-01 -5.3200e-01 -3.0800e-01 -1.4000e-01
 -5.1600e-01 -1.4000e+00 -3.6000e-01 -1.6010e-01 -1.0920e+00 -8.8810e-01
  4.5590e-01 -7.4000e-01 -3.4800e-01 -7.6000e-01 -2.8800e-01 -5.8000e-01
 -4.9200e-01 -1.2960e+00 -2.8000e-01 -1.8800e-01 -4.2000e-01 -3.6400e-01
 -9.0400e-01 -3.7200e-01 -1.2560e+00 -1.5600e-01 -1.5520e+00 -7.4400e-01
  8.4000e-02  8.0000e-02 -9.0800e-01 -9.4410e-01 -7.5200e-01  3.0000e-01
 -5.8800e-01 -9.5200e-01 -3.0400e-01 -2.9600e-01 -3.2800e-01 -8.8810e-01
 -9.1600e-01 -5.7200e-01 -5.6800e-01 -9.1600e-01 -5.2800e-01 -7.3200e-01
  4.2000e-01 -9.0400e-01 -9.1600e-01  5.2000e-01 -1.2800e-01 -1.4801e+00
 -7.3600e-01 -4.6400e-01  5.0000e-01 -5.4000e-01 -1.8000e-01 -5.0000e-01
 -1.1281e+00 -8.8010e-01 -1.2800e-01 -1.6000e-01 -5.0810e-01 -4.0000e-01
 -1.1480e+00 -7.3610e-01 -1.3201e+00 -9.5200e-01 -1.0880e+00 -9.0800e-01
 -3.7600e-01 -9.8400e-01 -1.5480e+00 -1.2814e+00 -1.8400e-01 -1.1320e+00
 -9.6000e-02 -3.3200e-01 -9.2000e-01 -3.2400e-01 -1.5360e+00 -1.1664e+00
 -1.2000e-01 -1.5840e+00  5.0800e-01 -1.5160e+00 -1.2840e+00  7.6000e-02
 -6.6410e-01 -7.1600e-01 -9.9200e-01 -9.3200e-01 -7.4800e-01 -1.6400e-01
 -1.1400e+00 -3.0800e-01  2.8400e-01 -1.1160e+00 -9.4800e-01  2.3200e-01
 -1.4400e-01 -7.6400e-01 -1.4120e+00 -3.0400e-01 -7.0800e-01 -3.2000e-01
 -9.2400e-01 -1.3200e-01 -6.0000e-01 -1.3920e+00 -7.1200e-01 -7.2000e-01
 -1.0920e+00 -3.0800e-01 -3.3600e-01  5.2000e-02 -6.8800e-01 -3.6810e-01
  6.7900e-02 -7.1200e-01 -9.5600e-01 -1.6000e-01  5.0800e-01 -1.1600e-01
 -3.3200e-01 -3.3600e-01 -6.8400e-01 -3.8400e-01 -5.4400e-01  2.3900e-02
 -3.4400e-01 -8.8010e-01  2.4800e-01 -7.4000e-01 -9.1600e-01 -7.8000e-01
  5.6000e-02 -9.2400e-01 -9.3200e-01 -1.0880e+00 -4.8800e-01 -7.4000e-01
 -5.0800e-01 -9.7600e-01 -1.3482e+00 -1.0880e+00 -3.4000e-01 -2.8400e-01
 -1.1080e+00 -3.4000e-01 -1.1441e+00 -3.7600e-01 -8.7600e-01 -5.1600e-01
 -1.5600e-01 -1.3161e+00 -5.9200e-01 -2.9610e-01  2.7600e-01  8.8000e-02
 -3.5600e-01 -7.6400e-01 -1.3320e+00  1.0400e-01 -3.5600e-01 -1.4000e+00
  8.0000e-02  2.2400e-01 -9.2000e-01 -3.5200e-01 -6.8400e-01 -3.8800e-01
 -5.7600e-01 -5.1600e-01 -3.9200e-01  8.0000e-02 -1.2800e-01 -9.7200e-01
 -5.5200e-01 -5.6000e-01 -1.2800e-01 -7.6000e-02 -1.5360e+00 -1.2000e-01
 -3.8410e-01  2.5990e-01 -3.2800e-01 -1.0400e-01 -1.8400e-01  2.4000e-02
 -7.6000e-01 -5.0000e-01 -7.5200e-01 -3.1200e-01 -5.6000e-01 -5.2010e-01
 -3.1200e-01 -6.2400e-01 -5.3200e-01 -1.3600e-01 -1.1040e+00 -2.8410e-01
 -1.3241e+00 -7.0400e-01 -1.0760e+00 -1.1400e+00  1.0400e-01 -3.4400e-01
 -7.4410e-01 -5.2800e-01 -3.2000e-01 -5.1200e-01 -7.2400e-01 -5.4000e-01
 -1.1200e-01 -3.4800e-01 -1.3802e+00  9.2000e-02 -1.5610e-01 -7.1210e-01
 -3.0400e-01 -1.3560e+00 -4.6010e-01  2.6000e-01 -1.3360e+00 -1.1200e-01
 -7.5200e-01 -1.0800e-01  4.4000e-02 -4.9600e-01 -5.4400e-01 -3.8000e-01
 -5.3200e-01 -6.8400e-01 -6.6400e-01 -3.9600e-01  5.2800e-01 -7.8400e-01
 -6.1600e-01 -1.3600e-01 -6.9200e-01 -1.0960e+00 -9.4800e-01 -1.0400e-01
 -9.5610e-01 -1.1320e+00 -1.2800e-01 -3.5200e-01 -1.2440e+00 -1.3480e+00
 -6.9200e-01 -1.0880e+00 -1.5800e+00  5.9900e-02 -1.0800e-01 -3.9600e-01
 -1.3480e+00 -1.0840e+00 -1.3600e-01 -5.2400e-01 -5.4000e-01 -3.4000e-01
 -1.1080e+00 -5.6000e-01  6.8400e-01 -7.8000e-01 -8.0000e-03 -1.3120e+00
 -1.5000e+00 -9.0400e-01  8.8000e-02 -9.4800e-01  2.6400e-01 -7.8400e-01
 -3.1200e-01 -1.1080e+00 -8.8400e-01 -1.4041e+00 -9.6800e-01 -7.7200e-01
 -5.3600e-01  4.8000e-02 -1.4400e-01 -7.7600e-01 -1.2000e-01 -1.0920e+00
 -3.5600e-01 -9.0000e-01  7.2000e-02 -7.5200e-01  3.0000e-01 -7.8400e-01
 -8.9200e-01 -7.4800e-01 -1.1160e+00 -5.3210e-01 -3.3200e-01 -1.6400e-01
 -9.6010e-01  9.6000e-02 -7.6000e-01 -8.9200e-01 -5.4400e-01  5.2000e-02
 -1.2000e-01 -1.1200e+00 -1.4400e-01 -1.3761e+00 -1.0760e+00  1.0399e+00
 -5.8400e-01 -4.7200e-01  9.2000e-02  3.3200e-01 -9.0800e-01 -4.6800e-01
 -1.2400e-01 -1.0081e+00 -6.9600e-01 -7.3200e-01  1.2000e-01 -2.9600e-01
 -7.4000e-01  8.4000e-02 -3.1200e-01 -1.4521e+00 -7.4000e-01 -9.0400e-01
 -2.8400e-01 -7.0000e-01 -9.0000e-01 -7.3610e-01 -1.2480e+00 -3.8800e-01
 -8.9600e-01 -1.0841e+00 -1.2640e+00 -3.5600e-01 -7.1210e-01  6.0000e-02
 -1.0000e-01 -1.0960e+00  3.0800e-01  3.0790e-01 -3.6400e-01 -7.6000e-01
 -5.2800e-01 -8.9210e-01  8.8000e-02 -3.7200e-01 -5.2400e-01 -9.0400e-01
 -5.0800e-01 -5.5600e-01 -7.2000e-01 -7.6800e-01 -9.2400e-01 -1.1080e+00
 -1.1161e+00 -9.5200e-01 -9.1600e-01 -1.1040e+00 -8.5600e-01 -7.5200e-01
 -1.4200e+00 -5.4000e-01 -2.9600e-01 -9.1600e-01 -9.4400e-01 -7.4000e-01
 -6.8800e-01 -5.5200e-01 -1.4881e+00 -3.0800e-01 -9.3200e-01  7.6000e-02
 -7.5600e-01 -3.1200e-01 -5.3200e-01 -5.7200e-01 -7.0000e-01 -3.7200e-01
 -3.5200e-01 -9.6400e-01  1.0400e-01 -3.8800e-01 -5.6800e-01  6.4000e-02
 -7.4800e-01 -1.4400e-01 -3.6000e-01  2.5600e-01 -1.1601e+00 -1.2920e+00
 -7.2800e-01 -5.2400e-01 -9.4800e-01 -1.1320e+00 -7.4000e-01 -1.1320e+00
 -4.0000e-01 -1.3440e+00 -3.5210e-01 -4.8800e-01 -1.2400e-01 -7.1600e-01
 -4.8400e-01 -5.8800e-01 -7.4000e-01 -3.2000e-01 -7.0400e-01 -5.2000e-01
 -1.6280e+00 -2.7600e-01 -7.3200e-01  2.4000e-02 -6.1600e-01 -3.4400e-01
 -4.8400e-01 -6.7200e-01 -1.1440e+00 -9.0000e-01 -3.2800e-01 -5.2400e-01
 -1.8000e-01 -6.7600e-01 -3.4400e-01 -1.2240e+00 -5.8400e-01 -5.5210e-01
  1.0000e-01 -1.1361e+00 -1.3120e+00 -3.6400e-01 -1.3000e+00 -1.1600e-01
 -9.3600e-01 -5.4400e-01 -7.4800e-01 -1.4000e-01 -7.0400e-01 -5.6800e-01
 -1.7160e+00 -1.0800e+00 -9.2000e-01 -9.1200e-01 -1.3200e+00 -7.3200e-01
 -1.1600e+00 -1.3120e+00 -3.5200e-01 -5.9210e-01 -7.5200e-01 -6.9200e-01
 -5.1600e-01 -9.6000e-02  8.0000e-02 -1.4800e-01 -2.9600e-01 -5.3200e-01
  4.8000e-02 -9.6810e-01  8.8000e-02 -1.1200e+00 -4.9600e-01 -9.6000e-02
 -7.6000e-01 -7.0810e-01 -3.2400e-01  5.2000e-02  8.4370e-01 -5.6000e-01
 -1.3080e+00 -1.5120e+00  6.8000e-02 -3.6800e-01 -1.1201e+00 -8.8000e-02
 -1.9600e-01 -1.1520e+00  4.9200e-01 -4.6800e-01]","[-4.2239 -6.288  -2.648  -1.5719  1.      0.6161  1.2561  2.112   1.392
  0.892   1.468   2.296   2.132   0.492   1.088   1.064   1.312   0.88
  2.268   1.132   1.804   0.856   0.86    1.452   1.328   1.9     2.148
  1.704   1.272   0.8521  2.108   1.86    2.076   1.484   1.288   1.876
  0.676   0.928   2.068   1.216   2.092   1.456  -0.556   0.856   1.44
  1.272   1.832   1.248   1.688   1.024   1.896   0.828   1.244   1.82
  1.268   0.68    1.068   1.1881  1.832   1.788   1.0521  1.056   0.864
  2.0481  1.664   1.268   1.6801  1.456   0.844   1.248   2.288   1.236
  1.656   1.208   0.952   1.472   1.508   1.612   1.468   2.104   1.812
  0.492   1.64    0.6161  2.248   1.264   1.044   1.06    1.296   0.864
  1.44    0.428   1.208   1.712   0.664   1.7     1.628   2.044   0.828
  1.08    1.484   1.828   1.792   0.904   1.504   1.66    1.872   0.684
  1.444   1.3     2.0561  0.428   1.432   0.868   1.832   1.064   1.504
  1.48    1.228   1.488   0.636   0.8361  1.472   1.056   1.3281  1.068
  1.432   1.672   1.964   1.108   0.804   2.124   1.264   0.876   1.9041
  1.316   0.636   0.872   0.508   1.072   1.088   0.6361  1.504   1.712
  1.136   1.408   1.888   1.46    1.3     0.888   2.024   0.836   1.5
  1.8681  2.064   1.792   1.496   1.132   1.068   1.452   1.06    2.132
  1.264   1.68    1.648   2.016   0.896   1.436   0.444   1.804   1.212
  1.228   0.504   1.684   1.46    1.512   1.436   1.0841  1.536   1.696
  0.8241  1.78    1.688   1.4921  1.656   1.42    1.064   1.4721  1.012
  1.708   1.88    1.12    1.256   1.672   1.652   1.2321  1.688   1.52
  1.304   0.6241  1.888   1.252   2.084   0.66    2.28    1.468   1.292
  1.636   1.464   1.232   1.588   0.04    0.848   1.264   1.692   1.68
  2.116   0.668   1.472   1.844   1.644   0.66    1.476   1.644   1.28
  2.548   1.84    1.62    1.088   1.064   0.48    1.076   1.816   1.848
  2.044   0.596   0.644   1.0681  0.872   2.06    0.904   2.14    0.908
  0.8681  0.676   1.288   0.872   0.82    1.084   2.168   1.248   1.44
  1.66    0.856   1.424   1.456   1.68    1.004   1.332   2.048   1.872
  1.508   1.24    1.288   1.236   1.088   2.052   1.488   0.668   1.304
  0.8641  1.6521  1.212   1.64    2.1401  1.08    1.664   1.852   1.036
  2.152   1.064   2.0921  1.292   0.644   1.912   1.1281  1.468   1.86
  1.652   1.8641  0.472   1.06    0.628   0.708   0.848   1.456   0.664
  1.6721  1.84    0.4361  1.064   1.9921  1.304   1.672   1.892   1.3041
  1.072   1.468   2.1281  0.856   1.828   1.876   1.068   1.46    1.236
  1.4     1.696   1.82    1.86    2.0601  0.868   0.868   1.66    0.672
  1.448   1.064   1.308   0.652   1.664   1.028   1.8321  1.068   1.696
  1.244   1.824   1.304   1.4601  1.808   1.464   1.6961  1.9441  0.816
  1.832   2.084   1.044   1.62    1.9521 -0.0159  1.512   1.076   2.096
  1.284   1.456   0.892   1.676   1.632   0.704   2.0362  1.6881  1.232
  1.088   1.224   1.18   -0.268   1.768   1.5     1.4841  0.468   0.436
  0.872   0.712   1.492   1.044   0.44    0.476   1.664   1.452   1.856
  1.532   0.776   1.476   1.0561  2.1561  1.268   1.868   0.888   1.276
  1.656   1.504   1.448   1.74    1.504   0.584   1.252   1.456   1.716
  1.048   1.3     1.848   1.064   0.248   1.292   2.036   1.436   1.268
  1.66    0.644   1.708   1.712   1.688   1.264   0.904   1.228   1.464
  2.08    2.26    0.836   1.856   2.0561  0.86    1.7     1.852   0.248
  1.74    0.916   2.096   1.652   1.852   0.912   1.8681  0.868   0.94
  0.848   0.88    1.2521  1.38    1.128   0.888   1.644   1.496   1.704
  0.912   1.612   1.496   2.428   1.308   1.012   1.664   0.888   1.852
  1.66    1.472   1.664   1.276   2.1     1.664   0.2761  0.588   0.824
  1.248   1.48    0.892   1.436   1.72    2.1241  1.868   1.4281  1.872
  0.94    1.104   1.412   1.048   0.828   1.448   1.472   2.252   1.444
  1.892   0.9321  1.496   2.04    2.008   1.64    1.82    1.712   1.9
  1.068   1.104   2.      1.804   1.656   1.136   1.168   1.464   1.1961
  2.104   1.296   2.104   1.8281  1.652   0.912   1.328   1.12    1.068
  1.876   1.448   2.076   2.528   1.28    2.008   0.864   0.492   1.416
  0.92    0.84    1.676   0.68    1.12    1.468   1.436   1.676   1.844
  1.448   0.592   1.6921  1.828   0.868   1.108   2.236   1.284   1.66
  1.248   1.728   1.444   1.472   0.688   1.692   1.828   1.6241  1.664
  1.084   1.62    0.692   1.808   0.168   1.292   2.06    2.064   1.104
  1.056   1.276   2.096   1.396   1.088   1.692   1.652   1.676   1.088
  1.088   1.436   1.48    1.076   1.472   1.3001  2.256   1.1     1.08
  2.284   1.896   0.432   1.26    1.512   2.28    1.42    1.84    1.48
  0.856   1.12    1.852   1.868   1.476   1.592   0.856   1.316   0.668
  1.096   0.8601  1.0521  1.648   1.012   0.276   0.644   1.82    0.852
  1.876   1.712   1.088   1.64    0.276   0.6761  1.864   0.232   2.296
  0.444   0.668   2.008   1.328   1.304   1.0481  1.064   1.268   1.7521
  0.856   1.648   2.1     0.884   1.008   2.028   1.8321  1.18    0.416
  1.668   1.284   1.656   1.104   1.836   1.412   0.452   1.272   1.3
  0.872   1.708   1.624   2.056   1.324   1.64    1.888   1.256   1.044
  1.836   2.304   1.876   1.644   1.664   1.284   1.6281  1.464   1.98
  1.7     1.116   2.112   1.256   1.144   1.264   2.0041  1.068   1.036
  0.9     1.496   1.268   1.496   1.02    0.504   0.9     1.676   1.684
  0.908   1.64    0.8561  1.672   1.104   1.472   1.7921  0.496   1.424
  1.692   2.12    2.048   1.624   1.268   0.5     2.06    1.696   0.468
  2.032   2.092   1.096   1.712   1.296   1.68    1.444   1.52    1.672
  2.04    1.864   1.032   1.46    1.476   1.84    1.896   0.26    1.852
  1.64    2.132   1.652   1.8681  1.836   1.948   1.2561  1.488   1.26
  1.664   1.436   1.504   1.672   1.3961  1.488   1.848   0.9     1.716
  0.608   1.308   0.888   0.872   2.036   1.644   1.272   1.44    1.648
  1.492   1.292   1.412   1.884   1.676   0.492   2.0801  1.88    1.308
  1.696   0.508   1.52    2.128   0.648   1.924   1.288   1.872   2.032
  1.508   1.504   1.624   1.468   1.288   1.34    1.612   2.316   1.2
  1.388   1.8641  1.316   0.872   1.092   1.852   1.084   0.852   1.8801
  1.6601  0.74    0.516   1.296   0.868   0.212   2.044   1.872   1.64
  0.484   0.908   1.876   1.46    1.488   1.656   0.86    1.4441  2.428
  1.256   1.984   0.692   0.304   1.084   2.044   1.04    2.148   1.216
  1.6721  0.868   1.108   0.46    1.06    1.224   1.476   1.936   1.852
  1.216   1.856   0.9     1.64    1.096   2.04    1.244   2.16    1.204
  1.116   1.24    0.868   1.516   1.696   1.852   1.064   2.068   1.22
  1.096   1.46    2.032   1.88    0.856   1.876   0.636   0.92    2.64
  1.408   1.504   2.036   2.088   1.1     1.512   1.832   1.028   1.304
  1.256   2.116   1.692   1.252   2.028   1.704   0.42    1.248   1.1
  1.696   1.312   1.088   1.28    0.684   1.612   1.096   0.932   0.704
  1.688   1.288   2.0281  1.876   0.892   2.116   2.132   1.672   1.28
  1.468   1.108   2.044   1.656   1.488   1.1081  1.5041  1.476   1.272
  1.256   1.084   0.848   0.82    1.048   1.08    0.876   1.128   1.296
  0.424   1.516   1.684   1.1     1.088   1.26    1.324   1.468   0.324
  1.688   1.052   2.0241  1.288   1.716   1.484   1.412   1.316   1.684
  1.652   1.048   2.028   1.636   1.436   1.996   1.248   1.892   1.592
  2.16    0.808   0.68    1.284   1.496   1.04    0.876   1.2481  0.848
  1.572   0.656   1.612   1.524   1.912   1.248   1.512   1.484   1.272
  1.664   1.328   1.48    0.168   1.712   1.264   1.9921  1.456   1.664
  1.504   1.336   0.848   1.116   1.6721  1.488   1.804   1.332   1.636
  0.772   1.432   1.516   2.092   0.876   0.668   1.676   0.708   1.86
  1.068   1.4681  1.252   1.844   1.316   1.44    0.0401  0.928   1.08
  1.096   0.46    1.304   0.876   0.668   1.652   1.432   1.248   1.3
  1.472   1.912   2.036   1.84    1.724   1.492   2.068   1.08    2.068
  0.8561  1.512   1.892   1.304   1.316   1.684   1.9801  2.496   1.468
  0.672   0.3081  2.012   1.62    0.904   1.872   1.804   0.8441  2.312
  1.5041]"
